﻿<?xml version="1.0" encoding="utf-8"?>
<RunningMods>
  <Mod packageId="brrainz.harmony" />
  <Mod packageId="ludeon.rimworld" />
  <Mod packageId="ludeon.rimworld.royalty" />
  <Mod packageId="brrainz.achtung" />
  <Mod packageId="rudo.hairpiracy" />
  <Mod packageId="jelly.caravangear" />
  <Mod packageId="bbbbilly.phantomcore" />
  <Mod packageId="unlimitedhugs.hugslib" />
  <Mod packageId="troopersmith1.deathrattle" />
  <Mod packageId="sumghaicoalcat.defensivemachinegunturretpack" />
  <Mod packageId="dubwise.dubsbadhygiene" />
  <Mod packageId="mlie.fallouttraits" />
  <Mod packageId="fluffy.fluffybreakdowns" />
  <Mod packageId="erdelf.humanoidalienraces" />
  <Mod packageId="zylle.mapdesigner" />
  <Mod packageId="notfood.mendandrecycle" />
  <Mod packageId="orion.moremechanoids" />
  <Mod packageId="mlie.pickupandhaul" />
  <Mod packageId="haplo.powerswitch" />
  <Mod packageId="neceros.reinforcedwalls" />
  <Mod packageId="rimsenal.hair" />
  <Mod packageId="roolo.runandgun" />
  <Mod packageId="jecrell.jecstools" />
  <Mod packageId="torann.backuppower" />
  <Mod packageId="notfood.seedsplease" />
  <Mod packageId="vanillaexpanded.vcef" />
  <Mod packageId="vanillaexpanded.vee" />
  <Mod packageId="oskarpotocki.vanillafactionsexpanded.core" />
  <Mod packageId="oskarpotocki.vfe.mechanoid" />
  <Mod packageId="oskarpotocki.vanillafactionsexpanded.settlersmodule" />
  <Mod packageId="roolo.whatthehack" />
  <Mod packageId="com.yayo.combat3" />
  <Mod packageId="moretraitslots.kv.rw" />
  <Mod packageId="rimfridge.kv.rw" />
  <Mod packageId="syrchalis.setupcamp" />
  <Mod packageId="wemd.reinforceddoors" />
  <Mod packageId="ceteam.combatextended" />
  <Mod packageId="arekan.enhancedcombatsounds" />
  <Mod packageId="roolo.giddyupcore" />
  <Mod packageId="roolo.giddyupbattlemounts" />
  <Mod packageId="roolo.giddyupcaravan" />
  <Mod packageId="roolo.giddyupmechanoids" />
  <Mod packageId="roolo.giddyuprideandroll" />
  <Mod packageId="com.yayo.losttechcore.1" />
  <Mod packageId="mlie.morefactioninteraction" />
  <Mod packageId="ltbob.preemptivestrike.rimworld" />
  <Mod packageId="rah.rbsehc" />
  <Mod packageId="woolstrand.realruins" />
  <Mod packageId="mlie.realistichumansounds" />
  <Mod packageId="cabbage.rimcities" />
  <Mod packageId="arandomkiwi.rimthemes" />
  <Mod packageId="mlie.roadsoftherim" />
  <Mod packageId="roolo.searchanddestroy" />
  <Mod packageId="petetimessix.simplesidearms" />
  <Mod packageId="mlie.stockpilestacklimit" />
  <Mod packageId="mlie.expandedincidents" />
  <Mod packageId="ravvy.amw" />
  <Mod packageId="brrainz.zombieland" />
  <Mod packageId="odeum.wmbp" />
  <Mod packageId="zylle.morevanillabiomes" />
  <Mod packageId="carolusclen.dlc.wmbp.mvb" />
  <Mod packageId="meltup.beautifuloutdoors" />
  <Mod packageId="community.psychology.unofficialupdate" />
  <Mod packageId="crlsniper.realisticrooms" />
  <Mod packageId="saucypigeon.realisticplanets" />
  <Mod packageId="derekbickley.legacyterrainoverhaulfinal" />
  <Mod packageId="saucypigeon.wildcultivation" />
  <Mod packageId="uuugggg.replacestuff" />
  <Mod packageId="bbbbilly.ancienthuman" />
  <Mod packageId="harkon.df.dusk" />
  <Mod packageId="harkon.gunnut.chapter1" />
  <Mod packageId="harkon.gunnut.community" />
  <Mod packageId="harkon.gunnut.fnscar" />
  <Mod packageId="harkon.gunnut.coltanaconda" />
  <Mod packageId="rwzh.chinesepack.gunnut" />
  <Mod packageId="bbbbilly.hobofirebarrel" />
  <Mod packageId="cp.rimmunation.clothing" />
  <Mod packageId="cp.rimmunation.security" />
  <Mod packageId="kapa.pawnname_zh" />
  <Mod packageId="kyrrisayo.realgunnames" />
  <Mod packageId="krkr.rocketman" />
  <Mod packageId="sandy.rpgstyleinventory.avilmask.revamped" />
  <Mod packageId="flashpoint55.rpgstylelevelupmod" />
  <Mod packageId="vanillaexpanded.vtexvariations" />
  <Mod packageId="sr.modrimworld.factionalwar" />
  <Mod packageId="sr.modrimworld.raidextension" />
  <Mod packageId="tmc.eft.melee" />
  <Mod packageId="wxty.campingstuffcontinue" />
  <Mod packageId="ceteam.combatextendedguns" />
  <Mod packageId="dubwise.dubsmintmenus" />
  <Mod packageId="rimsenal.feral" />
  <Mod packageId="tmc.armory.sidearms.1" />
  <Mod packageId="jelly.transportcargopod" />
  <Mod packageId="wemd.simplecoal" />
  <Mod packageId="owlchemist.simplechains.steel" />
  <Mod packageId="wexman.mines" />
  <Mod packageId="sladki.ammotweaksce" />
  <Mod packageId="redstonerev.novanmusiconeone" />
  <Mod packageId="sfish.twdmusic" />
  <Mod packageId="cp.rimdeed" />
  <Mod packageId="wemd.realisticdarkness" />
</RunningMods>