<?xml version="1.0" encoding="utf-8"?>
<ModsConfigData>
    <version>1.3.3326 rev562</version>
    <activeMods>
        <li>brrainz.harmony</li>
        <li>brrainz.visualexceptions</li>
        <li>ludeon.rimworld</li>
        <li>automatic.startupimpact</li>
        <li>trinity.runtimegcupdated</li>
        <li>ludeon.rimworld.royalty</li>
        <li>ludeon.rimworld.ideology</li>
        <li>legodude17.legobricks</li>
        <li>smashphil.neceros.srtsexpanded</li>
        <li>unlimitedhugs.hugslib</li>
        <li>thomotron.phinix</li>
        <li>jecrell.jecstools</li>
        <li>rh2.handtohand</li>
        <li>rh2.cpers.arrest.here</li>
        <li>rh2.bcd.first.aid</li>
        <li>rh2.bcd.casevac</li>
        <li>oskarpotocki.vanillafactionsexpanded.core</li>
        <li>zh.alphaships</li>
        <li>zh.walllight</li>
        <li>imranfish.xmlextensions</li>
        <li>latta.fsharp.core</li>
        <li>latta.devl10n</li>
        <li>unlimitedhugs.defensivepositions</li>
        <li>unlimitedhugs.allowtool</li>
        <li>owlchemist.toggleableoverlays</li>
        <li>derekbickley.ltocolonygroupsfinal</li>
        <li>xeonovadan.rimworldfavourites</li>
        <li>jaxe.morerandomseeds</li>
        <li>fluffy.colonymanager</li>
        <li>fluffy.commandpalette</li>
        <li>machine.betterinfestations</li>
        <li>vanillaexpanded.achievements</li>
        <li>madeline.modmismatchformatter</li>
        <li>unlimitedhugs.mapreroll</li>
        <li>arandomkiwi.rimsaves</li>
        <li>fluffy.desirepaths</li>
        <li>fluffy.modmanager</li>
        <li>fluffy.musicmanager</li>
        <li>aant.onlinecity</li>
        <li>brrainz.cameraplus</li>
        <li>fluffy.backuppower</li>
        <li>ogre.ogrestack</li>
        <li>cozarkian.qualityframework</li>
        <li>cozarkian.cropquality</li>
        <li>cozarkian.qualityexpanded</li>
        <li>mlie.wikirim</li>
        <li>mlie.rimstory</li>
        <li>yrtwof.rimpedia</li>
        <li>krafs.levelup</li>
        <li>mrravenface.icontophat</li>
        <li>bs.oversizedapparel</li>
        <li>carnysenpai.enableoversizedweapons</li>
        <li>lwm.deepstorage</li>
        <li>aelanna.weaponracks</li>
        <li>vanillaexpanded.vfecore</li>
        <li>vanillaexpanded.vfearchitect</li>
        <li>vanillaexpanded.vfeart</li>
        <li>vanillaexpanded.vfefarming</li>
        <li>vanillaexpanded.vfemedical</li>
        <li>vanillaexpanded.vfeproduction</li>
        <li>vanillaexpanded.vfepower</li>
        <li>vanillaexpanded.vfepropsanddecor</li>
        <li>vanillaexpanded.vfespacer</li>
        <li>cp.uncle.boris.used.furniture</li>
        <li>udon.masslovein</li>
        <li>mlie.fuelburning</li>
        <li>pensdecor.theholyepicpenguin</li>
        <li>mlie.prisonerarena</li>
        <li>hol.brrt</li>
        <li>vic.thumper</li>
        <li>lanilor.lootboxes</li>
        <li>scorpio.itemteleporter</li>
        <li>mrkociak.lootboxvanillaretexture</li>
        <li>mrkociak.lootboxnocraft</li>
        <li>halituisamaricanous.at</li>
        <li>ogliss.thewhitecrayon.quarry</li>
        <li>balistafreak.standalonehotspring</li>
        <li>comigogames.water.bridges</li>
        <li>comigogames.water.turrets</li>
        <li>comigogames.miniaturization.kitchen</li>
        <li>caninmyham.thogslandmines_copy</li>
        <li>wit.expandedroofing</li>
        <li>tikubonn.remotedetonator</li>
        <li>nephlite.orbitaltradecolumn</li>
        <li>mlie.deeprim</li>
        <li>mlie.machinegundefence</li>
        <li>cucumpear.animalbeds</li>
        <li>densevoid.onebedtosleepwithall</li>
        <li>mlie.multibedroyaltypatch</li>
        <li>flashpoint55.humanpowergeneratormod</li>
        <li>owlchemist.ceilingutilities</li>
        <li>owlchemist.fridgeutilities</li>
        <li>thatcodyguy.simpleutilities.fridge.addon</li>
        <li>owlchemist.wallutilities</li>
        <li>owlchemist.perspectivebuildings</li>
        <li>mlie.rimwriter</li>
        <li>itchyflea.medicaltraining</li>
        <li>owlchemist.undergroundpowerconduits</li>
        <li>mlie.hightechlaboratoryfacilities</li>
        <li>dubwise.dubsrimkit</li>
        <li>dubwise.dubsskylights</li>
        <li>thegoofyone.arearugs</li>
        <li>murmur.walllight</li>
        <li>murmur.subsurfaceconduit</li>
        <li>bichang.moresculpture</li>
        <li>spoonshortage.rimkea</li>
        <li>dubwise.rimefeller</li>
        <li>meltup.advancedpowerplus</li>
        <li>haplo.powerswitch</li>
        <li>dubwise.rimatomics</li>
        <li>kit.powerprotein</li>
        <li>4loris4.morelinkables</li>
        <li>syrchalis.prosthetictable</li>
        <li>latta.infusion</li>
        <li>o.inf.reinforce</li>
        <li>vanillaexpanded.vappe</li>
        <li>vanillaexpanded.vaeaccessories</li>
        <li>vanillaexpanded.vwe</li>
        <li>vanillaexpanded.vwems</li>
        <li>vanillaexpanded.vweq</li>
        <li>vanillaexpanded.vwenl</li>
        <li>vanillaexpanded.vweg</li>
        <li>vanillaexpanded.vwel</li>
        <li>vanillaexpanded.vwehw</li>
        <li>vanillaexpanded.vwetb</li>
        <li>vanillaexpanded.vwec</li>
        <li>vanillaexpanded.varme</li>
        <li>flyingstar.eelementalchargeblaster</li>
        <li>mrkociak.biecombatdrones</li>
        <li>mlie.arrowplease</li>
        <li>mlie.meleeplease</li>
        <li>sovereign.alien</li>
        <li>terrasecurity</li>
        <li>pitchstone.heavymeleeweapons</li>
        <li>legodude17.heavyweaponsreloading</li>
        <li>unlimitedhugs.remotetech</li>
        <li>techmago.bootsnstuff</li>
        <li>simmin.powertools</li>
        <li>sgc.moreutilitypacks</li>
        <li>jgh.mechanoidbench3</li>
        <li>oskarpotocki.vfe.mechanoid</li>
        <li>legodude17.vfemechscp</li>
        <li>oskarpotocki.vfe.insectoid</li>
        <li>oskarpotocki.vfe.pirates</li>
        <li>oskarpotocki.vfe.vikings</li>
        <li>oskarpotocki.vanillafactionsexpanded.settlersmodule</li>
        <li>oskarpotocki.vfe.classical</li>
        <li>argon.saltedmeatremake</li>
        <li>syrchalis.processor.framework</li>
        <li>ellit.rebels</li>
        <li>vanillaexpanded.vweft</li>
        <li>mlie.autopsytable</li>
        <li>vanillaexpanded.vcef</li>
        <li>vanillaexpanded.vcefaddon</li>
        <li>mlie.raideremus</li>
        <li>raiderpedes.velcroboy333</li>
        <li>warlocksforge.fishtraps</li>
        <li>leafzxg.thrumboextension</li>
        <li>oskarpotocki.vanillafactionsexpanded.medievalmodule</li>
        <li>vanillaexpanded.vfesecurity</li>
        <li>rimeffect.themistraders</li>
        <li>rh2.faction.task.force.141</li>
        <li>rh2.faction.rangers</li>
        <li>rimsenal.core</li>
        <li>rimsenal.evp</li>
        <li>rimsenal.federation</li>
        <li>rimsenal.feral</li>
        <li>rimsenal.security</li>
        <li>rimsenal.sophian</li>
        <li>rimsenal.hair</li>
        <li>rimsenal.techist</li>
        <li>rimsenal.storyteller</li>
        <li>itzal.vw.eg</li>
        <li>itzal.pi.mp</li>
        <li>itzal.pi.sd</li>
        <li>itzal.vw.cp</li>
        <li>itzal.vw.emg</li>
        <li>orion.moremechanoids</li>
        <li>spino.mechanoidsextraordinaire</li>
        <li>carnagion.artifactsexpanded</li>
        <li>bx395.warhiveseries.mechreconhive</li>
        <li>vanillaexpanded.vaecd</li>
        <li>vanillaexpanded.vaeas</li>
        <li>vanillaexpanded.vaetf</li>
        <li>vanillaexpanded.vaetr</li>
        <li>vanillaexpanded.vaets</li>
        <li>vanillaexpanded.vaeed</li>
        <li>vanillaexpanded.vaeis</li>
        <li>vanillaexpanded.vaebf</li>
        <li>vanillaexpanded.vaeendandext</li>
        <li>vanillaexpanded.vaecaves</li>
        <li>vanillaexpanded.vaeau</li>
        <li>vanillaexpanded.vaet</li>
        <li>vanillaexpanded.vaed</li>
        <li>zeitloser.birdsbeyond.tf</li>
        <li>zeitloser.birdsbeyond.trf</li>
        <li>spoonshortage.adogsaidanimalprosthetics</li>
        <li>spincrus.dinosauria</li>
        <li>windowsxp.realisticplanets</li>
        <li>oblitus.mylittleplanet</li>
        <li>mlie.roadsoftherim</li>
        <li>mlie.regrowthexpandedworldgeneration</li>
        <li>sarg.alphaanimals</li>
        <li>turnovus.submod.extendedbioengineering</li>
        <li>odeum.wmbp</li>
        <li>sarg.alphabiomes</li>
        <li>regrowth.botr.core</li>
        <li>regrowth.botr.desertexpansion</li>
        <li>regrowth.botr.aspenforest</li>
        <li>regrowth2.extinctanimals</li>
        <li>regrowth.botr.temperateforestexpansion</li>
        <li>regrowth.botr.extinctanimalspack</li>
        <li>regrowth.botr.ewg</li>
        <li>regrowth.botr.coldbogexpansion</li>
        <li>regrowth.botr.borealforestexpansion</li>
        <li>regrowth.botr.tundraexpansion</li>
        <li>vanillaexpanded.vplantse</li>
        <li>vanillaexpanded.vplantsesucculents</li>
        <li>vanillaexpanded.vplantsemore</li>
        <li>zylle.morevanillabiomes</li>
        <li>asterion.trom.core</li>
        <li>biomesteam.biomescore</li>
        <li>mlie.advancedbiomes</li>
        <li>m00nl1ght.geologicallandforms</li>
        <li>meltup.grandrivers.reborn</li>
        <li>vambypants111.epichrivers</li>
        <li>thegoofyone.amazonianriver</li>
        <li>carolusclen.dlc.wmbp.mvb</li>
        <li>carolusclen.dlc.wmbp.rp</li>
        <li>carolusclen.dlc.wmbp</li>
        <li>carolusclen.dlc.wmbp.abc</li>
        <li>laast.worldmapenhanced</li>
        <li>vanillaexpanded.vbrewe</li>
        <li>vanillaexpanded.vbrewecandt</li>
        <li>vanillaexpanded.vcooke</li>
        <li>vanillaexpanded.vcookestews</li>
        <li>vanillaexpanded.vcookesushi</li>
        <li>trahspanda.breakfastmeals</li>
        <li>joeyjoejoeshabidoo.evaporationpond</li>
        <li>comigogames.patches.vcesugargrain</li>
        <li>saximaphone.skettimod</li>
        <li>vse.empressevil</li>
        <li>vse.diegoindustrial</li>
        <li>vse.igorinvader</li>
        <li>vse.maynardmedieval</li>
        <li>vse.perrypersistent</li>
        <li>vse.freyafierce</li>
        <li>vse.oskarobnoxious</li>
        <li>vse.neronneolithic</li>
        <li>vanillaexpanded.vbookse</li>
        <li>vanillaexpanded.viehar</li>
        <li>vanillaexpanded.ideo.relicsandartifacts</li>
        <li>vanillaexpanded.ideo.dryads</li>
        <li>vanillaexpanded.ideo.iconsandsymbols</li>
        <li>oskarpotocki.vanillaexpanded.ideologypatches</li>
        <li>oskarpotocki.vanillaexpanded.royaltypatches</li>
        <li>meltup.polyamorybeds.vanilla</li>
        <li>legoduded17.vfea.catatrans</li>
        <li>vanillaexpanded.outposts</li>
        <li>clowncat.voee.ranch</li>
        <li>400.impassablehchestudeephwater</li>
        <li>mlie.livewiththepain</li>
        <li>miyamiya.compressedraid.latest</li>
        <li>smuffle.harvestorganspostmortem</li>
        <li>frozensnowfox.alwaysrearmturrets</li>
        <li>telardo.epitaph</li>
        <li>udderlyevelyn.consistentmapstone</li>
        <li>denev.smartturretcovering</li>
        <li>unon.noburnmetal</li>
        <li>frozensnowfox.betterancientcomplexloot</li>
        <li>frozensnowfox.bettercamploot</li>
        <li>lucifer.realisticrooms</li>
        <li>mlie.stuffmassmatters</li>
        <li>better.beggars</li>
        <li>leafzxg.masterofcrafting</li>
        <li>leafzxg.masterofcooking</li>
        <li>alias.campingstuff</li>
        <li>brrainz.achtung</li>
        <li>roolo.almostthere</li>
        <li>avilmask.selfdyeing</li>
        <li>captainmuscles.beatyourprisoners</li>
        <li>dhultgren.buryonthespot</li>
        <li>tribeagle.simpleslaverycollars</li>
        <li>hatti.qualitybuilder</li>
        <li>hatti.qualitysurgeon</li>
        <li>eagle0600.dresspatients</li>
        <li>lilscoot.wheelchairs</li>
        <li>tradingcontrol.common.core</li>
        <li>jamaicancastle.shoo</li>
        <li>captainmuscles.callouts</li>
        <li>frozensnowfox.betterpawnlendingquest</li>
        <li>erdelf.prisonerransom</li>
        <li>mlie.icantfixthat</li>
        <li>moony.repairitems</li>
        <li>dimonsever000.psionicplus.specific</li>
        <li>flashpoint55.rpgstylelevelupmod</li>
        <li>orion.therapy</li>
        <li>boxrsxx.morepracticaltraits</li>
        <li>dimonsever000.rpgtraits.specific</li>
        <li>vanillaexpanded.vhe</li>
        <li>zhrocks11.natureisbeautiful</li>
        <li>hobtook.mortaraccuracy</li>
        <li>argon.vmeu</li>
        <li>daria40k.expandedmaterialsmetalspatchoutposts</li>
        <li>argon.vmeuammo</li>
        <li>owlchemist.simplechains.leather</li>
        <li>owlchemist.simplechains.lumber</li>
        <li>owlchemist.simplechains.steel</li>
        <li>troopersmith1.bwp</li>
        <li>woolstrand.realruins</li>
        <li>mlie.rimbank</li>
        <li>rah.rbsehc</li>
        <li>ogliss.alicetries.geneseed</li>
        <li>arandomkiwi.mercenariesforme</li>
        <li>orion.cashregister</li>
        <li>orion.gastronomy</li>
        <li>vanillaexpanded.vanillatradingexpanded</li>
        <li>dimonsever000.mechanoid.specific</li>
        <li>nilchei.insectoidsevolved</li>
        <li>infinite.scavenging</li>
        <li>vanillaexpanded.vee</li>
        <li>dimonsever000.cosmosreborn.specific</li>
        <li>kentington.saveourship2</li>
        <li>rsev.archotechgiftsexpandeditempool</li>
        <li>vanillaexpanded.viesas</li>
        <li>jecrell.doorsexpanded</li>
        <li>morph.advanceddoors</li>
        <li>vanillaexpanded.vfea</li>
        <li>sarg.alphaships</li>
        <li>hg.originals.f3</li>
        <li>wmo.sosandrimatomicscp</li>
        <li>radzerp.neorimnauts</li>
        <li>dubwise.dubsbadhygiene</li>
        <li>vanillaexpanded.vanillatraitsexpanded</li>
        <li>ladycookie.vteexpansion</li>
        <li>cozarkian.varietymattersdt</li>
        <li>cozarkian.varietymattersimproved</li>
        <li>avilmask.commonsense</li>
        <li>moretraitslots.kv.rw</li>
        <li>realplantcycles.velcroboy333</li>
        <li>realranch.velcroboy333</li>
        <li>owlchemist.seedspleaselite</li>
        <li>mlie.fireextinguisher</li>
        <li>mlie.firewarden</li>
        <li>twistedsoul.ise</li>
        <li>tikubonn.diceofdestiny</li>
        <li>udderlyevelyn.soilrelocation</li>
        <li>treasurehunter.velcroboy333</li>
        <li>asgalligator.monsterhunterrimworld</li>
        <li>sargoskar.witcherhunt</li>
        <li>cp.rimdeed</li>
        <li>sr.modrimworld.raidextension</li>
        <li>mlie.expandedincidents</li>
        <li>cabbage.rimcities</li>
        <li>mlie.sdbridges</li>
        <li>bustedbunny.slaverebellionsimproved</li>
        <li>mlie.morefactioninteraction</li>
        <li>arandomkiwi.raidsforme</li>
        <li>sr.modrimworld.factionalwar</li>
        <li>salmontoastie.jointbattles</li>
        <li>saakra.empire</li>
        <li>tkk.empireadvancedbiomes</li>
        <li>tkk.empireregrowth</li>
        <li>torann.rimwar</li>
        <li>hobtook.tradeui</li>
        <li>vinalx.researchpalforked</li>
        <li>albion.goexplore</li>
        <li>iforgotmysocks.caravanadventures</li>
        <li>pb3n.simplewarrants</li>
        <li>ogliss.mythos.diseasesoverhauled</li>
        <li>dubwise.dubscentralheating</li>
        <li>joeyjoejoeshabidoo.rimputers</li>
        <li>3hstltd.usefulancientcrates</li>
        <li>vanillaexpanded.vmemese</li>
        <li>sarg.alphamemes</li>
        <li>automatic.gunplay</li>
        <li>weilbyte.snapout</li>
        <li>theeyeofbrows.fluffybreakdowns</li>
        <li>kikohi.sometimesraidsgowrongforked</li>
        <li>mlie.dinterestsframework</li>
        <li>mlie.interests</li>
        <li>helixien.additions</li>
        <li>amlifurx.funnypack.bars</li>
        <li>sinnamon.moreritualrewards</li>
        <li>sk.weaponmastery</li>
        <li>fridgebaron.immortals</li>
        <li>arandomkiwi.guardsforme</li>
        <li>afld.animalsprefergrazing</li>
        <li>juanlopez2008.lightsout</li>
        <li>battlemage64.peoplecanchange</li>
        <li>vanillaexpanded.vanillasocialinteractionsexpanded</li>
        <li>com.yayo.combat3</li>
        <li>petetimessix.simplesidearms</li>
        <li>syrus.simplesidearmsswitchweapon</li>
        <li>syrus.yayoscombataddon</li>
        <li>roolo.runandgun</li>
        <li>hahkethomemah.simplepersonalities</li>
        <li>hahkethomemah.simplepersonalities.module2</li>
        <li>avius.locks</li>
        <li>avius.prisonlabor</li>
        <li>mlie.convertthenenslave</li>
        <li>mlie.convertthenrecruit</li>
        <li>gargamiel.pokeworld</li>
        <li>roolo.giddyupcore</li>
        <li>roolo.giddyupcaravan</li>
        <li>roolo.giddyuprideandroll</li>
        <li>roolo.giddyupbattlemounts</li>
        <li>sarg.giddyupsaddles</li>
        <li>itzal.pi.bg</li>
        <li>torann.arimworldofmagic</li>
        <li>kure.arom</li>
        <li>dimonsever000.darknet.specific</li>
        <li>erdelf.humanoidalienraces</li>
        <li>rim.job.world</li>
        <li>orion.hospitality</li>
        <li>mlie.rimquest</li>
        <li>dimonsever000.backstoriesplus.specific</li>
        <li>rimeffect.core</li>
        <li>rimeffect.extendedcut</li>
        <li>rimeffect.srts.shuttle</li>
        <li>rimeffect.n7</li>
        <li>ryflamer.rimcraft.weaponrypatch</li>
        <li>ryflamer.rimcraft.core</li>
        <li>ryflamer.rimcraft.alliedraces</li>
        <li>harkon.veaddon.vanillaexpandedextraembrasures</li>
        <li>ryflamer.rimcraft.animals</li>
        <li>ryflamer.rimcraft.weaponry</li>
        <li>ryflamer.rimcraft.metals</li>
        <li>ryflamer.rimcraft.factions</li>
        <li>ryflamer.rimcraft.scenarios</li>
        <li>rimeffect.drell</li>
        <li>rimeffect.asarireapers</li>
        <li>ryflamer.rimcraft.outlanderpatch</li>
        <li>ryflamer.rimcraft.tribalpatch</li>
        <li>ryflamer.rimcraft.piratepatch</li>
        <li>mlie.waskeleton</li>
        <li>dylan.csl</li>
        <li>com.yayo.losttechcore.2</li>
        <li>jpt.humanresources</li>
        <li>rjw.sexperience</li>
        <li>rimworld.ekss.rjwex</li>
        <li>c0ffee.sextoysmasturbation</li>
        <li>ed86.rjw.whorebeds</li>
        <li>s16.core</li>
        <li>rjw.milk.humanoid</li>
        <li>c0ffee.rjw.ideologyaddons</li>
        <li>nuttysquabble.dyspareunia</li>
        <li>c0ffee.rimworld.animations</li>
        <li>tory187.rjwanimaddons.voicepatch</li>
        <li>tory187.rjwanimaddons.xtraanims</li>
        <li>tory187.rjwanimaddons.animalpatch</li>
        <li>rjw.menstruation</li>
        <li>babies.and.children.continued.13</li>
        <li>troopersmith1.agematters</li>
        <li>puremj.mjrimmods.potentialofyouth</li>
        <li>revolus.animalsarefun</li>
        <li>oblitus.animalslogic</li>
        <li>arandomkiwi.huntforme</li>
        <li>arandomkiwi.killforme</li>
        <li>alexispopcorn.predators</li>
        <li>fluffy.pharmacist</li>
        <li>antaioz.modmedicinepatch</li>
        <li>uuugggg.smartmedicine</li>
        <li>owlchemist.smartfarming</li>
        <li>dhultgren.smarterconstruction</li>
        <li>seohyeon.bestdrugpolicy</li>
        <li>uuugggg.miningpriority</li>
        <li>roolo.searchanddestroy</li>
        <li>uuugggg.sharetheload</li>
        <li>community.psychology.unofficialupdate</li>
        <li>scorpio.mechanoidfoundry</li>
        <li>bustedbunny.prisonersarenotswines</li>
        <li>mehni.pickupandhaul</li>
        <li>codeoptimist.jobsofopportunity</li>
        <li>puremj.mjrimmods.whileyouarenearby</li>
        <li>jkluch.haultostack</li>
        <li>jp.perfectpathing</li>
        <li>denev.saferpastedispenser</li>
        <li>smartnutrientpastedispensers.1trickponyta</li>
        <li>dubwise.dubsbreakmod</li>
        <li>densevoid.hui.personalworkcat</li>
        <li>frozensnowfox.complexjobs</li>
        <li>brrainz.carefulraids</li>
        <li>nilchei.powerfulpsycastai</li>
        <li>captainmuscles.nopawnleftbehind</li>
        <li>owlchemist.moonlight</li>
        <li>bs.mbifvte</li>
        <li>fluffy.blueprints</li>
        <li>fluffy.areaunlocker</li>
        <li>caesarv6.damageindicators</li>
        <li>crashm.colorcodedmoodbar.11</li>
        <li>carnysenpai.traitraritycolors</li>
        <li>udderlyevelyn.showstuffcategories</li>
        <li>legodude17.qualcolor</li>
        <li>owlchemist.toggleablereadouts</li>
        <li>vanya.tools.incidentpersonstat</li>
        <li>vanillaexpanded.ui</li>
        <li>miyamiya.workscontroller.latest</li>
        <li>jaxe.rimhud</li>
        <li>dimonsever000.compareeverything.specific</li>
        <li>dubwise.dubsmintmenus</li>
        <li>mlie.relevantstatsindescription</li>
        <li>sandy.rpgstyleinventory.avilmask.revamped</li>
        <li>petetimessix.compacthediffs</li>
        <li>notooshabby.awesomeinventoryforked</li>
        <li>bodlosh.weaponstats</li>
        <li>fluffy.worktab</li>
        <li>fluffy.fluffyrelations</li>
        <li>fluffy.animaltab</li>
        <li>dimonsever000.guntab.specific</li>
        <li>dimonsever000.appareltab.specific</li>
        <li>tikubonn.corpsetab</li>
        <li>tikubonn.corpsetabforallowtool</li>
        <li>dubwise.dubsmintminimap</li>
        <li>mlie.stufflist</li>
        <li>mehni.numbers</li>
        <li>telardo.numberstraitaddon</li>
        <li>fluffy.medicaltab</li>
        <li>mlie.moregraphs</li>
        <li>naga.colonyrecords</li>
        <li>tidal.morevanilla.textures</li>
        <li>mireia.bodies</li>
        <li>thelonetec.ar2retexture</li>
        <li>vanillaexpanded.vtexe</li>
        <li>aoba.brrt.retexture</li>
        <li>mlie.realistichumansounds</li>
        <li>verniy709.realistichumansounds.harpatch</li>
        <li>telardo.nolaggybed</li>
        <li>dubwise.dubsperformanceanalyzer</li>
        <li>ghostrolly.rim73</li>
        <li>ladycookie.vteexpansion.zh</li>
        <li>dimonsever000.rpgtraits.specificzhbygl</li>
        <li>shavius.betterwoolproduction.zh</li>
        <li>treasurehunter.velcroboy333.zh</li>
        <li>kommisaar.chinesepack.witchermonsterhunt</li>
        <li>asavikle.geneseed.cn</li>
        <li>bustedbunny.slaverebellionsimproved.cntrans</li>
        <li>yayo.losttechcore.2.cntrans</li>
        <li>chinesetranslation.raiderpedesadraideremus</li>
        <li>zh.agematters</li>
        <li>zh.scavenging</li>
        <li>zh.handtohand</li>
        <li>zh.rh2cpersarresthere</li>
        <li>zh.rh2bcdfirstaid</li>
        <li>zh.rh2bcdcasevac</li>
        <li>asavikle.deeprim.cn</li>
        <li>babies.and.childrenzh</li>
        <li>pzqaks.smartfarming.zh</li>
        <li>pzqaks.rimworldrealfow.zh</li>
        <li>chinesepackage.prisonerransom</li>
        <li>zephyr.compacthediffszh</li>
        <li>red.udderlyevelyn.soilrelocation.zh</li>
        <li>pzqaks.relevantstatsindescription.zh</li>
        <li>asavikle.rimdeed.moujia.cn</li>
        <li>red.xeonovadan.rimworldfavourites.zh</li>
        <li>shavius.rimpedia.zh</li>
        <li>dimonsever000.appareltabandguntab.specificzhbygl</li>
        <li>pzqaks.processor.framework.zh</li>
        <li>pzqaks.humanpowergeneratormod.zh</li>
        <li>red.owlchemist.undergroundpowerconduits.zh</li>
        <li>thoth.hightechlaboratoryfacilities</li>
        <li>halituisamaricanous.at.zh</li>
        <li>zephyr.infusion</li>
        <li>jagyayu.compressedraid.zh</li>
        <li>red.dimonsever000.compareeverything.specific.zh</li>
        <li>fb.chinesepack.reinforce</li>
        <li>shavius.yayocombat3.zh</li>
        <li>chinesetranslation.heavymeleeweapons</li>
        <li>thoth.artifactsexpanded</li>
        <li>qaq.qaaaq</li>
        <li>brrainz.harmony.cn</li>
        <li>lin.chinesepack.dinosauria</li>
        <li>xun.srtsexpanded</li>
        <li>wmo.sosandrimatomicscp.chinesetranslation</li>
        <li>oblitus.mylittleplanet.zh</li>
        <li>shavius.vpe.zh</li>
        <li>shavius.vbe.zh</li>
        <li>shavius.vce.zh</li>
        <li>shavius.vbookse.zh</li>
        <li>shavius.vbookse.addon.zh</li>
        <li>shavius.vie.zh</li>
        <li>sinnamon.moreritualrewards.cntrans</li>
        <li>pzqaks.campingstuff.zh</li>
        <li>zh.animalsarefun</li>
        <li>red.mlie.convertthenenslave.zh</li>
        <li>red.mlie.convertthenrecruit.zh</li>
        <li>zh.ltocolonygroupsfinal</li>
        <li>vanillaexpanded.zh</li>
        <li>zh.wikirim</li>
        <li>naga.colonyrecords.zh</li>
        <li>pzqaks.toggleablereadouts.zh</li>
        <li>itchyflea.medicaltraining.chinese</li>
        <li>murmur.subsurfaceconduit.zh</li>
        <li>qa.qqijq</li>
        <li>qwa.awq</li>
        <li>pzqaks.livewiththepain.zh</li>
        <li>zh.epitaph</li>
        <li>zh.traitraritycolors</li>
        <li>thoth.fuelburning</li>
        <li>tenmoe.usfm</li>
        <li>asavikle.terrasecurity.cn</li>
        <li>zh.trahspanda.breakfastmeals</li>
        <li>chinesetranslation.eelementalchargeblaster</li>
        <li>pzqaks.simplesidearmsswitchweapon.zh</li>
        <li>zh.123personalities</li>
        <li>zh.123personalities.2</li>
        <li>qaq.qaq</li>
        <li>tradingcontrol.chinese</li>
        <li>pzqaks.psionicplus.zh</li>
        <li>asavikle.mechanoidfoundry.cn</li>
        <li>moony.repairitems.cntrans</li>
        <li>zephyr.pi.jfhj</li>
        <li>ryflamer.rimcraft.core.zh</li>
        <li>denev.saferpastedispenser.cn</li>
        <li>zephyr.gastronomyzh</li>
        <li>dimonsever000.mechanoid.specificzhbygl</li>
        <li>asavikle.machinegundefence.cn</li>
        <li>asavikle.xml.extensions.cn</li>
        <li>dimonsever000.darknet.specificzhbygl</li>
        <li>zh.turnovus.submod.extendedbioengineering</li>
        <li>zh.bx395.warhiveseries.mechreconhive</li>
        <li>asavikle.mechanoidbench3.cn</li>
        <li>red.nilchei.insectoidsevolved.zh</li>
        <li>denev.smartturretcovering_copy.chinese</li>
        <li>asavikle.autopsytable.cn</li>
        <li>moretraitslotszh.kv.rw</li>
        <li>avius.locks.zh</li>
        <li>interstellar.express.zh</li>
        <li>rwzh.chinesepack.srtsexpanded</li>
        <li>rwzh.chinesepack.hugslib</li>
        <li>rwzh.chinesepack.startupimpact</li>
        <li>zh.mrkociak.biecombatdrones</li>
        <li>zh.sarg.alphamemes</li>
        <li>zh.pb3n.simplewarrants</li>
        <li>zh.lanilor.lootboxes</li>
        <li>rwzh.chinesepack.jecstools</li>
        <li>rwzh.chinesepack.cameraplus</li>
        <li>caesarv6.damageindicators.zh.hc</li>
        <li>rwzh.chinesepack.dubsmintmenus</li>
        <li>bodlosh.weaponstats.zh.hc</li>
        <li>rwzh.chinesepack.rimsaves</li>
        <li>rwzh.chinesepack.prisonerarena</li>
        <li>rwzh.chinesepack.fluffy</li>
        <li>zh.joeyjoejoeshabidoo.rimputers</li>
        <li>seigai.chinesepack.moregraphs</li>
        <li>zh.antaioz.modmedicinepatch</li>
        <li>rwzh.chinesepack.deepstorage</li>
        <li>chinesetranslation.miniaturizationkitchen</li>
        <li>zh.patchesvcesugargrain</li>
        <li>zh.waterbridges</li>
        <li>zh.waterturrets</li>
        <li>rwzh.chinesepack.vfepower</li>
        <li>rwzh.chinesepack.vfepropsanddecor</li>
        <li>shavius.helixienadditions.zh</li>
        <li>rwzh.chinesepack.orbitaltradecolumn</li>
        <li>zh.owlchemist.simpleutilitiesseries</li>
        <li>zh.scorpio.itemteleporter</li>
        <li>rwzh.chinesepack.rimwriter</li>
        <li>zh.tikubonn.remotedetonator</li>
        <li>zh.sovereign.alien</li>
        <li>rwzh.chinesepack.rimkea</li>
        <li>rwzh.chinesepack.rimefeller</li>
        <li>zh.hol.brrt</li>
        <li>rwzh.chinesepack.advancedpowerplus</li>
        <li>rwzh.chinesepack.rimatomics</li>
        <li>cucumpear.animalbeds.zh.hc</li>
        <li>rwzh.chinesepack.powerprotein</li>
        <li>zh.caninmyham.thogslandmines</li>
        <li>liuyu.chinesetrans.therebelalliance</li>
        <li>rwzh.chinesepack.medievalmodule</li>
        <li>rwzh.chinesepack.csl</li>
        <li>rwzh.chinesepack.bootsnstuff</li>
        <li>zh.warlocksforge.fishtraps</li>
        <li>zh.harkon.veaddon.vanillaexpandedextraembrasures</li>
        <li>thunper.zh.chinese</li>
        <li>zh.rh2.faction.task.force.141</li>
        <li>zh.rh2.faction.rangers</li>
        <li>rwzh.chinesepack.rimsenal</li>
        <li>rwzh.chinesepack.moremechanoids</li>
        <li>rwzh.chinesepack.mechanoidsextraordinaire</li>
        <li>zh.owlchemist.perspectivebuildings</li>
        <li>zh.joeyjoejoeshabidoo.evaporationpond</li>
        <li>rwzh.chinesepack.waskeleton</li>
        <li>rwzh.chinesepack2.saveourship2</li>
        <li>zh.hg.originals.f3</li>
        <li>zh.pensdecor.theholyepicpenguin_copy</li>
        <li>rwzh.chinesepack.cosmosreborn</li>
        <li>chinesetranslation.rimeffect</li>
        <li>zh.owlchemist.toggleableoverlays</li>
        <li>rwzh.chinesepack.neorimnauts</li>
        <li>zh.lilscoot.wheelchairs</li>
        <li>zh.owlchemist.seedspleaselite</li>
        <li>zh.m00nl1ght.geologicallandforms</li>
        <li>rwzh.chinesepack.doorsexpanded</li>
        <li>chinesetranslation.advanceddoors</li>
        <li>rwzh.chinesepack.vse</li>
        <li>zh.oskarpotocki.vanillaexpanded.ideologypatches</li>
        <li>zh.vanillaexpanded.outposts</li>
        <li>rwzh.chinesepack.backstoriesplus</li>
        <li>rwzh.chinesepack.achtung</li>
        <li>rwzh.chinesepack.immortals</li>
        <li>hawnhan.almostthere.zh</li>
        <li>zh.syrus.yayoscombataddon</li>
        <li>rwzh.chinesepack.beatyourprisoners</li>
        <li>zh.thegoofyone.arearugs</li>
        <li>rwzh.chinesepack.buryonthespot</li>
        <li>rwzh.chinesepack.simpleslaverycollars</li>
        <li>zh.argon.saltedmeatremake</li>
        <li>rwzh.chinesepack.qualitybuilder</li>
        <li>rwzh.chinesepack.dresspatients</li>
        <li>rwzh.chinesepack.vanillatraitsexpanded</li>
        <li>rwzh.chinesepack.vhe</li>
        <li>rwzh.chinesepack.roadsoftherim</li>
        <li>rwzh.chinesepack.rbsehc</li>
        <li>rwzh.chinesepack.varietymattersimproved</li>
        <li>zh.vanillaexpanded.vanillatradingexpanded</li>
        <li>zh.tikubonn.diceofdestiny</li>
        <li>laftod.chinesepack.monsterhunterrimworld</li>
        <li>rwzh.chinesepack.betterinfestations</li>
        <li>rwzh.chinesepack.expandedincidents</li>
        <li>rwzh.chinesepack.rimcities</li>
        <li>gha.zh.sdbridges</li>
        <li>rwzh.chinesepack.rimquest</li>
        <li>rwzh.chinesepack.jointbattle</li>
        <li>rwzh.chinesepack.empire</li>
        <li>rwzh.chinesepack.rimwar</li>
        <li>rwzh.chinesepack.goexplore</li>
        <li>zh.iforgotmysocks.caravanadventures</li>
        <li>hawnhan.researchpalforked.zh</li>
        <li>zh.ogliss.mythos.diseasesoverhauled</li>
        <li>rwzh.chinesepack.dubsbadhygiene</li>
        <li>rwzh.chinesepack.giddyup</li>
        <li>rwzh.chinesepack.peoplecanchange</li>
        <li>gha.zh.psychology</li>
        <li>silverlogic.astramilitarumcorechinesepatch3</li>
        <li>rwzh.chinesepack.therapy</li>
        <li>zh.tikubonn.corpsetab</li>
        <li>zh.sk.weaponmastery</li>
        <li>rwzh.chinesepack.animalslogic</li>
        <li>notooshabby.awesomeinventoryforked.zh.hc</li>
        <li>rwzh.chinesepack.hospitality</li>
        <li>rwzh.chinesepack.moreutilitypacks</li>
        <li>rwzh.chinesepack.snapout</li>
        <li>thresh.pokeworld</li>
        <li>rwzh.chinesepack.jobsofopportunity</li>
        <li>rwzh.chinesepack.powerfulpsycastai</li>
        <li>zh.thatcodyguy.simpleutilities.fridge.addon</li>
        <li>latta.devl10n.zh</li>
        <li>owlchemist.moonlight.zh.hc</li>
        <li>jamaicancastle.shoo.zh</li>
        <li>zh.uncle.boris.used.furniture</li>
        <li>ghsgkd.realisticplanetszh</li>
        <li>rwzh.chinesepack.callouts</li>
        <li>zh.vanillaexpanded.ui</li>
        <li>zephyr.guardsformechinesetrans</li>
        <li>zh.saximaphone.skettimod</li>
        <li>shouer.chinesepack.rimhud</li>
        <li>atomicgu.harvestorganspostmortemzh</li>
        <li>zh.owlchemist.simplechainsseries</li>
        <li>rwzh.chinesepack.humanoidalienraces</li>
        <li>rwzh.chinesepack.vanillafactionsexpandedcore</li>
        <li>rwzh.chinesepack.vanillasocialinteractionsexpanded</li>
        <li>zh.clowncat.voee.ranch</li>
        <li>rwzh.chinesepack.vae</li>
        <li>rwzh.chinesepack.vwe</li>
        <li>shavius.legodude17patches.zh</li>
        <li>rwzh.chinesepack.vfe</li>
        <li>rwzh.chinesepack.vtexe</li>
        <li>rwzh.chinesepack.vanillaexpandedvee</li>
        <li>trvi.krmce</li>
        <li>zh.adrianb.trom.core</li>
        <li>shavius.vfeinsectoids.zh</li>
        <li>rwzh.chinesepack.settlersmodule</li>
        <li>zh.better.beggars</li>
        <li>zh.alexispopcorn.predators</li>
        <li>rwzh.chinesepack.vmeu</li>
        <li>zh.oskarpotocki.vfe.pirates</li>
        <li>shavius.vfeclassical.zh</li>
        <li>shavius.vfemechanoids.zh</li>
        <li>rwzh.chinesepack.vikings</li>
        <li>rwzh.chinesepack.vcef</li>
        <li>zh.zeitloser.birdsbeyond.tf</li>
        <li>chinesetranslation.power tools</li>
        <li>rwzh.chinesepack.phinix</li>
        <li>zh.vanillaexpanded.vfea</li>
        <li>rwzh.chinesepack.vaae</li>
        <li>rwzh.chinesepack.ogrestack</li>
        <li>zh.aelanna.weaponracks</li>
        <li>rwzh.chinesepack.botr</li>
        <li>rwzh.chinesepack.unlimitedhugs</li>
        <li>dubwise.dubsperformanceanalyzer.cntrans</li>
    </activeMods>
    <knownExpansions>
        <li>ludeon.rimworld</li>
        <li>ludeon.rimworld.royalty</li>
        <li>ludeon.rimworld.ideology</li>
    </knownExpansions>
</ModsConfigData>
