﻿<?xml version="1.0" encoding="utf-8"?>
<ConceptKnowledge>
  <knowledge>
    <li>
      <key>WorldCameraMovement</key>
      <value>1</value>
    </li>
    <li>
      <key>ReformCaravan</key>
      <value>1</value>
    </li>
    <li>
      <key>Rescuing</key>
      <value>1</value>
    </li>
    <li>
      <key>Capturing</key>
      <value>1</value>
    </li>
    <li>
      <key>ShieldBelts</key>
      <value>1</value>
    </li>
    <li>
      <key>InteractingWithTraders</key>
      <value>1</value>
    </li>
    <li>
      <key>Drafting</key>
      <value>1</value>
    </li>
    <li>
      <key>GroupGotoHereDragging</key>
      <value>1</value>
    </li>
    <li>
      <key>BuildOrbitalTradeBeacon</key>
      <value>1</value>
    </li>
    <li>
      <key>AnimalsDontAttackDoors</key>
      <value>1</value>
    </li>
    <li>
      <key>BillsTab</key>
      <value>1</value>
    </li>
    <li>
      <key>OpeningComms</key>
      <value>1</value>
    </li>
    <li>
      <key>DrugAddiction</key>
      <value>1</value>
    </li>
    <li>
      <key>DrugPolicies</key>
      <value>1</value>
    </li>
    <li>
      <key>TVForSickPeople</key>
      <value>0</value>
    </li>
    <li>
      <key>PrisonerTab</key>
      <value>1</value>
    </li>
    <li>
      <key>SetGrowingZonePlant</key>
      <value>1</value>
    </li>
    <li>
      <key>DrugBurning</key>
      <value>1</value>
    </li>
    <li>
      <key>DoorOpenSpeed</key>
      <value>1</value>
    </li>
    <li>
      <key>QueueOrders</key>
      <value>1</value>
    </li>
    <li>
      <key>CameraDolly</key>
      <value>1</value>
    </li>
    <li>
      <key>CameraZoom</key>
      <value>1</value>
    </li>
    <li>
      <key>TimeControls</key>
      <value>1</value>
    </li>
    <li>
      <key>Pause</key>
      <value>1</value>
    </li>
    <li>
      <key>Stockpiles</key>
      <value>1</value>
    </li>
    <li>
      <key>Forbidding</key>
      <value>1</value>
    </li>
    <li>
      <key>GrowingFood</key>
      <value>1</value>
    </li>
    <li>
      <key>EquippingWeapons</key>
      <value>1</value>
    </li>
    <li>
      <key>Alerts</key>
      <value>1</value>
    </li>
    <li>
      <key>Mining</key>
      <value>1</value>
    </li>
    <li>
      <key>WorkTab</key>
      <value>1</value>
    </li>
    <li>
      <key>ForbiddingDoors</key>
      <value>1</value>
    </li>
    <li>
      <key>CoverAndShooting</key>
      <value>1</value>
    </li>
    <li>
      <key>FormCaravan</key>
      <value>1</value>
    </li>
    <li>
      <key>AnimalTaming</key>
      <value>1</value>
    </li>
    <li>
      <key>AnimalTraining</key>
      <value>1</value>
    </li>
    <li>
      <key>InfoCard</key>
      <value>1</value>
    </li>
    <li>
      <key>StorageTab</key>
      <value>1</value>
    </li>
    <li>
      <key>HomeArea</key>
      <value>1</value>
    </li>
    <li>
      <key>SpoilageAndFreezers</key>
      <value>1</value>
    </li>
    <li>
      <key>Deterioration</key>
      <value>1</value>
    </li>
    <li>
      <key>HostilityResponse</key>
      <value>1</value>
    </li>
    <li>
      <key>AllowedAreas</key>
      <value>1</value>
    </li>
    <li>
      <key>MedicalOperations</key>
      <value>1</value>
    </li>
    <li>
      <key>TimeAssignments</key>
      <value>1</value>
    </li>
    <li>
      <key>ManualWorkPriorities</key>
      <value>1</value>
    </li>
    <li>
      <key>GettingMoreTraders</key>
      <value>1</value>
    </li>
    <li>
      <key>InspectRoomStats</key>
      <value>1</value>
    </li>
    <li>
      <key>Outfits</key>
      <value>1</value>
    </li>
    <li>
      <key>FirePreparation</key>
      <value>1</value>
    </li>
    <li>
      <key>HistoryTab</key>
      <value>1</value>
    </li>
    <li>
      <key>ClickingMessages</key>
      <value>1</value>
    </li>
    <li>
      <key>ShotAccuracyTooltip</key>
      <value>1</value>
    </li>
    <li>
      <key>FriendlyFireSafety</key>
      <value>1</value>
    </li>
    <li>
      <key>TradeGoodsMustBeNearBeacon</key>
      <value>0</value>
    </li>
    <li>
      <key>ArrestingCreatesEnemies</key>
      <value>1</value>
    </li>
    <li>
      <key>SwitchFlickingDesignation</key>
      <value>1</value>
    </li>
    <li>
      <key>MaxNumberOfPlayerSettlements</key>
      <value>1</value>
    </li>
    <li>
      <key>TradingRequiresPermit</key>
      <value>1</value>
    </li>
    <li>
      <key>MeditationSchedule</key>
      <value>1</value>
    </li>
    <li>
      <key>MeditationDesiredPsyfocus</key>
      <value>1</value>
    </li>
    <li>
      <key>EditingMemes</key>
      <value>1</value>
    </li>
    <li>
      <key>EditingPrecepts</key>
      <value>1</value>
    </li>
    <li>
      <key>QRY_ReclaimingSoil</key>
      <value>0</value>
    </li>
    <li>
      <key>GuestBeds</key>
      <value>1</value>
    </li>
    <li>
      <key>RecruitGuest</key>
      <value>1</value>
    </li>
    <li>
      <key>GuestWork</key>
      <value>1</value>
    </li>
    <li>
      <key>Hospitality</key>
      <value>1</value>
    </li>
    <li>
      <key>Concept_SimpleSidearmsBasic</key>
      <value>1</value>
    </li>
    <li>
      <key>Concept_SidearmsDropping</key>
      <value>1</value>
    </li>
    <li>
      <key>Concept_SidearmsMissing</key>
      <value>1</value>
    </li>
    <li>
      <key>Concept_SimpleSidearmsPreference</key>
      <value>1</value>
    </li>
    <li>
      <key>Concept_SimpleSidearmsAdvancedRanged</key>
      <value>1</value>
    </li>
    <li>
      <key>Concept_SimpleSidearmsAdvancedMelee</key>
      <value>1</value>
    </li>
    <li>
      <key>Concept_SimpleSidearmsAdvancedDrafted</key>
      <value>1</value>
    </li>
    <li>
      <key>Concept_SimpleSidearmsLosingWeapons</key>
      <value>1</value>
    </li>
    <li>
      <key>Concept_CEOverride</key>
      <value>1</value>
    </li>
    <li>
      <key>RE_PrefabDoorStates</key>
      <value>0</value>
    </li>
    <li>
      <key>RE_PrefabOutdoorLampsPower</key>
      <value>0</value>
    </li>
    <li>
      <key>RE_PrefabWallLamps</key>
      <value>0</value>
    </li>
    <li>
      <key>BuildersTryMine</key>
      <value>0</value>
    </li>
    <li>
      <key>PrisonLabor_Indroduction</key>
      <value>1</value>
    </li>
    <li>
      <key>PrisonLabor_Motivation</key>
      <value>1</value>
    </li>
    <li>
      <key>PrisonLabor_Growing</key>
      <value>1</value>
    </li>
    <li>
      <key>PrisonLabor_Management</key>
      <value>1</value>
    </li>
    <li>
      <key>PrisonLabor_Timetable</key>
      <value>1</value>
    </li>
    <li>
      <key>PrisonLabor_Treatment</key>
      <value>1</value>
    </li>
    <li>
      <key>TM_Portals</key>
      <value>1</value>
    </li>
    <li>
      <key>TM_Enchanting</key>
      <value>1</value>
    </li>
    <li>
      <key>TM_EnchantingII</key>
      <value>1</value>
    </li>
    <li>
      <key>GUC_Animal_Handling</key>
      <value>1</value>
    </li>
    <li>
      <key>BM_Mounting</key>
      <value>1</value>
    </li>
    <li>
      <key>BM_Enemy_Mounting</key>
      <value>1</value>
    </li>
    <li>
      <key>SerumExtraction</key>
      <value>0</value>
    </li>
    <li>
      <key>MergingPawns</key>
      <value>0</value>
    </li>
    <li>
      <key>Chaomorphs</key>
      <value>1</value>
    </li>
    <li>
      <key>Tagging</key>
      <value>0</value>
    </li>
    <li>
      <key>PM_Injectors</key>
      <value>0</value>
    </li>
    <li>
      <key>PM_Genebanks</key>
      <value>0</value>
    </li>
    <li>
      <key>PM_PartPicker</key>
      <value>0</value>
    </li>
    <li>
      <key>O21_Concept_AutomatedProduction</key>
      <value>0</value>
    </li>
    <li>
      <key>CE_ReusableNeolithicProjectiles</key>
      <value>0</value>
    </li>
    <li>
      <key>CE_Reload</key>
      <value>0</value>
    </li>
    <li>
      <key>CE_ReloadNoMag</key>
      <value>0</value>
    </li>
    <li>
      <key>CE_ReloadAuto</key>
      <value>0</value>
    </li>
    <li>
      <key>CE_ReloadManned</key>
      <value>0</value>
    </li>
    <li>
      <key>CE_FireModes</key>
      <value>0</value>
    </li>
    <li>
      <key>CE_AimModes</key>
      <value>0</value>
    </li>
    <li>
      <key>CE_Spotting</key>
      <value>0</value>
    </li>
    <li>
      <key>CE_MortarDirectFire</key>
      <value>0</value>
    </li>
    <li>
      <key>CE_AimingSystem</key>
      <value>1</value>
    </li>
    <li>
      <key>CE_Stabilizing</key>
      <value>0</value>
    </li>
    <li>
      <key>CE_Shields</key>
      <value>0</value>
    </li>
    <li>
      <key>CE_ArmorSystem</key>
      <value>0</value>
    </li>
    <li>
      <key>CE_SuppressionReaction</key>
      <value>0</value>
    </li>
    <li>
      <key>CE_Hunkering</key>
      <value>0</value>
    </li>
    <li>
      <key>CE_WornBulk</key>
      <value>0</value>
    </li>
    <li>
      <key>CE_Crouching</key>
      <value>0</value>
    </li>
    <li>
      <key>CE_NightVision</key>
      <value>0</value>
    </li>
    <li>
      <key>CE_MuzzleFlash</key>
      <value>0</value>
    </li>
    <li>
      <key>CE_TargettedModes</key>
      <value>0</value>
    </li>
    <li>
      <key>CE_Bipods</key>
      <value>0</value>
    </li>
    <li>
      <key>CE_TargettedModesMelee</key>
      <value>0</value>
    </li>
    <li>
      <key>CE_InventoryWeightBulk</key>
      <value>1</value>
    </li>
    <li>
      <key>CE_Loadouts</key>
      <value>0</value>
    </li>
    <li>
      <key>CE_AmmoCrafting</key>
      <value>0</value>
    </li>
    <li>
      <key>CE_ObtainingFSX</key>
      <value>0</value>
    </li>
    <li>
      <key>CE_ObtainingPrometheum</key>
      <value>0</value>
    </li>
    <li>
      <key>CE_CentipedeArmor</key>
      <value>0</value>
    </li>
    <li>
      <key>CE_AmmoSettings</key>
      <value>0</value>
    </li>
    <li>
      <key>RimWriter_PaperMaking</key>
      <value>0</value>
    </li>
    <li>
      <key>RimWriter_BookBurning</key>
      <value>0</value>
    </li>
    <li>
      <key>Jecrell_TypewriterTable</key>
      <value>0</value>
    </li>
    <li>
      <key>Mizu_DrawWater</key>
      <value>0</value>
    </li>
    <li>
      <key>Mizu_DrinkWater</key>
      <value>0</value>
    </li>
    <li>
      <key>Mizu_PurifyWater</key>
      <value>0</value>
    </li>
    <li>
      <key>Mizu_UndergroundWater</key>
      <value>0</value>
    </li>
    <li>
      <key>Mizu_Waterworks</key>
      <value>0</value>
    </li>
    <li>
      <key>SteamDeckControlsMainMenu</key>
      <value>0</value>
    </li>
    <li>
      <key>SteamDeckControlsGame</key>
      <value>0</value>
    </li>
    <li>
      <key>WhoreBeds</key>
      <value>0</value>
    </li>
  </knowledge>
</ConceptKnowledge>