﻿<?xml version="1.0" encoding="utf-8"?>
<SettingsBlock>
	<ModSettings Class="AnimalBehaviours.VanillaAnimalsExpanded_Settings">
		<pawnSpawnStates>
			<keys>
				<li>Bear_Grizzly</li>
				<li>Bear_Polar</li>
				<li>Ostrich</li>
				<li>Emu</li>
				<li>Cassowary</li>
				<li>Cougar</li>
				<li>Panther</li>
				<li>Lynx</li>
				<li>Cat</li>
				<li>YorkshireTerrier</li>
				<li>GuineaPig</li>
				<li>LabradorRetriever</li>
				<li>Husky</li>
				<li>Monkey</li>
				<li>Chicken</li>
				<li>Duck</li>
				<li>Turkey</li>
				<li>Goose</li>
				<li>Cow</li>
				<li>Boomalope</li>
				<li>Muffalo</li>
				<li>Bison</li>
				<li>Dromedary</li>
				<li>Goat</li>
				<li>Elk</li>
				<li>Yak</li>
				<li>Caribou</li>
				<li>Horse</li>
				<li>Donkey</li>
				<li>Elephant</li>
				<li>Rhinoceros</li>
				<li>Hare</li>
				<li>Snowhare</li>
				<li>Cobra</li>
				<li>Tortoise</li>
				<li>Pig</li>
				<li>WildBoar</li>
				<li>Ibex</li>
				<li>Deer</li>
				<li>Gazelle</li>
				<li>Chinchilla</li>
				<li>Sheep</li>
				<li>Alpaca</li>
				<li>Megasloth</li>
				<li>Capybara</li>
				<li>Squirrel</li>
				<li>Rat</li>
				<li>Boomrat</li>
				<li>Raccoon</li>
				<li>Iguana</li>
				<li>Warg</li>
				<li>Wolf_Timber</li>
				<li>Wolf_Arctic</li>
				<li>Fox_Fennec</li>
				<li>Fox_Red</li>
				<li>Fox_Arctic</li>
				<li>RG_WoollyMammoth</li>
				<li>RG_WoollyRhinoceros</li>
				<li>RG_WoollyStegosaurus</li>
				<li>RG_SabertoothSquirrel</li>
				<li>RG_Protoceratidae</li>
				<li>RG_Dodo</li>
				<li>RG_ArcticDrak</li>
				<li>RG_TerrorBird</li>
				<li>RG_Megalenhydris</li>
				<li>RG_Thrinaxodon</li>
				<li>RG_Velociraptor</li>
				<li>AEXP_Coyote</li>
				<li>AEXP_Giraffe</li>
				<li>AEXP_Hippopotamus</li>
				<li>AEXP_Zebra</li>
				<li>AEXP_Wildebeest</li>
				<li>AEXP_Crocodile</li>
				<li>AEXP_Cheetah</li>
				<li>AEXP_Camel</li>
				<li>AEXP_Rattlesnake</li>
				<li>AEXP_Megascorpion</li>
				<li>AEXP_Penguin</li>
				<li>AEXP_Seal</li>
				<li>AEXP_Walrus</li>
				<li>AEXP_Otter</li>
				<li>AEXP_ArcticCoyote</li>
				<li>AEXP_BlackBear</li>
				<li>VAECaves_AncientGiantSpider</li>
				<li>VAECaves_BlindSalamander</li>
				<li>VAECaves_CaveBear</li>
				<li>VAECaves_CaveCrawler</li>
				<li>VAECaves_GiantSpider</li>
				<li>VAECaves_GiantSpiderHatchling</li>
				<li>VAECaves_InsectoidHulk</li>
				<li>VAECaves_Wyrm</li>
				<li>AEXP_Boombat</li>
				<li>AEXP_Kangaroo</li>
				<li>AEXP_Koala</li>
				<li>AEXP_Platypus</li>
				<li>AEXP_Muskox</li>
				<li>AEXP_Moose</li>
				<li>AEXP_MegaWolverine</li>
				<li>AEXP_Porcupine</li>
				<li>AEXP_Hyena</li>
				<li>AEXP_DesertTortoise</li>
				<li>AEXP_Lion</li>
				<li>AEXP_GilaMonster</li>
				<li>AEXP_RedPanda</li>
				<li>AEXP_Badger</li>
				<li>AEXP_WildGoose</li>
				<li>AEXP_Beaver</li>
				<li>AEXP_Hedgehog</li>
				<li>AEXP_Gorilla</li>
				<li>AEXP_Jaguar</li>
				<li>AEXP_Lemur</li>
				<li>AEXP_Mandrill</li>
				<li>AEXP_Tapir</li>
				<li>AEXP_Tiger</li>
				<li>AEXP_Alligator</li>
				<li>AEXP_Anaconda</li>
				<li>AEXP_IndianElephant</li>
			</keys>
			<values>
				<li>False</li>
				<li>False</li>
				<li>False</li>
				<li>False</li>
				<li>False</li>
				<li>False</li>
				<li>False</li>
				<li>False</li>
				<li>False</li>
				<li>False</li>
				<li>False</li>
				<li>False</li>
				<li>False</li>
				<li>False</li>
				<li>False</li>
				<li>False</li>
				<li>False</li>
				<li>False</li>
				<li>False</li>
				<li>False</li>
				<li>False</li>
				<li>False</li>
				<li>False</li>
				<li>False</li>
				<li>False</li>
				<li>False</li>
				<li>False</li>
				<li>False</li>
				<li>False</li>
				<li>False</li>
				<li>False</li>
				<li>False</li>
				<li>False</li>
				<li>False</li>
				<li>False</li>
				<li>False</li>
				<li>False</li>
				<li>False</li>
				<li>False</li>
				<li>False</li>
				<li>False</li>
				<li>False</li>
				<li>False</li>
				<li>False</li>
				<li>False</li>
				<li>False</li>
				<li>False</li>
				<li>False</li>
				<li>False</li>
				<li>False</li>
				<li>False</li>
				<li>False</li>
				<li>False</li>
				<li>False</li>
				<li>False</li>
				<li>False</li>
				<li>False</li>
				<li>False</li>
				<li>False</li>
				<li>False</li>
				<li>False</li>
				<li>False</li>
				<li>False</li>
				<li>False</li>
				<li>False</li>
				<li>False</li>
				<li>False</li>
				<li>False</li>
				<li>False</li>
				<li>False</li>
				<li>False</li>
				<li>False</li>
				<li>False</li>
				<li>False</li>
				<li>False</li>
				<li>False</li>
				<li>False</li>
				<li>False</li>
				<li>False</li>
				<li>False</li>
				<li>False</li>
				<li>False</li>
				<li>False</li>
				<li>False</li>
				<li>False</li>
				<li>False</li>
				<li>False</li>
				<li>False</li>
				<li>False</li>
				<li>False</li>
				<li>False</li>
				<li>False</li>
				<li>False</li>
				<li>False</li>
				<li>False</li>
				<li>False</li>
				<li>False</li>
				<li>False</li>
				<li>False</li>
				<li>False</li>
				<li>False</li>
				<li>False</li>
				<li>False</li>
				<li>False</li>
				<li>False</li>
				<li>False</li>
				<li>False</li>
				<li>False</li>
				<li>False</li>
				<li>False</li>
				<li>False</li>
				<li>False</li>
				<li>False</li>
				<li>False</li>
				<li>False</li>
				<li>False</li>
				<li>False</li>
			</values>
		</pawnSpawnStates>
	</ModSettings>
</SettingsBlock>