﻿<?xml version="1.0" encoding="utf-8"?>
<SettingsBlock>
	<ModSettings Class="PeteTimesSix.SimpleSidearms.SimpleSidearms_Settings">
		<SettingsEverOpened>True</SettingsEverOpened>
		<ActivePreset>Advanced</ActivePreset>
		<SeparateModes>True</SeparateModes>
		<LimitModeSingleMelee>AbsoluteWeight</LimitModeSingleMelee>
		<LimitModeSingleRanged>AbsoluteWeight</LimitModeSingleRanged>
		<LimitModeAmountTotal>AbsoluteWeight</LimitModeAmountTotal>
		<LimitModeSingle_Selection>
			<li>TM_DemonFang</li>
			<li>VFE_MeleeWeapon_DaneAxe</li>
			<li>VFEM_MeleeWeapon_Claymore</li>
			<li>VWE_MeleeWeapon_Shovel</li>
			<li>Melee_Machete</li>
			<li>VFEM_MeleeWeapon_HeavyMace</li>
			<li>MeleeWeapon_FeralGlaive</li>
			<li>VWE_MeleeWeapon_Cleaver</li>
			<li>VWE_MeleeWeapon_Scalpel</li>
			<li>VFE_ThrowingAxe</li>
			<li>VWE_MeleeWeapon_Pickaxe</li>
			<li>VFE_MeleeWeapon_BeardedAxe</li>
			<li>MeleeWeapon_Gladius</li>
			<li>Ranged_Tomahawk</li>
			<li>VFE_MeleeWeapon_Seax</li>
			<li>MeleeWeapon_Axe</li>
			<li>VFES_Tomahawk</li>
			<li>MeleeWeapon_Mace</li>
			<li>VWE_MeleeWeapon_Baton</li>
			<li>VWE_MeleeWeapon_CombatKnife</li>
			<li>MeleeWeapon_BreachAxe</li>
			<li>MeleeWeapon_Ikwa</li>
			<li>MeleeWeapon_FeralCleaver</li>
			<li>VWE_Throwing_Knives</li>
			<li>VWE_MeleeWeapon_Axe</li>
			<li>TM_ThrumboSaber</li>
			<li>MeleeWeapon_Knife</li>
			<li>VWE_MeleeWeapon_LightClub</li>
			<li>VWE_Throwing_Shards</li>
			<li>Melee_Vibraslicer</li>
			<li>VWEL_Gun_LaserSMG</li>
			<li>Itzal_AscendedPistol</li>
			<li>VWE_MeleeWeapon_Shiv</li>
			<li>MeleeWeapon_PsyfocusStaff</li>
			<li>VWEL_LaserSword</li>
			<li>VWEL_Gun_LaserPistol</li>
			<li>VFE_Plasmasaw</li>
			<li>REN7_Gun_N7SMG</li>
			<li>Itzal_ParticlePistol</li>
			<li>VWEL_Gun_SalvagedLaserPistol</li>
			<li>RE_Gun_N7Pistol</li>
			<li>Itzal_GWSBow</li>
			<li>VWEFT_Gun_SalvagedLaserRevolver</li>
			<li>RE_Gun_AsariAssaultRifle</li>
			<li>RE_Gun_AsariShotgun</li>
			<li>Itzal_ATPistol</li>
			<li>Melee_Stabhappy</li>
			<li>RE_MeleeWeapon_AsariSword</li>
			<li>Weapon_GrenadeMechanite</li>
			<li>RE_Gun_AllianceSMG</li>
			<li>RE_Gun_AllianceCompactSMG</li>
			<li>RE_Gun_AllianceHandcannon</li>
			<li>AD_FedPlasmaGrenades</li>
			<li>Itzal_StrikePistol</li>
			<li>VWE_ToxicGrenade</li>
			<li>VWE_Gun_Taser</li>
			<li>RE_Gun_AsariPistol</li>
			<li>MeleeWeapon_TorchSword</li>
			<li>RE_Gun_AlliancePistol</li>
			<li>REN7_MeleeWeapon_N7Blade</li>
			<li>Itzal_TacShovel</li>
			<li>Itzal_TacSword</li>
			<li>VWE_Gun_ChargePistol</li>
			<li>TE_Eris</li>
			<li>TE_KineticPistol</li>
			<li>Itzal_Tac_Revolver</li>
			<li>WoWM_Alliance_LongSword</li>
			<li>WoWM_Forsaken_Blade</li>
			<li>WoWM_Forsaken_CrescentBlade</li>
			<li>WoWM_HighElf_Sabre</li>
			<li>WoWR_BloodElf_HawkBow</li>
			<li>WoWR_HighElf_RecurveBow</li>
			<li>VWE_Gun_GaussMagnum</li>
			<li>Gun_ChargeSidearm</li>
			<li>VFES_Weapon_GrenadeDynamite</li>
			<li>Gun_SmartPistol</li>
			<li>Itzal_CarbonMP</li>
			<li>Itzal_Menacing_Revolver</li>
			<li>GD_MSST</li>
			<li>GD_MSSS</li>
			<li>GD_MSSF</li>
			<li>Itzal_AreoCarbine</li>
			<li>GD_Bobcat</li>
			<li>Itzal_AreoRifle</li>
			<li>Weapon_GrenadeEMP</li>
			<li>VWE_FlashGrenade</li>
			<li>Itzal_AutoMilitaryPistol</li>
			<li>Itzal_BKnife</li>
			<li>Itzal_PCarbine</li>
			<li>Itzal_HBow</li>
			<li>Itzal_APPistol</li>
			<li>GD_Sabertooth</li>
			<li>VWE_TearGasGrenade</li>
			<li>Itzal_AutoRevolver</li>
			<li>Weapon_GrenadeFrag</li>
			<li>VWE_MeleeWeapon_TribalAxe</li>
			<li>WoWM_Alliance_BastardSword</li>
			<li>WoWM_Bloodelf_Warblade</li>
			<li>WoWM_Bloodelf_Warmace</li>
			<li>WoWM_Bloodelf_Ranseur</li>
			<li>WoWM_Bloodelf_Glaive</li>
			<li>WoWM_Draenei_Gavel</li>
			<li>WoWM_Forsaken_Cleaver</li>
			<li>WoWM_Forsaken_Dirk</li>
			<li>WoWM_HighElf_Dagger</li>
			<li>WoWM_Horde_WarCleaver</li>
			<li>WoWM_Horde_Gladius</li>
			<li>WoWM_NightElf_Tomahawk</li>
			<li>WoWM_NightElf_Moonglaive</li>
			<li>WoWR_Alliance_Longbow</li>
			<li>WoWR_NightElf_RecurveBow</li>
			<li>WoWR_BloodElf_Bow</li>
			<li>WoWR_HighElf_Longbow</li>
			<li>WoWR_Forsaken_DarkBow</li>
			<li>Weapon_GrenadeMolotov</li>
			<li>Itzal_RocketPistol</li>
			<li>Itzal_BPistol</li>
			<li>Itzal_Raffica</li>
			<li>Ranged_Slinger</li>
			<li>VWEFT_Gun_Derringer</li>
			<li>Gun_PistolHeavyRevolver</li>
			<li>Itzal_PathShotgun</li>
			<li>VWEFT_Gun_HeavyRevolver</li>
			<li>Itzal_CovertPistol</li>
			<li>Weapon_GrenadeSmoke</li>
			<li>Itzal_MilitaryPistol</li>
			<li>Itzal_ManstopperPistol</li>
			<li>Bow_Compound</li>
			<li>Itzal_ScopedRevolver</li>
			<li>VWEFT_Gun_VolcanicPistol</li>
			<li>VWE_Gun_AutomaticPistol</li>
			<li>Itzal_TargetPistol</li>
			<li>Itzal_LBpistol</li>
			<li>VWEFT_Gun_FrontierPistol</li>
			<li>VWE_Weapon_FireBomb</li>
			<li>Itzal_SL_Revolver</li>
			<li>AD_AuxPistol</li>
			<li>VWE_SawedOffShotgun</li>
			<li>VWE_CombatHandgun</li>
			<li>Itzal_ContingencyRifle</li>
			<li>VWE_Gun_Flintlock</li>
			<li>Itzal_PolicePistol</li>
			<li>Itzal_CompactPistol</li>
			<li>Itzal_LongRevolver</li>
			<li>Itzal_Glauser</li>
			<li>Itzal_TankerMPistol</li>
			<li>VFES_Gun_DoubleActionRevolver</li>
			<li>VWE_Bow_Compound</li>
			<li>Gun_Autopistol</li>
			<li>RNGun_BrowningHiPower_Pistol</li>
			<li>Ranged_Blowgun</li>
			<li>Gun_Revolver</li>
			<li>RNGun_Revolver_ColtWalker</li>
			<li>RNGun_Revolver_RemingtonSingleActionArmy</li>
			<li>RNGun_Revolver_SWModel3R</li>
			<li>RNGun_Revolver_SWModel29R</li>
			<li>RNGun_Revolver_ColtPeacemaker</li>
			<li>Itzal_LRevolver</li>
			<li>VWE_MeleeWeapon_StunBaton</li>
			<li>Itzal_Evoker</li>
			<li>VWE_SmokeGrenade</li>
			<li>Itzal_EmergencySMG</li>
			<li>VWE_Tool_Whip</li>
			<li>TM_ElephantTusk</li>
			<li>Seer_FireRing</li>
			<li>Seer_IceRing</li>
			<li>Seer_LightningRing</li>
			<li>Itzal_CivPistol</li>
			<li>VWE_Gun_RubberBulletPistol</li>
			<li>Itzal_CutlassP</li>
			<li>Gun_Blowgun</li>
			<li>Bowrecurve_Flame</li>
			<li>Bow_Recurve</li>
			<li>Itzal_CheapPistol</li>
			<li>ElephantTusk</li>
			<li>VWE_Gun_MakeshiftPistol</li>
			<li>Bowshort_Flame</li>
			<li>Bow_Short</li>
			<li>RNMeleeWeapon_VintageKABAR_Knife</li>
			<li>Itzal_AircrewRevolver</li>
			<li>Itzal_PocketPistol</li>
			<li>VWE_Sling</li>
			<li>Beer</li>
			<li>AB_WeaponPoisonDart</li>
			<li>WoodLog</li>
		</LimitModeSingle_Selection>
		<LimitModeSingleMelee_AbsoluteMass>2.25</LimitModeSingleMelee_AbsoluteMass>
		<LimitModeSingleMelee_Selection>
			<li>TM_DemonFang</li>
			<li>VFE_MeleeWeapon_DaneAxe</li>
			<li>VFEM_MeleeWeapon_Claymore</li>
			<li>VWE_MeleeWeapon_Shovel</li>
			<li>Melee_Machete</li>
			<li>VFEM_MeleeWeapon_HeavyMace</li>
			<li>MeleeWeapon_FeralGlaive</li>
			<li>VWE_MeleeWeapon_Cleaver</li>
			<li>VWE_MeleeWeapon_Scalpel</li>
			<li>VWE_MeleeWeapon_Pickaxe</li>
			<li>VFE_MeleeWeapon_BeardedAxe</li>
			<li>MeleeWeapon_Gladius</li>
			<li>VFE_MeleeWeapon_Seax</li>
			<li>MeleeWeapon_Axe</li>
			<li>MeleeWeapon_Mace</li>
			<li>VWE_MeleeWeapon_Baton</li>
			<li>VWE_MeleeWeapon_CombatKnife</li>
			<li>MeleeWeapon_BreachAxe</li>
			<li>MeleeWeapon_Ikwa</li>
			<li>MeleeWeapon_FeralCleaver</li>
			<li>VWE_MeleeWeapon_Axe</li>
			<li>TM_ThrumboSaber</li>
			<li>MeleeWeapon_Knife</li>
			<li>VWE_MeleeWeapon_LightClub</li>
			<li>Melee_Vibraslicer</li>
			<li>VWE_MeleeWeapon_Shiv</li>
			<li>MeleeWeapon_PsyfocusStaff</li>
			<li>VWEL_LaserSword</li>
			<li>VFE_Plasmasaw</li>
			<li>Melee_Stabhappy</li>
			<li>RE_MeleeWeapon_AsariSword</li>
			<li>MeleeWeapon_TorchSword</li>
			<li>REN7_MeleeWeapon_N7Blade</li>
			<li>Itzal_TacShovel</li>
			<li>Itzal_TacSword</li>
			<li>TE_Eris</li>
			<li>WoWM_Alliance_LongSword</li>
			<li>WoWM_Forsaken_Blade</li>
			<li>WoWM_Forsaken_CrescentBlade</li>
			<li>WoWM_HighElf_Sabre</li>
			<li>GD_Sabertooth</li>
			<li>VWE_MeleeWeapon_TribalAxe</li>
			<li>WoWM_Alliance_BastardSword</li>
			<li>WoWM_Bloodelf_Warblade</li>
			<li>WoWM_Bloodelf_Warmace</li>
			<li>WoWM_Bloodelf_Ranseur</li>
			<li>WoWM_Bloodelf_Glaive</li>
			<li>WoWM_Draenei_Gavel</li>
			<li>WoWM_Forsaken_Cleaver</li>
			<li>WoWM_Forsaken_Dirk</li>
			<li>WoWM_HighElf_Dagger</li>
			<li>WoWM_Horde_WarCleaver</li>
			<li>WoWM_Horde_Gladius</li>
			<li>WoWM_NightElf_Tomahawk</li>
			<li>WoWM_NightElf_Moonglaive</li>
			<li>VWE_MeleeWeapon_StunBaton</li>
			<li>TM_ElephantTusk</li>
			<li>ElephantTusk</li>
			<li>RNMeleeWeapon_VintageKABAR_Knife</li>
			<li>Beer</li>
			<li>WoodLog</li>
		</LimitModeSingleMelee_Selection>
		<LimitModeSingleRanged_AbsoluteMass>5</LimitModeSingleRanged_AbsoluteMass>
		<LimitModeSingleRanged_Selection>
			<li>VFE_ThrowingAxe</li>
			<li>Ranged_Tomahawk</li>
			<li>VFES_Tomahawk</li>
			<li>VWE_Throwing_Knives</li>
			<li>VWE_Throwing_Shards</li>
			<li>VWEL_Gun_LaserSMG</li>
			<li>Itzal_AscendedPistol</li>
			<li>VWEL_Gun_LaserPistol</li>
			<li>Gun_MechaSniperRifle</li>
			<li>VFE_Gun_Plasmacutter</li>
			<li>REN7_Gun_N7SMG</li>
			<li>RE_Gun_AsariSniperRifle</li>
			<li>Itzal_ParticlePistol</li>
			<li>VWEL_Gun_SalvagedLaserPistol</li>
			<li>RE_Gun_N7Pistol</li>
			<li>Itzal_GWSBow</li>
			<li>VWEFT_Gun_SalvagedLaserRevolver</li>
			<li>RE_Gun_AsariAssaultRifle</li>
			<li>RE_Gun_AsariShotgun</li>
			<li>TM_ElephantBow</li>
			<li>Itzal_ATPistol</li>
			<li>Weapon_GrenadeMechanite</li>
			<li>YP_SagPung</li>
			<li>RE_Gun_AllianceSMG</li>
			<li>RE_Gun_AllianceCompactSMG</li>
			<li>RE_Gun_AllianceHandcannon</li>
			<li>AD_FedPlasmaGrenades</li>
			<li>GD_MSSH</li>
			<li>Itzal_StrikePistol</li>
			<li>VFEV_CryptoPistol</li>
			<li>VWE_ToxicGrenade</li>
			<li>VWE_Gun_Taser</li>
			<li>RE_Gun_AsariPistol</li>
			<li>RE_Gun_AlliancePistol</li>
			<li>Itzal_MagSMG</li>
			<li>Itzal_UziC</li>
			<li>Itzal_BullpupPFR</li>
			<li>VWE_Gun_ChargePistol</li>
			<li>AD_CruciblePistol</li>
			<li>VWEFT_Gun_GaussRevolver</li>
			<li>TE_KineticPistol</li>
			<li>Itzal_Tac_Revolver</li>
			<li>WoWR_BloodElf_HawkBow</li>
			<li>WoWR_HighElf_RecurveBow</li>
			<li>VWE_Gun_GaussMagnum</li>
			<li>Gun_ChargeSidearm</li>
			<li>Itzal_PFRifle</li>
			<li>GD_ModularCarbine</li>
			<li>VFES_Weapon_GrenadeDynamite</li>
			<li>Gun_SmartPistol</li>
			<li>Itzal_CarbonMP</li>
			<li>Itzal_Menacing_Revolver</li>
			<li>GD_MSST</li>
			<li>GD_MSSS</li>
			<li>GD_MSSF</li>
			<li>Itzal_SBR</li>
			<li>Itzal_AreoCarbine</li>
			<li>GD_Bobcat</li>
			<li>Itzal_AreoRifle</li>
			<li>Weapon_GrenadeEMP</li>
			<li>VWE_FlashGrenade</li>
			<li>Itzal_AutoMilitaryPistol</li>
			<li>Itzal_BKnife</li>
			<li>Itzal_PCarbine</li>
			<li>Itzal_ScoutShotgun</li>
			<li>Itzal_HBow</li>
			<li>Itzal_BracedMachinePistol</li>
			<li>Itzal_APPistol</li>
			<li>VWE_TearGasGrenade</li>
			<li>Itzal_AutoRevolver</li>
			<li>Weapon_GrenadeFrag</li>
			<li>WoWR_Alliance_Longbow</li>
			<li>WoWR_NightElf_RecurveBow</li>
			<li>WoWR_BloodElf_Bow</li>
			<li>WoWR_HighElf_Longbow</li>
			<li>WoWR_Forsaken_DarkBow</li>
			<li>Weapon_GrenadeMolotov</li>
			<li>Itzal_RocketPistol</li>
			<li>Itzal_BPistol</li>
			<li>Itzal_Raffica</li>
			<li>Ranged_Slinger</li>
			<li>VWEFT_Gun_Derringer</li>
			<li>Itzal_HCPistol</li>
			<li>Gun_PistolHeavyRevolver</li>
			<li>Itzal_PathShotgun</li>
			<li>VWEFT_Gun_HeavyRevolver</li>
			<li>Itzal_CovertPistol</li>
			<li>Weapon_GrenadeSmoke</li>
			<li>Itzal_MilitaryPistol</li>
			<li>Itzal_ManstopperPistol</li>
			<li>Itzal_RevolverC</li>
			<li>Bow_Compound</li>
			<li>Itzal_ScopedRevolver</li>
			<li>VWEFT_Gun_VolcanicPistol</li>
			<li>VWE_Gun_AutomaticPistol</li>
			<li>Itzal_TargetPistol</li>
			<li>Itzal_LBpistol</li>
			<li>VWEFT_Gun_FrontierPistol</li>
			<li>Itzal_OBMachinePistol</li>
			<li>VWE_Weapon_FireBomb</li>
			<li>Itzal_SL_Revolver</li>
			<li>AD_AuxPistol</li>
			<li>VWE_SawedOffShotgun</li>
			<li>VWE_CombatHandgun</li>
			<li>Itzal_ContingencyRifle</li>
			<li>VWE_Gun_Flintlock</li>
			<li>Itzal_PolicePistol</li>
			<li>Itzal_CompactPistol</li>
			<li>Itzal_RebelSMG</li>
			<li>Itzal_LongRevolver</li>
			<li>Itzal_Glauser</li>
			<li>Itzal_TankerMPistol</li>
			<li>VFES_Gun_DoubleActionRevolver</li>
			<li>VWE_Bow_Compound</li>
			<li>Gun_Autopistol</li>
			<li>VWE_Gun_HandCannon</li>
			<li>RNGun_BrowningHiPower_Pistol</li>
			<li>Ranged_Blowgun</li>
			<li>Gun_Revolver</li>
			<li>RNGun_Revolver_ColtWalker</li>
			<li>RNGun_Revolver_RemingtonSingleActionArmy</li>
			<li>RNGun_Revolver_SWModel3R</li>
			<li>RNGun_Revolver_SWModel29R</li>
			<li>RNGun_Revolver_ColtPeacemaker</li>
			<li>Itzal_LRevolver</li>
			<li>Itzal_Evoker</li>
			<li>VWE_SmokeGrenade</li>
			<li>Itzal_EmergencySMG</li>
			<li>VWE_Tool_Whip</li>
			<li>Seer_FireRing</li>
			<li>Seer_IceRing</li>
			<li>Seer_LightningRing</li>
			<li>Itzal_CivPistol</li>
			<li>VWE_Gun_RubberBulletPistol</li>
			<li>Itzal_CutlassP</li>
			<li>VWE_Gun_MakeshiftSMG</li>
			<li>Gun_Blowgun</li>
			<li>Bowrecurve_Flame</li>
			<li>Bow_Recurve</li>
			<li>Itzal_CheapPistol</li>
			<li>VWE_Gun_MakeshiftPistol</li>
			<li>Bowshort_Flame</li>
			<li>Gun_ThrowingClubs</li>
			<li>Bow_Short</li>
			<li>Itzal_AircrewRevolver</li>
			<li>Itzal_PocketPistol</li>
			<li>Ranged_Torch</li>
			<li>VWE_Sling</li>
			<li>AB_WeaponPoisonDart</li>
		</LimitModeSingleRanged_Selection>
		<FumbleRecoveryChance>
			<li>(0.00, 0.00)</li>
			<li>(2.00, 0.15)</li>
			<li>(5.00, 0.85)</li>
			<li>(7.00, 1.00)</li>
			<li>(20.00, 1.00)</li>
		</FumbleRecoveryChance>
	</ModSettings>
</SettingsBlock>