﻿<?xml version="1.0" encoding="utf-8"?>
<SettingsBlock>
	<ModSettings Class="RimWorldRealFoW.RFOWSettings">
		<fogAlpha>VeryDark</fogAlpha>
		<animalVisionMod>0.753616</animalVisionMod>
		<turretVisionMod>1.200499</turretVisionMod>
		<wildLifeTabVisible>False</wildLifeTabVisible>
		<prisonerGiveVision>True</prisonerGiveVision>
		<hideEventNegative>True</hideEventNegative>
		<hideEventNeutral>True</hideEventNeutral>
		<hideEventPositive>True</hideEventPositive>
		<hideThreatBig>True</hideThreatBig>
		<hideThreatSmall>True</hideThreatSmall>
		<censorMode>True</censorMode>
		<hideSpeakBubble>True</hideSpeakBubble>
	</ModSettings>
</SettingsBlock>