﻿<?xml version="1.0" encoding="utf-8"?>
<SettingsBlock>
	<ModSettings Class="VFEM.MechShipsSettings">
		<mechShipStates>
			<keys>
				<li>VFEM_ShipLandFrigate</li>
				<li>VFEM_ShipLandDestroyer</li>
				<li>VFEM_ShipLandCruiser</li>
				<li>VFEM_ShipLandTroopship</li>
				<li>VFEM_ShipLandCarrier</li>
			</keys>
			<values>
				<li>0.1</li>
				<li>0.1</li>
				<li>0.07</li>
				<li>0.05</li>
				<li>0.02</li>
			</values>
		</mechShipStates>
		<mechShipPresences>
			<keys>
				<li>VFEM_Frigate</li>
				<li>VFEM_Destroyer</li>
				<li>VFEM_Cruiser</li>
				<li>VFEM_Troopship</li>
				<li>VFEM_Carrier</li>
			</keys>
			<values>
				<li>300</li>
				<li>450</li>
				<li>600</li>
				<li>1200</li>
				<li>2400</li>
			</values>
		</mechShipPresences>
		<mechShipColonistCount>
			<keys>
				<li>VFEM_ShipLandFrigate</li>
				<li>VFEM_ShipLandDestroyer</li>
				<li>VFEM_ShipLandCruiser</li>
				<li>VFEM_ShipLandTroopship</li>
				<li>VFEM_ShipLandCarrier</li>
			</keys>
			<values>
				<li>3</li>
				<li>3</li>
				<li>5</li>
				<li>5</li>
				<li>10</li>
			</values>
		</mechShipColonistCount>
		<mechShipWealthCount>
			<keys>
				<li>VFEM_ShipLandFrigate</li>
				<li>VFEM_ShipLandDestroyer</li>
				<li>VFEM_ShipLandCruiser</li>
				<li>VFEM_ShipLandTroopship</li>
				<li>VFEM_ShipLandCarrier</li>
			</keys>
			<values>
				<li>50000</li>
				<li>100000</li>
				<li>250000</li>
				<li>500000</li>
				<li>1000000</li>
			</values>
		</mechShipWealthCount>
		<mechShipDistances>
			<keys>
				<li>VFEM_ShipLandFrigate</li>
				<li>VFEM_ShipLandDestroyer</li>
				<li>VFEM_ShipLandCruiser</li>
				<li>VFEM_ShipLandTroopship</li>
				<li>VFEM_ShipLandCarrier</li>
			</keys>
			<values>
				<li>90</li>
				<li>90</li>
				<li>90</li>
				<li>120</li>
				<li>120</li>
			</values>
		</mechShipDistances>
		<VFEM_factorySpeedMultiplier>1</VFEM_factorySpeedMultiplier>
		<VFEM_SuperComputerResearchPointYield>1</VFEM_SuperComputerResearchPointYield>
	</ModSettings>
</SettingsBlock>