﻿<?xml version="1.0" encoding="utf-8"?>
<SettingsBlock>
	<ModSettings Class="BabiesAndChildren.BnCSettings">
		<accelerated_growth>True</accelerated_growth>
		<accelerated_growth_end_age>14</accelerated_growth_end_age>
		<baby_accelerated_growth>7</baby_accelerated_growth>
		<toddler_accelerated_growth>7</toddler_accelerated_growth>
		<child_accelerated_growth>7</child_accelerated_growth>
		<teenager_accelerated_growth>1</teenager_accelerated_growth>
		<baby_Inherit_percentage>_50</baby_Inherit_percentage>
		<OptionChildrenDropWeapons>True</OptionChildrenDropWeapons>
		<option_child_max_weapon_mass>2</option_child_max_weapon_mass>
		<GestationPeriodDays_Enable>True</GestationPeriodDays_Enable>
		<GestationPeriodDays>45</GestationPeriodDays>
		<enable_postpartum>True</enable_postpartum>
		<rarekids>True</rarekids>
		<cryVolume>0.8</cryVolume>
		<child_cute_act_enabled>True</child_cute_act_enabled>
		<HumanBodySize>1.1095</HumanBodySize>
		<HumanHeadSize>1.4083</HumanHeadSize>
		<HumanHairSize>1.2589</HumanHairSize>
		<HumanrootlocZ>-0.11</HumanrootlocZ>
		<AlienBodySize>1</AlienBodySize>
		<AlienHeadSizeA>1</AlienHeadSizeA>
		<AlienHeadSizeB>1</AlienHeadSizeB>
		<AlienHairSize>1</AlienHairSize>
		<AlienrootlocZ>-0.038</AlienrootlocZ>
		<AlienrootlocZ>-0.038</AlienrootlocZ>
		<ShowHairSize>1</ShowHairSize>
		<ShowHairLocY>-0.003</ShowHairLocY>
		<ShowHairHumanLocZ>0.092</ShowHairHumanLocZ>
		<ShowHairAlienLocZ>0.035</ShowHairAlienLocZ>
		<ShowHairAlienHFLocZ>0.048</ShowHairAlienHFLocZ>
		<FAModifier>0.8058</FAModifier>
		<DisabledRaces />
		<alienRaceSettings>
			<keys>
				<li>Alien_Cutebold</li>
				<li>Alien_Moyo</li>
				<li>StarWarsRaces_Wookiee</li>
			</keys>
			<values>
				<li>
					<defName>Cutebold</defName>
					<headOffset>0.8706897</headOffset>
				</li>
				<li>
					<defName>Moyo</defName>
					<headOffset>0.7666342</headOffset>
				</li>
				<li>
					<defName>StarWarsRaces_Wookiee</defName>
					<headOffset>0.648</headOffset>
				</li>
			</values>
		</alienRaceSettings>
	</ModSettings>
</SettingsBlock>