﻿<?xml version="1.0" encoding="utf-8"?>
<SettingsBlock>
	<ModSettings Class="StatueOfColonist.StatueOfColonistSettings">
		<autoName>True</autoName>
		<showClothForDisplay>True</showClothForDisplay>
		<scaleOfCloth>
			<keys>
				<li>Male</li>
				<li>Female</li>
				<li>Thin</li>
				<li>Hulk</li>
				<li>Fat</li>
			</keys>
			<values>
				<li>1</li>
				<li>1</li>
				<li>1</li>
				<li>1</li>
				<li>1</li>
			</values>
		</scaleOfCloth>
		<offsetStatueBody>
			<li>0</li>
			<li>0</li>
			<li>-0.1</li>
			<li>0</li>
			<li>0.05</li>
			<li>0</li>
			<li>0</li>
			<li>0</li>
			<li>-0.1</li>
			<li>0.2</li>
			<li>0.3</li>
			<li>0.3</li>
			<li>0.05</li>
			<li>0.05</li>
			<li>0</li>
		</offsetStatueBody>
	</ModSettings>
</SettingsBlock>