﻿<?xml version="1.0" encoding="utf-8"?>
<SettingsBlock>
	<ModSettings Class="DInterestsCallings.InterestsSettings">
		<learnRates>
			<keys>
				<li>DNoPassion</li>
				<li>DMinorPassion</li>
				<li>DMajorPassion</li>
				<li>DVocalHatred</li>
				<li>DStagnant</li>
				<li>DBored</li>
				<li>DMajorAversion</li>
				<li>DForgetful</li>
				<li>DMinorAversion</li>
				<li>DInvigorating</li>
				<li>DAllergic</li>
				<li>DInspiring</li>
				<li>DNaturalGenius</li>
				<li>DCompulsion</li>
			</keys>
			<values>
				<li>50</li>
				<li>90</li>
				<li>125</li>
				<li>100</li>
				<li>0</li>
				<li>110</li>
				<li>25</li>
				<li>180</li>
				<li>40</li>
				<li>40</li>
				<li>125</li>
				<li>60</li>
				<li>100</li>
				<li>160</li>
			</values>
		</learnRates>
		<canAppear>
			<keys>
				<li>DNoPassion</li>
				<li>DMinorPassion</li>
				<li>DMajorPassion</li>
				<li>DVocalHatred</li>
				<li>DStagnant</li>
				<li>DBored</li>
				<li>DMajorAversion</li>
				<li>DForgetful</li>
				<li>DMinorAversion</li>
				<li>DInvigorating</li>
				<li>DAllergic</li>
				<li>DInspiring</li>
				<li>DNaturalGenius</li>
				<li>DCompulsion</li>
			</keys>
			<values>
				<li>True</li>
				<li>True</li>
				<li>True</li>
				<li>True</li>
				<li>True</li>
				<li>True</li>
				<li>True</li>
				<li>True</li>
				<li>True</li>
				<li>True</li>
				<li>True</li>
				<li>True</li>
				<li>True</li>
				<li>True</li>
			</values>
		</canAppear>
	</ModSettings>
</SettingsBlock>