﻿<?xml version="1.0" encoding="utf-8"?>
<SettingsBlock>
	<ModSettings Class="MURWallLight.WallLightSettings">
		<MURWallLight_enableWallLight>True</MURWallLight_enableWallLight>
		<MURWallLight_glowRad>8</MURWallLight_glowRad>
		<MURWallLight_powerCost>10</MURWallLight_powerCost>
		<MURWallLight_steelCost>5</MURWallLight_steelCost>
		<MURWallLight_showLitRadius>False</MURWallLight_showLitRadius>
		<MURWallLight_showFacing>False</MURWallLight_showFacing>
		<MURWallLight_extendedColors>False</MURWallLight_extendedColors>
		<MURWallLight_enableSunLight>True</MURWallLight_enableSunLight>
		<MURWallLight_sunGlowRad>5</MURWallLight_sunGlowRad>
		<MURWallLight_sunPowerCost>600</MURWallLight_sunPowerCost>
		<MURWallLight_sunSteelCost>10</MURWallLight_sunSteelCost>
		<MURWallLight_sunDisableResting>False</MURWallLight_sunDisableResting>
		<MURWallLight_sunWhiteMode>False</MURWallLight_sunWhiteMode>
		<MURWallLight_enableDarklight>True</MURWallLight_enableDarklight>
	</ModSettings>
</SettingsBlock>