﻿<?xml version="1.0" encoding="utf-8"?>
<SettingsBlock>
	<ModSettings Class="Analyzer.Settings">
		<lineAliasing>0</lineAliasing>
		<showMax>True</showMax>
		<showAxis>False</showAxis>
		<showGrid>False</showGrid>
		<callsColour>RGBA(0.239, 0.784, 0.431, 1.000)</callsColour>
		<dnspyPath />
		<verboseLogging>True</verboseLogging>
		<disableTPSCounter>True</disableTPSCounter>
		<SavedPatches_Update />
		<SavedPatches_Tick />
		<allEnabled>
			<li>False</li>
			<li>False</li>
			<li>False</li>
		</allEnabled>
		<alertfilter>
			<keys />
			<values />
		</alertfilter>
	</ModSettings>
</SettingsBlock>