﻿<?xml version="1.0" encoding="utf-8"?>
<SettingsBlock>
	<ModSettings Class="RJW_Menstruation.Configurations">
		<ImplantationChanceAdjust>65</ImplantationChanceAdjust>
		<ImplantationChance>0.65</ImplantationChance>
		<FertilizeChanceAdjust>150</FertilizeChanceAdjust>
		<FertilizeChance>0.15</FertilizeChance>
		<CumDecayRatioAdjust>300</CumDecayRatioAdjust>
		<CumDecayRatio>0.3</CumDecayRatio>
		<CumFertilityDecayRatioAdjust>200</CumFertilityDecayRatioAdjust>
		<CumFertilityDecayRatio>0.2</CumFertilityDecayRatio>
		<CycleAcceleration>6</CycleAcceleration>
		<EnableWombIcon>True</EnableWombIcon>
		<EnableAnimalCycle>True</EnableAnimalCycle>
		<DrawWombStatus>True</DrawWombStatus>
		<DrawVaginaStatus>True</DrawVaginaStatus>
		<DrawEggOvray>True</DrawEggOvray>
		<Debug>False</Debug>
		<InfoDetail>All</InfoDetail>
		<EnableMenopause>True</EnableMenopause>
		<UseMultiplePregnancy>True</UseMultiplePregnancy>
		<EnableHeteroOvularTwins>True</EnableHeteroOvularTwins>
		<EnableEnzygoticTwins>True</EnableEnzygoticTwins>
		<EnzygoticTwinsChance>0.002</EnzygoticTwinsChance>
		<EnzygoticTwinsChanceAdjust>2</EnzygoticTwinsChanceAdjust>
		<MaxEnzygoticTwins>9</MaxEnzygoticTwins>
		<BleedingAmount>50</BleedingAmount>
		<EnableButtonInHT>True</EnableButtonInHT>
		<ShowFlag>Colonist, Prisoner</ShowFlag>
		<UseHybridExtention>True</UseHybridExtention>
		<MotherFirst>False</MotherFirst>
		<NippleTransitionVariance>0.2</NippleTransitionVariance>
		<NipplePermanentTransitionVariance>0.017</NipplePermanentTransitionVariance>
		<NippleMaximumTransition>0.4</NippleMaximumTransition>
		<NippleTransitionSpeed>0.035</NippleTransitionSpeed>
		<AllowShrinkIcon>True</AllowShrinkIcon>
		<EggLifespanMultiplier>1</EggLifespanMultiplier>
		<EnableBirthVaginaMorph>False</EnableBirthVaginaMorph>
		<VaginaMorphPower>0.2</VaginaMorphPower>
		<HybridOverride />
	</ModSettings>
</SettingsBlock>