﻿<?xml version="1.0" encoding="utf-8"?>
<SettingsBlock>
	<ModSettings Class="PerformanceOptimizer.PerformanceOptimizerSettings">
		<overviewLetterSent>True</overviewLetterSent>
		<optimizations>
			<li Class="PerformanceOptimizer.Watcher" />
			<li Class="PerformanceOptimizer.Optimization_Frame_WorkToBuild">
				<enabled>False</enabled>
			</li>
			<li Class="PerformanceOptimizer.Optimization_Building_Door_TicksToOpenNow">
				<enabled>False</enabled>
			</li>
			<li Class="PerformanceOptimizer.Optimization_GenCelestial_CurCelestialSunGlow">
				<enabled>False</enabled>
			</li>
			<li Class="PerformanceOptimizer.Optimization_Building_Door_FreePassage">
				<enabled>False</enabled>
			</li>
			<li Class="PerformanceOptimizer.Optimization_GenTemperature_AverageTemperatureAtTileForTwelfth">
				<enabled>False</enabled>
			</li>
			<li Class="PerformanceOptimizer.Optimization_PawnUtility_IsInvisible">
				<enabled>False</enabled>
			</li>
			<li Class="PerformanceOptimizer.Optimization_ForbidUtility_IsForbidden">
				<enabled>False</enabled>
			</li>
			<li Class="PerformanceOptimizer.Optimization_PlantFallColors_GetFallColorFactor">
				<enabled>False</enabled>
			</li>
			<li Class="PerformanceOptimizer.Optimization_Pawn_InteractionsTracker_CurrentSocialMode">
				<enabled>False</enabled>
			</li>
			<li Class="PerformanceOptimizer.Optimization_HediffDef_PossibleToDevelopImmunityNaturally">
				<enabled>False</enabled>
			</li>
			<li Class="PerformanceOptimizer.Optimization_StatWorker_MarketValue_CalculableRecipe">
				<enabled>False</enabled>
			</li>
			<li Class="PerformanceOptimizer.Optimization_SkillRecord_LearnRateFactor">
				<enabled>False</enabled>
			</li>
			<li Class="PerformanceOptimizer.Optimization_Precept_RoleSingle_RecacheActivity">
				<enabled>False</enabled>
			</li>
			<li Class="PerformanceOptimizer.Optimization_Precept_RoleMulti_RecacheActivity">
				<enabled>False</enabled>
			</li>
			<li Class="PerformanceOptimizer.Optimization_IdeoBuildingPresenceDemand_BuildingPresent">
				<enabled>False</enabled>
			</li>
			<li Class="PerformanceOptimizer.Optimization_WorldGrid_LongLatOf">
				<enabled>False</enabled>
			</li>
			<li Class="PerformanceOptimizer.Optimization_FixDuplicateXMLNodes">
				<enabled>False</enabled>
			</li>
			<li Class="PerformanceOptimizer.Optimization_BuildCopyCommandUtility_FindAllowedDesignator">
				<enabled>False</enabled>
			</li>
			<li Class="PerformanceOptimizer.Optimization_Building_Door_DoorRotationAt">
				<enabled>False</enabled>
			</li>
			<li Class="PerformanceOptimizer.Optimization_IdeoUtility_GetStyleDominance">
				<enabled>False</enabled>
			</li>
			<li Class="PerformanceOptimizer.Optimization_InspectGizmoGrid_DrawInspectGizmoGridFor">
				<enabled>False</enabled>
			</li>
			<li Class="PerformanceOptimizer.Optimization_WindManager_WindManagerTick">
				<enabled>False</enabled>
			</li>
			<li Class="PerformanceOptimizer.Optimization_Plant_TickLong">
				<enabled>False</enabled>
			</li>
			<li Class="PerformanceOptimizer.Optimization_AlertsReadoutOnGUI_Prefix" />
			<li Class="PerformanceOptimizer.Optimization_DoPlaySettings_DoPlaySettings" />
			<li Class="PerformanceOptimizer.Optimization_MainButtonsRoot_DoButtons" />
			<li Class="PerformanceOptimizer.Optimization_ResourceReadoutOnGUI" />
			<li Class="PerformanceOptimizer.Optimization_UIToggle" />
			<li Class="PerformanceOptimizer.Optimization_FasterGetCompReplacement">
				<enabled>False</enabled>
			</li>
			<li Class="PerformanceOptimizer.Optimization_DisableSounds_Update" />
			<li Class="PerformanceOptimizer.Optimization_JobGiver_ConfigurableHostilityResponse">
				<enabled>False</enabled>
			</li>
			<li Class="PerformanceOptimizer.Optimization_MentalBreaker_BreakThresholdExtreme">
				<enabled>False</enabled>
			</li>
			<li Class="PerformanceOptimizer.Optimization_MentalBreaker_BreakThresholdMajor">
				<enabled>False</enabled>
			</li>
			<li Class="PerformanceOptimizer.Optimization_MentalBreaker_BreakThresholdMinor">
				<enabled>False</enabled>
			</li>
			<li Class="PerformanceOptimizer.Optimization_Need_Beauty_CurrentInstantBeauty">
				<enabled>False</enabled>
			</li>
			<li Class="PerformanceOptimizer.Optimization_PawnCollisionPosOffsetFor">
				<enabled>False</enabled>
			</li>
			<li Class="PerformanceOptimizer.Optimization_PawnUtility_IsTeetotaler">
				<enabled>False</enabled>
			</li>
			<li Class="PerformanceOptimizer.Optimization_Pawn_DrawPos">
				<enabled>False</enabled>
			</li>
			<li Class="PerformanceOptimizer.Optimization_Pawn_JobTracker_DetermineNextConstantThinkTreeJob">
				<enabled>False</enabled>
			</li>
			<li Class="PerformanceOptimizer.Optimization_QuestUtility_IsQuestLodger">
				<enabled>False</enabled>
			</li>
			<li Class="PerformanceOptimizer.Optimization_Pawn_LabelCache">
				<enabled>False</enabled>
			</li>
			<li Class="PerformanceOptimizer.Optimization_ThoughtHandler_TotalMoodOffset">
				<enabled>False</enabled>
			</li>
			<li Class="PerformanceOptimizer.Optimization_DoPlaySettings_DoTimespeedControls" />
		</optimizations>
	</ModSettings>
</SettingsBlock>