﻿<?xml version="1.0" encoding="utf-8"?>
<SettingsBlock>
	<ModSettings Class="Lanilor.LootBoxes.Mod.ModSettingsLootBoxes">
		<UseIngameRewardsGenerator>True</UseIngameRewardsGenerator>
		<UseBonusLootChance>True</UseBonusLootChance>
		<AllowPsychicAmplifierSpawn>True</AllowPsychicAmplifierSpawn>
		<BonusLootChance>1.5</BonusLootChance>
		<RewardTreasureLootboxChance>25</RewardTreasureLootboxChance>
		<RewardCommonSmallLootboxChance>20</RewardCommonSmallLootboxChance>
		<RewardCommonLargeLootboxChance>15</RewardCommonLargeLootboxChance>
		<RewardGoldSmallLootboxChance>10</RewardGoldSmallLootboxChance>
		<RewardGoldLargeLootboxChance>5</RewardGoldLargeLootboxChance>
		<RewardPandoraLootboxChance>1</RewardPandoraLootboxChance>
		<TreasureBoxMinimumDropCount>1</TreasureBoxMinimumDropCount>
		<TreasureBoxMaximumDropCount>3</TreasureBoxMaximumDropCount>
		<TreasureBoxRewardLootboxChanceMultiplier>0.25</TreasureBoxRewardLootboxChanceMultiplier>
		<TreasureBoxRewardItemsValue>150</TreasureBoxRewardItemsValue>
		<CommonSmallBoxMinimumDropCount>2</CommonSmallBoxMinimumDropCount>
		<CommonSmallBoxMaximumDropCount>3</CommonSmallBoxMaximumDropCount>
		<CommonSmallBoxRewardLootboxChanceMultiplier>0.5</CommonSmallBoxRewardLootboxChanceMultiplier>
		<CommonSmallBoxRewardItemsValue>300</CommonSmallBoxRewardItemsValue>
		<CommonLargeBoxMinimumDropCount>1</CommonLargeBoxMinimumDropCount>
		<CommonLargeBoxMaximumDropCount>12</CommonLargeBoxMaximumDropCount>
		<CommonLargeBoxRewardLootboxChanceMultiplier>0.75</CommonLargeBoxRewardLootboxChanceMultiplier>
		<CommonLargeBoxRewardItemsValue>600</CommonLargeBoxRewardItemsValue>
		<GoldSmallBoxMinimumDropCount>1</GoldSmallBoxMinimumDropCount>
		<GoldSmallBoxMaximumDropCount>4</GoldSmallBoxMaximumDropCount>
		<GoldSmallBoxRewardLootboxChanceMultiplier>1</GoldSmallBoxRewardLootboxChanceMultiplier>
		<GoldSmallBoxRewardItemsValue>650</GoldSmallBoxRewardItemsValue>
		<GoldLargeBoxMinimumDropCount>3</GoldLargeBoxMinimumDropCount>
		<GoldLargeBoxMaximumDropCount>9</GoldLargeBoxMaximumDropCount>
		<GoldLargeBoxRewardLootboxChanceMultiplier>1.25</GoldLargeBoxRewardLootboxChanceMultiplier>
		<GoldLargeBoxRewardItemsValue>1000</GoldLargeBoxRewardItemsValue>
	</ModSettings>
</SettingsBlock>