﻿<?xml version="1.0" encoding="utf-8"?>
<SettingsBlock>
	<ModSettings Class="Rimworld_Animations.AnimationSettings">
		<RJWAnimations-EnableOffsetTab>True</RJWAnimations-EnableOffsetTab>
		<RJWAnimations-controlGenitalRotation>True</RJWAnimations-controlGenitalRotation>
		<RJWAnimations-orgasmQuiver>True</RJWAnimations-orgasmQuiver>
		<RJWAnimations-rapeShiver>True</RJWAnimations-rapeShiver>
		<RJWAnimation-sheartsOnLovin>True</RJWAnimation-sheartsOnLovin>
		<RJWAnims-PlayAnimForNonsexualActs>True</RJWAnims-PlayAnimForNonsexualActs>
		<RJWAnimations-applySemenOnOrgasm>True</RJWAnimations-applySemenOnOrgasm>
		<RJWAnimations-animationOffsets>
			<keys />
			<values />
		</RJWAnimations-animationOffsets>
		<RJWAnimations-rotationOffsets>
			<keys />
			<values />
		</RJWAnimations-rotationOffsets>
	</ModSettings>
</SettingsBlock>