﻿<?xml version="1.0" encoding="utf-8"?>
<SettingsBlock>
	<ModSettings Class="SK_WeaponMastery.ModSettings">
		<experienceperlevel>
			<li>15000</li>
			<li>20000</li>
			<li>25000</li>
		</experienceperlevel>
		<rangedstats>
			<li>
				<stat>ShootingAccuracyPawn</stat>
				<offset>0.01</offset>
			</li>
			<li>
				<stat>MoveSpeed</stat>
				<offset>0.2</offset>
			</li>
			<li>
				<stat>HuntingStealth</stat>
				<offset>0.01</offset>
			</li>
			<li>
				<stat>RangedWeapon_Cooldown</stat>
				<offset>-0.1</offset>
			</li>
			<li>
				<stat>AimingDelayFactor</stat>
				<offset>-0.02</offset>
			</li>
		</rangedstats>
		<meleestats>
			<li>
				<stat>MoveSpeed</stat>
				<offset>0.2</offset>
			</li>
			<li>
				<stat>MeleeDodgeChance</stat>
				<offset>0.01</offset>
			</li>
			<li>
				<stat>MeleeHitChance</stat>
				<offset>0.01</offset>
			</li>
			<li>
				<stat>CarryingCapacity</stat>
				<offset>10</offset>
			</li>
			<li>
				<stat>SuppressionPower</stat>
				<offset>0.01</offset>
			</li>
		</meleestats>
		<customweaponnamespool />
		<eventweaponnamechance>0.15</eventweaponnamechance>
		<displayexperience>True</displayexperience>
		<overrideclasses>
			<keys />
			<values />
		</overrideclasses>
	</ModSettings>
</SettingsBlock>