﻿<?xml version="1.0" encoding="utf-8"?>
<SettingsBlock>
	<ModSettings Class="VanillaTraitsExpanded.TraitsSettings">
		<traitStates>
			<keys>
				<li>Nudist</li>
				<li>Bloodlust</li>
				<li>Kind</li>
				<li>Psychopath</li>
				<li>Cannibal</li>
				<li>Abrasive</li>
				<li>TooSmart</li>
				<li>Brawler</li>
				<li>Masochist</li>
				<li>NightOwl</li>
				<li>Greedy</li>
				<li>Jealous</li>
				<li>Ascetic</li>
				<li>Gay</li>
				<li>Bisexual</li>
				<li>Asexual</li>
				<li>AnnoyingVoice</li>
				<li>CreepyBreathing</li>
				<li>Pyromaniac</li>
				<li>Wimp</li>
				<li>Nimble</li>
				<li>FastLearner</li>
				<li>SlowLearner</li>
				<li>Undergrounder</li>
				<li>Transhumanist</li>
				<li>BodyPurist</li>
				<li>DislikesMen</li>
				<li>DislikesWomen</li>
				<li>GreatMemory</li>
				<li>Tough</li>
				<li>TorturedArtist</li>
				<li>Gourmand</li>
				<li>QuickSleeper</li>
				<li>SpeedOffset</li>
				<li>DrugDesire</li>
				<li>NaturalMood</li>
				<li>Nerves</li>
				<li>Neurotic</li>
				<li>Industriousness</li>
				<li>PsychicSensitivity</li>
				<li>ShootingAccuracy</li>
				<li>Beauty</li>
				<li>Immunity</li>
				<li>VFEP_WarcasketTrait</li>
				<li>VFEP_Shellcasket</li>
				<li>VCEF_Fisherman</li>
				<li>Xenophobia</li>
				<li>RE_BioticGod</li>
				<li>RE_BioticRecoveryOffset</li>
				<li>RE_ArdatYakshi</li>
				<li>TM_ArcaneConduitTD</li>
				<li>TM_ManaWellTD</li>
				<li>TM_BoundlessTD</li>
				<li>TM_FaeBloodTD</li>
				<li>TM_GiantsBloodTD</li>
				<li>TM_EnlightenedTD</li>
				<li>TM_CursedTD</li>
				<li>TM_OKWithDeath</li>
				<li>Undead</li>
				<li>TM_Gifted</li>
				<li>TM_Empath</li>
				<li>TM_Wanderer</li>
				<li>InnerFire</li>
				<li>HeartOfFrost</li>
				<li>StormBorn</li>
				<li>Arcanist</li>
				<li>Druid</li>
				<li>Paladin</li>
				<li>Summoner</li>
				<li>Necromancer</li>
				<li>Lich</li>
				<li>Priest</li>
				<li>TM_Bard</li>
				<li>Succubus</li>
				<li>Warlock</li>
				<li>Geomancer</li>
				<li>Technomancer</li>
				<li>BloodMage</li>
				<li>Enchanter</li>
				<li>Chronomancer</li>
				<li>ChaosMage</li>
				<li>TM_TheShadow</li>
				<li>TM_Brightmage</li>
				<li>TM_Shaman</li>
				<li>TM_Golemancer</li>
				<li>PhysicalProdigy</li>
				<li>TM_Wayfarer</li>
				<li>TM_Apothecary</li>
				<li>Gladiator</li>
				<li>Ranger</li>
				<li>TM_Sniper</li>
				<li>Bladedancer</li>
				<li>Faceless</li>
				<li>TM_Psionic</li>
				<li>DeathKnight</li>
				<li>TM_Monk</li>
				<li>TM_Commander</li>
				<li>TM_SuperSoldier</li>
				<li>VTE_AbsentMinded</li>
				<li>VTE_Eccentric</li>
				<li>VTE_Perfectionist</li>
				<li>VTE_Coward</li>
				<li>VTE_Brave</li>
				<li>VTE_Clumsy</li>
				<li>VTE_HeatInclined</li>
				<li>VTE_ColdInclined</li>
				<li>VTE_HeavySleeper</li>
				<li>VTE_Neat</li>
				<li>VTE_Slob</li>
				<li>VTE_Workaholic</li>
				<li>VTE_IronStomach</li>
				<li>VTE_AnimalLover</li>
				<li>VTE_AnimalHater</li>
				<li>VTE_BigBoned</li>
				<li>VTE_Rebel</li>
				<li>VTE_Submissive</li>
				<li>VTE_Vengeful</li>
				<li>VTE_Technophobe</li>
				<li>VTE_FunLoving</li>
				<li>VTE_Dunce</li>
				<li>VTE_MartialArtist</li>
				<li>VTE_Snob</li>
				<li>VTE_Squeamish</li>
				<li>VTE_Anxious</li>
				<li>VTE_Insatiable</li>
				<li>VTE_Prude</li>
				<li>VTE_CouchPotato</li>
				<li>VTE_CatPerson</li>
				<li>VTE_DogPerson</li>
				<li>VTE_Prodigy</li>
				<li>VTE_Menagerist</li>
				<li>VTE_ChildOfSea</li>
				<li>VTE_ChildOfMountain</li>
				<li>VTE_MadSurgeon</li>
				<li>VTE_DrunkenMaster</li>
				<li>VTE_Kleptomaniac</li>
				<li>VTE_Stoner</li>
				<li>VTE_Lush</li>
				<li>VTE_Wanderlust</li>
				<li>VTE_Insomniac</li>
				<li>VTE_WorldWeary</li>
				<li>VTE_Desensitized</li>
				<li>VTE_RefinedPalate</li>
				<li>VTE_Academian</li>
				<li>VTE_Groundbreaker</li>
				<li>VTE_Gastronomist</li>
				<li>VTE_Ecologist</li>
				<li>VTE_Tycoon</li>
				<li>VTE_ThickSkinned</li>
				<li>VTE_ThinSkinned</li>
				<li>VTE_Schizoid</li>
				<li>LCK_Architect</li>
				<li>LCK_Assassin</li>
				<li>VTE_Herbalist</li>
				<li>LCK_Hunter</li>
				<li>LCK_Professor</li>
				<li>LCK_Scavenger</li>
				<li>LCK_Soldier</li>
				<li>LingTA01haxz</li>
				<li>LingTA02jzlc</li>
				<li>LingTB01lth</li>
				<li>LingTZ01dmyz</li>
				<li>PTA01hlzy</li>
				<li>PTA02gdzj</li>
				<li>PTA03nwj</li>
				<li>PTA04kg</li>
				<li>PTA05hcy</li>
				<li>PTA06nf</li>
				<li>PTA07dwzy</li>
				<li>PTA08tj</li>
				<li>PTA09dkj</li>
				<li>PTA10zyhl</li>
				<li>PTA11tnjm</li>
				<li>PTA12fmj</li>
				<li>PTA13rq</li>
				<li>PTA14yg</li>
				<li>PTA15qz</li>
				<li>PTA16rz</li>
				<li>PTA17cf</li>
				<li>PTA18fmg</li>
				<li>PTA19zg</li>
				<li>PTA20ba</li>
				<li>PTA21jj</li>
				<li>PTA22mmdsy</li>
				<li>PTA23hsc</li>
				<li>PTA24lr</li>
				<li>PTA25ys</li>
				<li>PTA26njg</li>
				<li>PTA27yd</li>
				<li>PTA28xlg</li>
				<li>PTA29fzz</li>
				<li>PTA30yjsp</li>
				<li>PTB01jb</li>
				<li>PTB02tb</li>
				<li>PTB03yy</li>
				<li>PTB04jy</li>
				<li>PTB05ll</li>
				<li>PTB06lc</li>
				<li>PTB07hy</li>
				<li>PTB08zkw</li>
				<li>PTB09qgqc</li>
				<li>PTB10tlzy</li>
				<li>PTB11mgsc</li>
				<li>PTB12yjs</li>
				<li>PTB13dc</li>
				<li>PTB14gcs</li>
				<li>PTB15ktj</li>
				<li>PTB16ymls</li>
				<li>PTB17xss</li>
				<li>PTB18ydjj</li>
				<li>PTB19ox</li>
				<li>PTB20js</li>
				<li>PTB21sm</li>
				<li>PTB22ck</li>
				<li>PTB23gzs</li>
				<li>PTB24tls</li>
				<li>PTB25wx</li>
				<li>PTB26gzsr</li>
				<li>PTB27qhr</li>
				<li>PTC01jzds</li>
				<li>PTC02wjj</li>
				<li>PTC03cs</li>
				<li>PTC04smcbz</li>
				<li>PTC05sw</li>
				<li>PTC06jj</li>
				<li>PTC07yl</li>
				<li>PTC08sk</li>
				<li>PTC09tc</li>
				<li>PTC10cgs</li>
				<li>PTC11bdbq</li>
				<li>PTC12jhsr</li>
				<li>PTC13cjz</li>
				<li>PTC14qy</li>
				<li>PTC15zj</li>
				<li>PTC16dmfs</li>
				<li>PTC17xrl</li>
				<li>PTZ01dmg</li>
				<li>PTZ02bd</li>
				<li>PTZ03rx</li>
				<li>PTZ04tsz</li>
				<li>PTZ05ydt</li>
				<li>PTZ06rgfl</li>
				<li>PTZ07lt</li>
				<li>PTZ08ls</li>
				<li>PTZ09kw</li>
				<li>PTZ10mg</li>
				<li>PTZ11ybz</li>
				<li>PTZ12bzdl</li>
				<li>PTD01bj</li>
				<li>PTD02sw</li>
				<li>PTD03yq</li>
				<li>PTD04aj</li>
				<li>PTD05fh</li>
				<li>PTD06ds</li>
				<li>PTE01aydzn</li>
				<li>PTE02mdxqm</li>
				<li>PTE03csdsc</li>
				<li>PTE04aksndgw</li>
				<li>PTE05kwdxd</li>
				<li>PTE06wlkjjm</li>
				<li>PTE07wlkjcm</li>
				<li>PTE08wlkjdsz</li>
				<li>PTE09gdxwlb</li>
				<li>PTF01hy</li>
				<li>PTF02tyqs</li>
				<li>PTF03mrqw</li>
				<li>PTF04skjs</li>
				<li>PTS01yz</li>
				<li>PTS02ss</li>
				<li>PTS03tslx</li>
				<li>PTS04zrzz</li>
				<li>PTS05jf</li>
				<li>PTS06fkzs</li>
				<li>PTS07ds</li>
				<li>VanyaTA01mhgg</li>
				<li>VanyaTA02mfsn</li>
				<li>VanyaTB01tzz</li>
				<li>VanyaTB02cyz</li>
				<li>VanyaTB03hj</li>
				<li>VanyaTB04sczj</li>
				<li>VanyaTC01rrwg</li>
				<li>VanyaTC02tsjg</li>
				<li>VanyaTC03fwgz</li>
				<li>VanyaTC04cfts</li>
				<li>VanyaTZ01xkdns</li>
				<li>VanyaTE01gsdzf</li>
				<li>VanyaTS01by</li>
				<li>RPGTraits_Teleporter</li>
				<li>RPGTraits_Inquisitor</li>
				<li>RPGTraits_Phoenix</li>
				<li>RPGTraits_Aquarior</li>
				<li>RPGTraits_Terrarior</li>
				<li>RPGTraits_Aeron</li>
				<li>RPGTraits_Magnetic</li>
				<li>RPGTraits_Mentalist</li>
				<li>RPGTraits_Paladin</li>
				<li>Prude</li>
				<li>Insomniac</li>
				<li>BleedingHeart</li>
				<li>Gourmet</li>
				<li>Unstable</li>
				<li>Lecher</li>
				<li>Codependent</li>
				<li>Outdoorsy</li>
				<li>Pluviophile</li>
				<li>Photosensitive</li>
				<li>Socialite</li>
				<li>Desensitized</li>
				<li>HeavySleeper</li>
				<li>Polygamous</li>
				<li>OpenMinded</li>
				<li>Sedentary</li>
				<li>Chatty</li>
				<li>ChildrenDislikesChildren</li>
				<li>ChildrenWerewolfChild</li>
				<li>ChildrenNaturalColonyChild</li>
				<li>ChildrenToYoungToWork</li>
				<li>Rapist</li>
				<li>Necrophiliac</li>
				<li>Zoophile</li>
				<li>Nymphomaniac</li>
				<li>Hygienic</li>
				<li>VME_Elder</li>
				<li>PTR01sl</li>
				<li>PTR02qg</li>
				<li>AM_Ahimsa</li>
				<li>TM_RedMage</li>
				<li>TM_Ninja</li>
				<li>TM_ElementalGunner</li>
				<li>TM_Bombardier</li>
				<li>TM_Railbreaker</li>
				<li>TM_Samurai</li>
				<li>TM_Gadgeteer</li>
				<li>TM_WindMage</li>
				<li>TM_Medic</li>
				<li>TM_ChromaMage</li>
				<li>TM_Harbinger</li>
				<li>TM_Reaper</li>
				<li>TM_Berserker</li>
				<li>TM_Scion</li>
				<li>TM_Plaguedoctor</li>
				<li>TM_Cleric</li>
				<li>TM_Arbormancer</li>
				<li>TM_Chainwarden</li>
				<li>TM_Ambusher</li>
				<li>TM_Saboteur</li>
				<li>TM_Keeper</li>
				<li>TM_Pridestalker</li>
				<li>TM_Starseeker</li>
				<li>TM_Aspirant</li>
				<li>TM_Hawkeye</li>
				<li>TM_Atronach</li>
				<li>TM_SupportSpecialist</li>
				<li>TM_Scrapper</li>
				<li>TM_Oracle</li>
				<li>TM_Mystic</li>
				<li>TM_Spellbreaker</li>
				<li>TM_Duskbringer</li>
				<li>TM_Thunderblessed</li>
				<li>TM_Deadeye</li>
				<li>TM_Spellthief</li>
				<li>TM_Dragoon</li>
				<li>TM_BlackMage</li>
				<li>TM_Scholar</li>
				<li>TM_Gunbreaker</li>
				<li>TM_Gunner</li>
				<li>TM_Warrior</li>
				<li>TM_Nomad</li>
				<li>TM_Guardian</li>
				<li>TM_Holosmith</li>
				<li>TM_Troubadour</li>
				<li>TM_Gambler</li>
				<li>TM_Chef</li>
				<li>TM_Miner</li>
				<li>TM_Striker</li>
				<li>TM_RuneKnight</li>
				<li>TM_BlossomBlader</li>
				<li>TM_Ravenous</li>
				<li>TM_MechHunter</li>
				<li>TM_Gunslinger</li>
				<li>TM_Shadowbringer</li>
				<li>TM_Warden</li>
				<li>TM_Chempunk</li>
			</keys>
			<values>
				<li>True</li>
				<li>True</li>
				<li>True</li>
				<li>True</li>
				<li>True</li>
				<li>True</li>
				<li>True</li>
				<li>True</li>
				<li>True</li>
				<li>True</li>
				<li>True</li>
				<li>True</li>
				<li>True</li>
				<li>True</li>
				<li>True</li>
				<li>True</li>
				<li>True</li>
				<li>True</li>
				<li>True</li>
				<li>True</li>
				<li>True</li>
				<li>True</li>
				<li>True</li>
				<li>True</li>
				<li>True</li>
				<li>True</li>
				<li>True</li>
				<li>True</li>
				<li>True</li>
				<li>True</li>
				<li>True</li>
				<li>True</li>
				<li>True</li>
				<li>True</li>
				<li>True</li>
				<li>True</li>
				<li>True</li>
				<li>True</li>
				<li>True</li>
				<li>True</li>
				<li>True</li>
				<li>True</li>
				<li>True</li>
				<li>True</li>
				<li>True</li>
				<li>True</li>
				<li>True</li>
				<li>True</li>
				<li>True</li>
				<li>True</li>
				<li>True</li>
				<li>True</li>
				<li>True</li>
				<li>True</li>
				<li>True</li>
				<li>True</li>
				<li>True</li>
				<li>True</li>
				<li>True</li>
				<li>True</li>
				<li>True</li>
				<li>True</li>
				<li>True</li>
				<li>True</li>
				<li>True</li>
				<li>True</li>
				<li>True</li>
				<li>True</li>
				<li>True</li>
				<li>True</li>
				<li>True</li>
				<li>True</li>
				<li>True</li>
				<li>True</li>
				<li>True</li>
				<li>True</li>
				<li>True</li>
				<li>True</li>
				<li>True</li>
				<li>True</li>
				<li>True</li>
				<li>True</li>
				<li>True</li>
				<li>True</li>
				<li>True</li>
				<li>True</li>
				<li>True</li>
				<li>True</li>
				<li>True</li>
				<li>True</li>
				<li>True</li>
				<li>True</li>
				<li>True</li>
				<li>True</li>
				<li>True</li>
				<li>True</li>
				<li>True</li>
				<li>True</li>
				<li>True</li>
				<li>True</li>
				<li>True</li>
				<li>True</li>
				<li>True</li>
				<li>True</li>
				<li>True</li>
				<li>True</li>
				<li>True</li>
				<li>True</li>
				<li>True</li>
				<li>True</li>
				<li>True</li>
				<li>True</li>
				<li>True</li>
				<li>True</li>
				<li>True</li>
				<li>True</li>
				<li>True</li>
				<li>True</li>
				<li>True</li>
				<li>True</li>
				<li>True</li>
				<li>True</li>
				<li>True</li>
				<li>True</li>
				<li>True</li>
				<li>True</li>
				<li>True</li>
				<li>True</li>
				<li>True</li>
				<li>True</li>
				<li>True</li>
				<li>True</li>
				<li>True</li>
				<li>True</li>
				<li>True</li>
				<li>True</li>
				<li>True</li>
				<li>True</li>
				<li>True</li>
				<li>True</li>
				<li>True</li>
				<li>True</li>
				<li>True</li>
				<li>True</li>
				<li>True</li>
				<li>True</li>
				<li>True</li>
				<li>True</li>
				<li>True</li>
				<li>True</li>
				<li>True</li>
				<li>True</li>
				<li>True</li>
				<li>True</li>
				<li>True</li>
				<li>True</li>
				<li>True</li>
				<li>True</li>
				<li>True</li>
				<li>True</li>
				<li>True</li>
				<li>True</li>
				<li>True</li>
				<li>True</li>
				<li>True</li>
				<li>True</li>
				<li>True</li>
				<li>True</li>
				<li>True</li>
				<li>True</li>
				<li>True</li>
				<li>True</li>
				<li>True</li>
				<li>True</li>
				<li>True</li>
				<li>True</li>
				<li>True</li>
				<li>True</li>
				<li>True</li>
				<li>True</li>
				<li>True</li>
				<li>True</li>
				<li>True</li>
				<li>True</li>
				<li>True</li>
				<li>True</li>
				<li>True</li>
				<li>True</li>
				<li>True</li>
				<li>True</li>
				<li>True</li>
				<li>True</li>
				<li>True</li>
				<li>True</li>
				<li>True</li>
				<li>True</li>
				<li>True</li>
				<li>True</li>
				<li>True</li>
				<li>True</li>
				<li>True</li>
				<li>True</li>
				<li>True</li>
				<li>True</li>
				<li>True</li>
				<li>True</li>
				<li>True</li>
				<li>True</li>
				<li>True</li>
				<li>True</li>
				<li>True</li>
				<li>True</li>
				<li>True</li>
				<li>True</li>
				<li>True</li>
				<li>True</li>
				<li>True</li>
				<li>True</li>
				<li>True</li>
				<li>True</li>
				<li>True</li>
				<li>True</li>
				<li>True</li>
				<li>True</li>
				<li>True</li>
				<li>True</li>
				<li>True</li>
				<li>True</li>
				<li>True</li>
				<li>True</li>
				<li>True</li>
				<li>True</li>
				<li>True</li>
				<li>True</li>
				<li>True</li>
				<li>True</li>
				<li>True</li>
				<li>True</li>
				<li>True</li>
				<li>True</li>
				<li>True</li>
				<li>True</li>
				<li>True</li>
				<li>True</li>
				<li>True</li>
				<li>True</li>
				<li>True</li>
				<li>True</li>
				<li>True</li>
				<li>True</li>
				<li>True</li>
				<li>True</li>
				<li>True</li>
				<li>True</li>
				<li>True</li>
				<li>True</li>
				<li>True</li>
				<li>True</li>
				<li>True</li>
				<li>True</li>
				<li>True</li>
				<li>True</li>
				<li>True</li>
				<li>True</li>
				<li>True</li>
				<li>True</li>
				<li>True</li>
				<li>True</li>
				<li>True</li>
				<li>True</li>
				<li>True</li>
				<li>True</li>
				<li>True</li>
				<li>True</li>
				<li>True</li>
				<li>True</li>
				<li>True</li>
				<li>True</li>
				<li>True</li>
				<li>True</li>
				<li>True</li>
				<li>True</li>
				<li>True</li>
				<li>True</li>
				<li>True</li>
				<li>True</li>
				<li>True</li>
				<li>True</li>
				<li>True</li>
				<li>True</li>
				<li>True</li>
				<li>True</li>
				<li>True</li>
				<li>True</li>
				<li>True</li>
				<li>True</li>
				<li>True</li>
				<li>True</li>
				<li>True</li>
				<li>True</li>
				<li>True</li>
				<li>True</li>
				<li>True</li>
				<li>True</li>
				<li>True</li>
				<li>True</li>
				<li>True</li>
				<li>True</li>
				<li>True</li>
				<li>True</li>
				<li>True</li>
				<li>True</li>
				<li>True</li>
				<li>True</li>
				<li>True</li>
				<li>True</li>
				<li>True</li>
				<li>True</li>
				<li>True</li>
				<li>True</li>
				<li>True</li>
				<li>True</li>
				<li>True</li>
				<li>True</li>
				<li>True</li>
				<li>True</li>
				<li>True</li>
				<li>True</li>
				<li>True</li>
				<li>True</li>
				<li>True</li>
				<li>True</li>
				<li>True</li>
				<li>True</li>
				<li>True</li>
				<li>True</li>
				<li>True</li>
				<li>True</li>
				<li>True</li>
				<li>True</li>
				<li>True</li>
				<li>True</li>
				<li>True</li>
				<li>True</li>
				<li>True</li>
				<li>True</li>
				<li>True</li>
				<li>True</li>
				<li>True</li>
				<li>True</li>
				<li>True</li>
				<li>True</li>
				<li>True</li>
				<li>True</li>
				<li>True</li>
				<li>True</li>
				<li>True</li>
				<li>True</li>
				<li>True</li>
				<li>True</li>
				<li>True</li>
				<li>True</li>
				<li>True</li>
				<li>True</li>
				<li>True</li>
				<li>True</li>
				<li>True</li>
				<li>True</li>
				<li>True</li>
				<li>True</li>
				<li>True</li>
				<li>True</li>
				<li>True</li>
				<li>True</li>
				<li>True</li>
				<li>True</li>
				<li>True</li>
				<li>True</li>
				<li>True</li>
				<li>True</li>
				<li>True</li>
				<li>True</li>
				<li>True</li>
			</values>
		</traitStates>
	</ModSettings>
</SettingsBlock>