﻿<?xml version="1.0" encoding="utf-8"?>
<SettingsBlock>
	<ModSettings Class="XmlExtensions.XmlModBaseSettings">
		<dataDict>
			<keys>
				<li>HolBrrt;BrrtPower</li>
				<li>HolBrrt;BrrtRefuel</li>
				<li>HolBrrt;BrrtSize</li>
			</keys>
			<values>
				<li>3000</li>
				<li>0</li>
				<li>5</li>
			</values>
		</dataDict>
		<PinnedMods />
		<trace>True</trace>
		<standardMods>True</standardMods>
		<mainButton>True</mainButton>
		<advancedDebugging>True</advancedDebugging>
	</ModSettings>
</SettingsBlock>