﻿<?xml version="1.0" encoding="utf-8"?>
<SettingsBlock>
	<ModSettings Class="AlphaBiomes.AlphaBiomes_Settings">
		<AB_UseAgariluxParticles>True</AB_UseAgariluxParticles>
		<AB_SpawnFeraliskInfestedJungle>True</AB_SpawnFeraliskInfestedJungle>
		<AB_SpawnGallatrossGraveyard>True</AB_SpawnGallatrossGraveyard>
		<AB_SpawnGelatinousSuperorganism>True</AB_SpawnGelatinousSuperorganism>
		<AB_SpawnMechanoidIntrusion>True</AB_SpawnMechanoidIntrusion>
		<AB_SpawnMycoticJungle>True</AB_SpawnMycoticJungle>
		<AB_SpawnOcularForest>True</AB_SpawnOcularForest>
		<AB_SpawnPropaneLakes>True</AB_SpawnPropaneLakes>
		<AB_SpawnRockyCrags>True</AB_SpawnRockyCrags>
		<AB_SpawnPyroclasticConflagration>True</AB_SpawnPyroclasticConflagration>
		<AB_SpawnTarPits>True</AB_SpawnTarPits>
		<feraliskInfestedJungleMultiplier>0.47</feraliskInfestedJungleMultiplier>
		<gallatrossGraveyardMultiplier>0.41</gallatrossGraveyardMultiplier>
		<gelatinousSuperorganismMultiplier>0.29</gelatinousSuperorganismMultiplier>
		<mechanoidIntrusionMultiplier>0.37</mechanoidIntrusionMultiplier>
		<mycoticJungleMultiplier>0.48</mycoticJungleMultiplier>
		<ocularForestMultiplier>0.31</ocularForestMultiplier>
		<propaneLakesMultiplier>0.47</propaneLakesMultiplier>
		<rockyCragsMultiplier>0.25</rockyCragsMultiplier>
		<pyroclasticConflagrationMultiplier>0.49</pyroclasticConflagrationMultiplier>
		<tarPitsMultiplier>0.33</tarPitsMultiplier>
		<AB_RemoveVanillaBiomes>False</AB_RemoveVanillaBiomes>
	</ModSettings>
</SettingsBlock>