﻿<?xml version="1.0" encoding="utf-8"?>
<SettingsBlock>
	<ModSettings Class="FactionColonies.FactionColonies">
		<silverPerResource>100</silverPerResource>
		<timeBetweenTaxes>300000</timeBetweenTaxes>
		<productionTitheMod>25</productionTitheMod>
		<workerCost>100</workerCost>
		<settlementMaxLevel>10</settlementMaxLevel>
		<settlementsAutoBattle>True</settlementsAutoBattle>
		<minDaysTillMilitaryAction>4</minDaysTillMilitaryAction>
		<maxDaysTillMilitaryAction>10</maxDaysTillMilitaryAction>
		<updateVersion>0.4002</updateVersion>
	</ModSettings>
</SettingsBlock>