﻿<?xml version="1.0" encoding="utf-8"?>
<SettingsBlock>
	<ModSettings Class="Scavenging.ScavengeSettings">
		<disabledTerrains>
			<li>MossyTerrain</li>
		</disabledTerrains>
		<biomeSettings>
			<keys>
				<li>Soil</li>
				<li>MossyTerrain</li>
				<li>MarshyTerrain</li>
				<li>SoilRich</li>
				<li>Gravel</li>
				<li>Sand</li>
				<li>SoftSand</li>
				<li>Mud</li>
				<li>Ice</li>
				<li>WaterDeep</li>
				<li>WaterOceanDeep</li>
				<li>WaterMovingChestDeep</li>
				<li>WaterShallow</li>
				<li>WaterOceanShallow</li>
				<li>WaterMovingShallow</li>
				<li>Marsh</li>
				<li>AB_DenseMud</li>
				<li>AB_DenseGrass</li>
				<li>AB_WebbedMarshyTerrain</li>
				<li>BiomesCore_WaterShallowLagoon</li>
				<li>Sandstone_Rough</li>
				<li>Granite_Rough</li>
				<li>Limestone_Rough</li>
				<li>Slate_Rough</li>
				<li>Marble_Rough</li>
				<li>GU_RoseQuartz_Rough</li>
				<li>AB_Cragstone_Rough</li>
				<li>AB_Obsidianstone_Rough</li>
				<li>AB_Mudstone_Rough</li>
				<li>AB_SlimeStone_Rough</li>
				<li>GU_AncientMetals_Rough</li>
				<li>BiomesNEO_HighlandRock_Rough</li>
				<li>BiomesNEO_MariaRock_Rough</li>
			</keys>
			<values>
				<li>
					<workAmount>800</workAmount>
					<failChance>0.05</failChance>
					<scavengingChance>
						<keys>
							<li>SC_Worm</li>
							<li>SC_Grub</li>
							<li>SC_Termite</li>
							<li>SC_Grasshopper</li>
							<li>SC_Snail</li>
							<li>SC_Frog</li>
							<li>SC_Beetle</li>
							<li>SC_WildrootPotato</li>
							<li>SC_Lichen</li>
							<li>SC_Moss</li>
							<li>WoodLog</li>
							<li>ChunkSlagSteel</li>
						</keys>
						<values>
							<li>0.35</li>
							<li>0.2</li>
							<li>0.15</li>
							<li>0.1</li>
							<li>0.05</li>
							<li>0.05</li>
							<li>0.05</li>
							<li>0.45</li>
							<li>0.1</li>
							<li>0.1</li>
							<li>0.15</li>
							<li>0.05</li>
						</values>
					</scavengingChance>
					<spawnAmount>
						<keys>
							<li>SC_Worm</li>
							<li>SC_Grub</li>
							<li>SC_Termite</li>
							<li>SC_Grasshopper</li>
							<li>SC_Snail</li>
							<li>SC_Frog</li>
							<li>SC_Beetle</li>
							<li>SC_WildrootPotato</li>
							<li>SC_Lichen</li>
							<li>SC_Moss</li>
							<li>WoodLog</li>
							<li>ChunkSlagSteel</li>
						</keys>
						<values>
							<li>16~22</li>
							<li>3~5</li>
							<li>12~18</li>
							<li>2~3</li>
							<li>5~7</li>
							<li>2~3</li>
							<li>3~5</li>
							<li>3~6</li>
							<li>8~12</li>
							<li>6~9</li>
							<li>2~6</li>
							<li>1~1</li>
						</values>
					</spawnAmount>
				</li>
				<li>
					<workAmount>800</workAmount>
					<failChance>0.05</failChance>
					<scavengingChance>
						<keys>
							<li>SC_Worm</li>
							<li>SC_Grub</li>
							<li>SC_Termite</li>
							<li>SC_Snail</li>
							<li>SC_Frog</li>
							<li>SC_WildrootPotato</li>
							<li>SC_Lichen</li>
							<li>SC_Moss</li>
							<li>WoodLog</li>
							<li>ChunkSlagSteel</li>
						</keys>
						<values>
							<li>0.2</li>
							<li>0.15</li>
							<li>0.45</li>
							<li>0.05</li>
							<li>0.1</li>
							<li>0.6</li>
							<li>0.2</li>
							<li>0.2</li>
							<li>0.15</li>
							<li>0.05</li>
						</values>
					</scavengingChance>
					<spawnAmount>
						<keys>
							<li>SC_Worm</li>
							<li>SC_Grub</li>
							<li>SC_Termite</li>
							<li>SC_Snail</li>
							<li>SC_Frog</li>
							<li>SC_WildrootPotato</li>
							<li>SC_Lichen</li>
							<li>SC_Moss</li>
							<li>WoodLog</li>
							<li>ChunkSlagSteel</li>
						</keys>
						<values>
							<li>16~22</li>
							<li>3~5</li>
							<li>12~18</li>
							<li>5~7</li>
							<li>2~3</li>
							<li>16~24</li>
							<li>8~12</li>
							<li>6~9</li>
							<li>2~6</li>
							<li>1~1</li>
						</values>
					</spawnAmount>
				</li>
				<li>
					<workAmount>1000</workAmount>
					<failChance>0.1</failChance>
					<scavengingChance>
						<keys>
							<li>SC_Grub</li>
							<li>SC_Grasshopper</li>
							<li>SC_Snail</li>
							<li>SC_FreshwaterCrab</li>
							<li>SC_Frog</li>
							<li>SC_SoftshellTurtle</li>
							<li>SC_Lichen</li>
							<li>SC_Cattail</li>
							<li>SC_WildRice</li>
							<li>WoodLog</li>
							<li>ChunkSlagSteel</li>
						</keys>
						<values>
							<li>0.1</li>
							<li>0.05</li>
							<li>0.25</li>
							<li>0.1</li>
							<li>0.25</li>
							<li>0.15</li>
							<li>0.1</li>
							<li>0.45</li>
							<li>0.4</li>
							<li>0.15</li>
							<li>0.05</li>
						</values>
					</scavengingChance>
					<spawnAmount>
						<keys>
							<li>SC_Grub</li>
							<li>SC_Grasshopper</li>
							<li>SC_Snail</li>
							<li>SC_FreshwaterCrab</li>
							<li>SC_Frog</li>
							<li>SC_SoftshellTurtle</li>
							<li>SC_Lichen</li>
							<li>SC_Cattail</li>
							<li>SC_WildRice</li>
							<li>WoodLog</li>
							<li>ChunkSlagSteel</li>
						</keys>
						<values>
							<li>3~5</li>
							<li>2~3</li>
							<li>5~7</li>
							<li>1~3</li>
							<li>2~3</li>
							<li>1~3</li>
							<li>8~12</li>
							<li>12~18</li>
							<li>12~18</li>
							<li>2~6</li>
							<li>1~1</li>
						</values>
					</spawnAmount>
				</li>
				<li>
					<workAmount>800</workAmount>
					<failChance>0.05</failChance>
					<scavengingChance>
						<keys>
							<li>SC_Worm</li>
							<li>SC_Grub</li>
							<li>SC_Termite</li>
							<li>SC_Grasshopper</li>
							<li>SC_Snail</li>
							<li>SC_Frog</li>
							<li>SC_WildrootPotato</li>
							<li>SC_Lichen</li>
							<li>SC_Moss</li>
							<li>WoodLog</li>
							<li>ChunkSlagSteel</li>
						</keys>
						<values>
							<li>0.45</li>
							<li>0.1</li>
							<li>0.05</li>
							<li>0.25</li>
							<li>0.05</li>
							<li>0.05</li>
							<li>0.55</li>
							<li>0.2</li>
							<li>0.2</li>
							<li>0.15</li>
							<li>0.05</li>
						</values>
					</scavengingChance>
					<spawnAmount>
						<keys>
							<li>SC_Worm</li>
							<li>SC_Grub</li>
							<li>SC_Termite</li>
							<li>SC_Grasshopper</li>
							<li>SC_Snail</li>
							<li>SC_Frog</li>
							<li>SC_WildrootPotato</li>
							<li>SC_Lichen</li>
							<li>SC_Moss</li>
							<li>WoodLog</li>
							<li>ChunkSlagSteel</li>
						</keys>
						<values>
							<li>16~22</li>
							<li>3~5</li>
							<li>12~18</li>
							<li>2~3</li>
							<li>5~7</li>
							<li>2~3</li>
							<li>3~6</li>
							<li>8~12</li>
							<li>6~9</li>
							<li>2~6</li>
							<li>1~1</li>
						</values>
					</spawnAmount>
				</li>
				<li>
					<workAmount>1200</workAmount>
					<failChance>0.05</failChance>
					<scavengingChance>
						<keys>
							<li>SC_Worm</li>
							<li>SC_Grub</li>
							<li>SC_Termite</li>
							<li>SC_Grasshopper</li>
							<li>SC_Snail</li>
							<li>SC_Frog</li>
							<li>SC_WildrootPotato</li>
							<li>SC_Lichen</li>
							<li>SC_Moss</li>
							<li>WoodLog</li>
							<li>ChunkSlagSteel</li>
						</keys>
						<values>
							<li>0.2</li>
							<li>0.25</li>
							<li>0.2</li>
							<li>0.2</li>
							<li>0.05</li>
							<li>0.05</li>
							<li>0.2</li>
							<li>0.5</li>
							<li>0.2</li>
							<li>0.15</li>
							<li>0.05</li>
						</values>
					</scavengingChance>
					<spawnAmount>
						<keys>
							<li>SC_Worm</li>
							<li>SC_Grub</li>
							<li>SC_Termite</li>
							<li>SC_Grasshopper</li>
							<li>SC_Snail</li>
							<li>SC_Frog</li>
							<li>SC_WildrootPotato</li>
							<li>SC_Lichen</li>
							<li>SC_Moss</li>
							<li>WoodLog</li>
							<li>ChunkSlagSteel</li>
						</keys>
						<values>
							<li>16~22</li>
							<li>3~5</li>
							<li>12~18</li>
							<li>2~3</li>
							<li>5~7</li>
							<li>2~3</li>
							<li>3~6</li>
							<li>8~12</li>
							<li>6~9</li>
							<li>2~6</li>
							<li>1~1</li>
						</values>
					</spawnAmount>
				</li>
				<li>
					<workAmount>1200</workAmount>
					<failChance>0.2</failChance>
					<scavengingChance>
						<keys>
							<li>SC_Scorpion</li>
							<li>SC_Beetle</li>
							<li>SC_PricklyPearCactus</li>
							<li>SC_Aloe</li>
							<li>WoodLog</li>
							<li>ChunkSlagSteel</li>
						</keys>
						<values>
							<li>0.55</li>
							<li>0.25</li>
							<li>0.3</li>
							<li>0.3</li>
							<li>0.15</li>
							<li>0.05</li>
						</values>
					</scavengingChance>
					<spawnAmount>
						<keys>
							<li>SC_Scorpion</li>
							<li>SC_Beetle</li>
							<li>SC_PricklyPearCactus</li>
							<li>SC_Aloe</li>
							<li>WoodLog</li>
							<li>ChunkSlagSteel</li>
						</keys>
						<values>
							<li>2~5</li>
							<li>3~5</li>
							<li>6~9</li>
							<li>6~9</li>
							<li>2~6</li>
							<li>1~1</li>
						</values>
					</spawnAmount>
				</li>
				<li>
					<workAmount>1200</workAmount>
					<failChance>0.2</failChance>
					<scavengingChance>
						<keys>
							<li>SC_Scorpion</li>
							<li>SC_Beetle</li>
							<li>SC_PricklyPearCactus</li>
							<li>SC_Aloe</li>
							<li>WoodLog</li>
							<li>ChunkSlagSteel</li>
						</keys>
						<values>
							<li>0.35</li>
							<li>0.45</li>
							<li>0.4</li>
							<li>0.2</li>
							<li>0.15</li>
							<li>0.05</li>
						</values>
					</scavengingChance>
					<spawnAmount>
						<keys>
							<li>SC_Scorpion</li>
							<li>SC_Beetle</li>
							<li>SC_PricklyPearCactus</li>
							<li>SC_Aloe</li>
							<li>WoodLog</li>
							<li>ChunkSlagSteel</li>
						</keys>
						<values>
							<li>2~5</li>
							<li>3~5</li>
							<li>6~9</li>
							<li>6~9</li>
							<li>2~6</li>
							<li>1~1</li>
						</values>
					</spawnAmount>
				</li>
				<li>
					<workAmount>2400</workAmount>
					<failChance>0.2</failChance>
					<scavengingChance>
						<keys>
							<li>SC_Worm</li>
							<li>SC_Grub</li>
							<li>SC_Snail</li>
							<li>SC_FreshwaterCrab</li>
							<li>SC_Frog</li>
							<li>SC_Catfish</li>
							<li>SC_SoftshellTurtle</li>
							<li>SC_Cattail</li>
							<li>SC_Plantago</li>
							<li>SC_WildRice</li>
							<li>SC_WaterSpinach</li>
							<li>WoodLog</li>
							<li>ChunkSlagSteel</li>
						</keys>
						<values>
							<li>0.1</li>
							<li>0.05</li>
							<li>0.15</li>
							<li>0.25</li>
							<li>0.1</li>
							<li>0.1</li>
							<li>0.05</li>
							<li>0.1</li>
							<li>0.3</li>
							<li>0.3</li>
							<li>0.1</li>
							<li>0.15</li>
							<li>0.05</li>
						</values>
					</scavengingChance>
					<spawnAmount>
						<keys>
							<li>SC_Worm</li>
							<li>SC_Grub</li>
							<li>SC_Snail</li>
							<li>SC_FreshwaterCrab</li>
							<li>SC_Frog</li>
							<li>SC_Catfish</li>
							<li>SC_SoftshellTurtle</li>
							<li>SC_Cattail</li>
							<li>SC_Plantago</li>
							<li>SC_WildRice</li>
							<li>SC_WaterSpinach</li>
							<li>WoodLog</li>
							<li>ChunkSlagSteel</li>
						</keys>
						<values>
							<li>16~22</li>
							<li>3~5</li>
							<li>5~7</li>
							<li>1~3</li>
							<li>2~3</li>
							<li>1~3</li>
							<li>1~3</li>
							<li>12~18</li>
							<li>6~8</li>
							<li>12~18</li>
							<li>12~16</li>
							<li>2~6</li>
							<li>1~1</li>
						</values>
					</spawnAmount>
				</li>
				<li>
					<workAmount>3600</workAmount>
					<failChance>0.65</failChance>
					<scavengingChance>
						<keys>
							<li>SC_KingCrab</li>
							<li>SC_FrostBud</li>
							<li>WoodLog</li>
							<li>ChunkSlagSteel</li>
						</keys>
						<values>
							<li>0.35</li>
							<li>0.6</li>
							<li>0.15</li>
							<li>0.05</li>
						</values>
					</scavengingChance>
					<spawnAmount>
						<keys>
							<li>SC_KingCrab</li>
							<li>SC_FrostBud</li>
							<li>WoodLog</li>
							<li>ChunkSlagSteel</li>
						</keys>
						<values>
							<li>1~2</li>
							<li>6~8</li>
							<li>2~6</li>
							<li>1~1</li>
						</values>
					</spawnAmount>
				</li>
				<li>
					<workAmount>1800</workAmount>
					<failChance>0.2</failChance>
					<scavengingChance>
						<keys>
							<li>SC_FreshwaterCrab</li>
							<li>SC_Frog</li>
							<li>SC_Catfish</li>
							<li>SC_SoftshellTurtle</li>
							<li>SC_LotusRoot</li>
							<li>SC_WaterLily</li>
							<li>WoodLog</li>
							<li>ChunkSlagSteel</li>
						</keys>
						<values>
							<li>0.2</li>
							<li>0.05</li>
							<li>0.3</li>
							<li>0.25</li>
							<li>0.45</li>
							<li>0.35</li>
							<li>0.15</li>
							<li>0.05</li>
						</values>
					</scavengingChance>
					<spawnAmount>
						<keys>
							<li>SC_FreshwaterCrab</li>
							<li>SC_Frog</li>
							<li>SC_Catfish</li>
							<li>SC_SoftshellTurtle</li>
							<li>SC_LotusRoot</li>
							<li>SC_WaterLily</li>
							<li>WoodLog</li>
							<li>ChunkSlagSteel</li>
						</keys>
						<values>
							<li>1~3</li>
							<li>2~3</li>
							<li>1~3</li>
							<li>1~3</li>
							<li>6~8</li>
							<li>6~8</li>
							<li>2~6</li>
							<li>1~1</li>
						</values>
					</spawnAmount>
				</li>
				<li>
					<workAmount>3600</workAmount>
					<failChance>0.05</failChance>
					<scavengingChance>
						<keys>
							<li>SC_Mussel</li>
							<li>SC_Oyster</li>
							<li>SC_Kelp</li>
							<li>SC_Seaweed</li>
						</keys>
						<values>
							<li>0.4</li>
							<li>0.55</li>
							<li>0.6</li>
							<li>0.3</li>
						</values>
					</scavengingChance>
					<spawnAmount>
						<keys>
							<li>SC_Mussel</li>
							<li>SC_Oyster</li>
							<li>SC_Kelp</li>
							<li>SC_Seaweed</li>
						</keys>
						<values>
							<li>8~16</li>
							<li>6~12</li>
							<li>12~16</li>
							<li>16~24</li>
						</values>
					</spawnAmount>
				</li>
				<li>
					<workAmount>2800</workAmount>
					<failChance>0.1</failChance>
					<scavengingChance>
						<keys>
							<li>SC_FreshwaterCrab</li>
							<li>SC_Frog</li>
							<li>SC_Catfish</li>
							<li>SC_SoftshellTurtle</li>
							<li>SC_LotusRoot</li>
							<li>SC_WaterLily</li>
							<li>WoodLog</li>
							<li>ChunkSlagSteel</li>
						</keys>
						<values>
							<li>0.1</li>
							<li>0.05</li>
							<li>0.4</li>
							<li>0.35</li>
							<li>0.5</li>
							<li>0.3</li>
							<li>0.15</li>
							<li>0.05</li>
						</values>
					</scavengingChance>
					<spawnAmount>
						<keys>
							<li>SC_FreshwaterCrab</li>
							<li>SC_Frog</li>
							<li>SC_Catfish</li>
							<li>SC_SoftshellTurtle</li>
							<li>SC_LotusRoot</li>
							<li>SC_WaterLily</li>
							<li>WoodLog</li>
							<li>ChunkSlagSteel</li>
						</keys>
						<values>
							<li>1~3</li>
							<li>2~3</li>
							<li>1~3</li>
							<li>1~3</li>
							<li>6~8</li>
							<li>6~8</li>
							<li>2~6</li>
							<li>1~1</li>
						</values>
					</spawnAmount>
				</li>
				<li>
					<workAmount>1800</workAmount>
					<failChance>0.2</failChance>
					<scavengingChance>
						<keys>
							<li>SC_Snail</li>
							<li>SC_FreshwaterCrab</li>
							<li>SC_Frog</li>
							<li>SC_Catfish</li>
							<li>SC_SoftshellTurtle</li>
							<li>SC_Cattail</li>
							<li>SC_LotusRoot</li>
							<li>SC_WaterLily</li>
							<li>SC_WaterSpinach</li>
							<li>WoodLog</li>
							<li>ChunkSlagSteel</li>
						</keys>
						<values>
							<li>0.1</li>
							<li>0.2</li>
							<li>0.25</li>
							<li>0.15</li>
							<li>0.1</li>
							<li>0.1</li>
							<li>0.25</li>
							<li>0.3</li>
							<li>0.15</li>
							<li>0.15</li>
							<li>0.05</li>
						</values>
					</scavengingChance>
					<spawnAmount>
						<keys>
							<li>SC_Snail</li>
							<li>SC_FreshwaterCrab</li>
							<li>SC_Frog</li>
							<li>SC_Catfish</li>
							<li>SC_SoftshellTurtle</li>
							<li>SC_Cattail</li>
							<li>SC_LotusRoot</li>
							<li>SC_WaterLily</li>
							<li>SC_WaterSpinach</li>
							<li>WoodLog</li>
							<li>ChunkSlagSteel</li>
						</keys>
						<values>
							<li>5~7</li>
							<li>1~3</li>
							<li>2~3</li>
							<li>1~3</li>
							<li>1~3</li>
							<li>12~18</li>
							<li>6~8</li>
							<li>6~8</li>
							<li>12~16</li>
							<li>2~6</li>
							<li>1~1</li>
						</values>
					</spawnAmount>
				</li>
				<li>
					<workAmount>2800</workAmount>
					<failChance>0.05</failChance>
					<scavengingChance>
						<keys>
							<li>SC_Mussel</li>
							<li>SC_Seaweed</li>
							<li>SC_Oyster</li>
							<li>SC_Kelp</li>
							<li>WoodLog</li>
							<li>ChunkSlagSteel</li>
						</keys>
						<values>
							<li>0.8</li>
							<li>0.6</li>
							<li>0.15</li>
							<li>0.3</li>
							<li>0.15</li>
							<li>0.05</li>
						</values>
					</scavengingChance>
					<spawnAmount>
						<keys>
							<li>SC_Mussel</li>
							<li>SC_Seaweed</li>
							<li>SC_Oyster</li>
							<li>SC_Kelp</li>
							<li>WoodLog</li>
							<li>ChunkSlagSteel</li>
						</keys>
						<values>
							<li>8~16</li>
							<li>16~24</li>
							<li>6~12</li>
							<li>12~16</li>
							<li>2~6</li>
							<li>1~1</li>
						</values>
					</spawnAmount>
				</li>
				<li>
					<workAmount>1600</workAmount>
					<failChance>0.1</failChance>
					<scavengingChance>
						<keys>
							<li>SC_Snail</li>
							<li>SC_FreshwaterCrab</li>
							<li>SC_Frog</li>
							<li>SC_Catfish</li>
							<li>SC_SoftshellTurtle</li>
							<li>SC_LotusRoot</li>
							<li>SC_WaterLily</li>
							<li>SC_WaterSpinach</li>
							<li>WoodLog</li>
							<li>ChunkSlagSteel</li>
						</keys>
						<values>
							<li>0.1</li>
							<li>0.15</li>
							<li>0.05</li>
							<li>0.3</li>
							<li>0.3</li>
							<li>0.25</li>
							<li>0.35</li>
							<li>0.2</li>
							<li>0.15</li>
							<li>0.05</li>
						</values>
					</scavengingChance>
					<spawnAmount>
						<keys>
							<li>SC_Snail</li>
							<li>SC_FreshwaterCrab</li>
							<li>SC_Frog</li>
							<li>SC_Catfish</li>
							<li>SC_SoftshellTurtle</li>
							<li>SC_LotusRoot</li>
							<li>SC_WaterLily</li>
							<li>SC_WaterSpinach</li>
							<li>WoodLog</li>
							<li>ChunkSlagSteel</li>
						</keys>
						<values>
							<li>5~7</li>
							<li>1~3</li>
							<li>2~3</li>
							<li>1~3</li>
							<li>1~3</li>
							<li>6~8</li>
							<li>6~8</li>
							<li>12~16</li>
							<li>2~6</li>
							<li>1~1</li>
						</values>
					</spawnAmount>
				</li>
				<li>
					<workAmount>1200</workAmount>
					<failChance>0.1</failChance>
					<scavengingChance>
						<keys>
							<li>SC_Snail</li>
							<li>SC_FreshwaterCrab</li>
							<li>SC_Frog</li>
							<li>SC_Catfish</li>
							<li>SC_SoftshellTurtle</li>
							<li>SC_Lichen</li>
							<li>SC_Cattail</li>
							<li>SC_LotusRoot</li>
							<li>SC_WaterSpinach</li>
							<li>WoodLog</li>
							<li>ChunkSlagSteel</li>
						</keys>
						<values>
							<li>0.2</li>
							<li>0.1</li>
							<li>0.35</li>
							<li>0.1</li>
							<li>0.15</li>
							<li>0.1</li>
							<li>0.55</li>
							<li>0.1</li>
							<li>0.2</li>
							<li>0.15</li>
							<li>0.05</li>
						</values>
					</scavengingChance>
					<spawnAmount>
						<keys>
							<li>SC_Snail</li>
							<li>SC_FreshwaterCrab</li>
							<li>SC_Frog</li>
							<li>SC_Catfish</li>
							<li>SC_SoftshellTurtle</li>
							<li>SC_Lichen</li>
							<li>SC_Cattail</li>
							<li>SC_LotusRoot</li>
							<li>SC_WaterSpinach</li>
							<li>WoodLog</li>
							<li>ChunkSlagSteel</li>
						</keys>
						<values>
							<li>5~7</li>
							<li>1~3</li>
							<li>2~3</li>
							<li>1~3</li>
							<li>1~3</li>
							<li>8~12</li>
							<li>12~18</li>
							<li>6~8</li>
							<li>12~16</li>
							<li>2~6</li>
							<li>1~1</li>
						</values>
					</spawnAmount>
				</li>
				<li>
					<workAmount>1200</workAmount>
					<failChance>0.25</failChance>
					<scavengingChance>
						<keys>
							<li>SC_Worm</li>
							<li>SC_Grub</li>
							<li>SC_Snail</li>
							<li>SC_FreshwaterCrab</li>
							<li>SC_Frog</li>
							<li>SC_Catfish</li>
							<li>SC_SoftshellTurtle</li>
							<li>SC_Plantago</li>
							<li>SC_WildRice</li>
							<li>WoodLog</li>
							<li>ChunkSlagSteel</li>
						</keys>
						<values>
							<li>0.1</li>
							<li>0.05</li>
							<li>0.15</li>
							<li>0.25</li>
							<li>0.1</li>
							<li>0.1</li>
							<li>0.05</li>
							<li>0.3</li>
							<li>0.3</li>
							<li>0.15</li>
							<li>0.05</li>
						</values>
					</scavengingChance>
					<spawnAmount>
						<keys>
							<li>SC_Worm</li>
							<li>SC_Grub</li>
							<li>SC_Snail</li>
							<li>SC_FreshwaterCrab</li>
							<li>SC_Frog</li>
							<li>SC_Catfish</li>
							<li>SC_SoftshellTurtle</li>
							<li>SC_Plantago</li>
							<li>SC_WildRice</li>
							<li>WoodLog</li>
							<li>ChunkSlagSteel</li>
						</keys>
						<values>
							<li>16~22</li>
							<li>3~5</li>
							<li>5~7</li>
							<li>1~3</li>
							<li>2~3</li>
							<li>1~3</li>
							<li>1~3</li>
							<li>6~8</li>
							<li>12~18</li>
							<li>2~6</li>
							<li>1~1</li>
						</values>
					</spawnAmount>
				</li>
				<li>
					<workAmount>1200</workAmount>
					<failChance>0.4</failChance>
					<scavengingChance>
						<keys>
							<li>SC_Worm</li>
							<li>SC_Grasshopper</li>
							<li>WoodLog</li>
							<li>ChunkSlagSteel</li>
						</keys>
						<values>
							<li>0.35</li>
							<li>0.2</li>
							<li>0.15</li>
							<li>0.05</li>
						</values>
					</scavengingChance>
					<spawnAmount>
						<keys>
							<li>SC_Worm</li>
							<li>SC_Grasshopper</li>
							<li>WoodLog</li>
							<li>ChunkSlagSteel</li>
						</keys>
						<values>
							<li>16~22</li>
							<li>2~3</li>
							<li>2~6</li>
							<li>1~1</li>
						</values>
					</spawnAmount>
				</li>
				<li>
					<workAmount>1800</workAmount>
					<failChance>0.25</failChance>
					<scavengingChance>
						<keys>
							<li>SC_PetrifiedSpiderEgg</li>
							<li>WoodLog</li>
							<li>ChunkSlagSteel</li>
						</keys>
						<values>
							<li>0.25</li>
							<li>0.15</li>
							<li>0.05</li>
						</values>
					</scavengingChance>
					<spawnAmount>
						<keys>
							<li>SC_PetrifiedSpiderEgg</li>
							<li>WoodLog</li>
							<li>ChunkSlagSteel</li>
						</keys>
						<values>
							<li>2~5</li>
							<li>2~6</li>
							<li>1~1</li>
						</values>
					</spawnAmount>
				</li>
				<li>
					<workAmount>1200</workAmount>
					<failChance>0.25</failChance>
					<scavengingChance>
						<keys>
							<li>SC_Mussel</li>
							<li>SC_Seaweed</li>
							<li>SC_Oyster</li>
							<li>SC_Kelp</li>
							<li>WoodLog</li>
							<li>ChunkSlagSteel</li>
						</keys>
						<values>
							<li>0.2</li>
							<li>0.3</li>
							<li>0.25</li>
							<li>0.25</li>
							<li>0.15</li>
							<li>0.05</li>
						</values>
					</scavengingChance>
					<spawnAmount>
						<keys>
							<li>SC_Mussel</li>
							<li>SC_Seaweed</li>
							<li>SC_Oyster</li>
							<li>SC_Kelp</li>
							<li>WoodLog</li>
							<li>ChunkSlagSteel</li>
						</keys>
						<values>
							<li>8~16</li>
							<li>16~24</li>
							<li>6~12</li>
							<li>12~16</li>
							<li>2~6</li>
							<li>1~1</li>
						</values>
					</spawnAmount>
				</li>
				<li>
					<workAmount>300</workAmount>
					<failChance>0.4</failChance>
					<scavengingChance>
						<keys>
							<li>SC_Snail</li>
							<li>SC_Frog</li>
							<li>SC_Beetle</li>
							<li>SC_Moss</li>
						</keys>
						<values>
							<li>0.7</li>
							<li>0.15</li>
							<li>0.05</li>
							<li>0.6</li>
						</values>
					</scavengingChance>
					<spawnAmount>
						<keys>
							<li>SC_Snail</li>
							<li>SC_Frog</li>
							<li>SC_Beetle</li>
							<li>SC_Moss</li>
						</keys>
						<values>
							<li>1~1</li>
							<li>1~1</li>
							<li>1~1</li>
							<li>1~1</li>
						</values>
					</spawnAmount>
				</li>
				<li>
					<workAmount>300</workAmount>
					<failChance>0.4</failChance>
					<scavengingChance>
						<keys>
							<li>SC_Snail</li>
							<li>SC_Frog</li>
							<li>SC_Beetle</li>
							<li>SC_Moss</li>
						</keys>
						<values>
							<li>0.7</li>
							<li>0.15</li>
							<li>0.05</li>
							<li>0.6</li>
						</values>
					</scavengingChance>
					<spawnAmount>
						<keys>
							<li>SC_Snail</li>
							<li>SC_Frog</li>
							<li>SC_Beetle</li>
							<li>SC_Moss</li>
						</keys>
						<values>
							<li>1~1</li>
							<li>1~1</li>
							<li>1~1</li>
							<li>1~1</li>
						</values>
					</spawnAmount>
				</li>
				<li>
					<workAmount>300</workAmount>
					<failChance>0.4</failChance>
					<scavengingChance>
						<keys>
							<li>SC_Snail</li>
							<li>SC_Frog</li>
							<li>SC_Beetle</li>
							<li>SC_Moss</li>
						</keys>
						<values>
							<li>0.7</li>
							<li>0.15</li>
							<li>0.05</li>
							<li>0.6</li>
						</values>
					</scavengingChance>
					<spawnAmount>
						<keys>
							<li>SC_Snail</li>
							<li>SC_Frog</li>
							<li>SC_Beetle</li>
							<li>SC_Moss</li>
						</keys>
						<values>
							<li>1~1</li>
							<li>1~1</li>
							<li>1~1</li>
							<li>1~1</li>
						</values>
					</spawnAmount>
				</li>
				<li>
					<workAmount>300</workAmount>
					<failChance>0.4</failChance>
					<scavengingChance>
						<keys>
							<li>SC_Snail</li>
							<li>SC_Frog</li>
							<li>SC_Beetle</li>
							<li>SC_Moss</li>
						</keys>
						<values>
							<li>0.7</li>
							<li>0.15</li>
							<li>0.05</li>
							<li>0.6</li>
						</values>
					</scavengingChance>
					<spawnAmount>
						<keys>
							<li>SC_Snail</li>
							<li>SC_Frog</li>
							<li>SC_Beetle</li>
							<li>SC_Moss</li>
						</keys>
						<values>
							<li>1~1</li>
							<li>1~1</li>
							<li>1~1</li>
							<li>1~1</li>
						</values>
					</spawnAmount>
				</li>
				<li>
					<workAmount>300</workAmount>
					<failChance>0.4</failChance>
					<scavengingChance>
						<keys>
							<li>SC_Snail</li>
							<li>SC_Frog</li>
							<li>SC_Beetle</li>
							<li>SC_Moss</li>
						</keys>
						<values>
							<li>0.7</li>
							<li>0.15</li>
							<li>0.05</li>
							<li>0.6</li>
						</values>
					</scavengingChance>
					<spawnAmount>
						<keys>
							<li>SC_Snail</li>
							<li>SC_Frog</li>
							<li>SC_Beetle</li>
							<li>SC_Moss</li>
						</keys>
						<values>
							<li>1~1</li>
							<li>1~1</li>
							<li>1~1</li>
							<li>1~1</li>
						</values>
					</spawnAmount>
				</li>
				<li>
					<workAmount>300</workAmount>
					<failChance>0.4</failChance>
					<scavengingChance>
						<keys>
							<li>SC_Snail</li>
							<li>SC_Frog</li>
							<li>SC_Beetle</li>
							<li>SC_Moss</li>
						</keys>
						<values>
							<li>0.7</li>
							<li>0.15</li>
							<li>0.05</li>
							<li>0.6</li>
						</values>
					</scavengingChance>
					<spawnAmount>
						<keys>
							<li>SC_Snail</li>
							<li>SC_Frog</li>
							<li>SC_Beetle</li>
							<li>SC_Moss</li>
						</keys>
						<values>
							<li>1~1</li>
							<li>1~1</li>
							<li>1~1</li>
							<li>1~1</li>
						</values>
					</spawnAmount>
				</li>
				<li>
					<workAmount>300</workAmount>
					<failChance>0.4</failChance>
					<scavengingChance>
						<keys>
							<li>SC_Snail</li>
							<li>SC_Frog</li>
							<li>SC_Beetle</li>
							<li>SC_Moss</li>
						</keys>
						<values>
							<li>0.7</li>
							<li>0.15</li>
							<li>0.05</li>
							<li>0.6</li>
						</values>
					</scavengingChance>
					<spawnAmount>
						<keys>
							<li>SC_Snail</li>
							<li>SC_Frog</li>
							<li>SC_Beetle</li>
							<li>SC_Moss</li>
						</keys>
						<values>
							<li>1~1</li>
							<li>1~1</li>
							<li>1~1</li>
							<li>1~1</li>
						</values>
					</spawnAmount>
				</li>
				<li>
					<workAmount>300</workAmount>
					<failChance>0.4</failChance>
					<scavengingChance>
						<keys>
							<li>SC_Snail</li>
							<li>SC_Frog</li>
							<li>SC_Beetle</li>
							<li>SC_Moss</li>
						</keys>
						<values>
							<li>0.7</li>
							<li>0.15</li>
							<li>0.05</li>
							<li>0.6</li>
						</values>
					</scavengingChance>
					<spawnAmount>
						<keys>
							<li>SC_Snail</li>
							<li>SC_Frog</li>
							<li>SC_Beetle</li>
							<li>SC_Moss</li>
						</keys>
						<values>
							<li>1~1</li>
							<li>1~1</li>
							<li>1~1</li>
							<li>1~1</li>
						</values>
					</spawnAmount>
				</li>
				<li>
					<workAmount>300</workAmount>
					<failChance>0.4</failChance>
					<scavengingChance>
						<keys>
							<li>SC_Snail</li>
							<li>SC_Frog</li>
							<li>SC_Beetle</li>
							<li>SC_Moss</li>
						</keys>
						<values>
							<li>0.7</li>
							<li>0.15</li>
							<li>0.05</li>
							<li>0.6</li>
						</values>
					</scavengingChance>
					<spawnAmount>
						<keys>
							<li>SC_Snail</li>
							<li>SC_Frog</li>
							<li>SC_Beetle</li>
							<li>SC_Moss</li>
						</keys>
						<values>
							<li>1~1</li>
							<li>1~1</li>
							<li>1~1</li>
							<li>1~1</li>
						</values>
					</spawnAmount>
				</li>
				<li>
					<workAmount>300</workAmount>
					<failChance>0.4</failChance>
					<scavengingChance>
						<keys>
							<li>SC_Snail</li>
							<li>SC_Frog</li>
							<li>SC_Beetle</li>
							<li>SC_Moss</li>
						</keys>
						<values>
							<li>0.7</li>
							<li>0.15</li>
							<li>0.05</li>
							<li>0.6</li>
						</values>
					</scavengingChance>
					<spawnAmount>
						<keys>
							<li>SC_Snail</li>
							<li>SC_Frog</li>
							<li>SC_Beetle</li>
							<li>SC_Moss</li>
						</keys>
						<values>
							<li>1~1</li>
							<li>1~1</li>
							<li>1~1</li>
							<li>1~1</li>
						</values>
					</spawnAmount>
				</li>
				<li>
					<workAmount>300</workAmount>
					<failChance>0.4</failChance>
					<scavengingChance>
						<keys>
							<li>SC_Snail</li>
							<li>SC_Frog</li>
							<li>SC_Beetle</li>
							<li>SC_Moss</li>
						</keys>
						<values>
							<li>0.7</li>
							<li>0.15</li>
							<li>0.05</li>
							<li>0.6</li>
						</values>
					</scavengingChance>
					<spawnAmount>
						<keys>
							<li>SC_Snail</li>
							<li>SC_Frog</li>
							<li>SC_Beetle</li>
							<li>SC_Moss</li>
						</keys>
						<values>
							<li>1~1</li>
							<li>1~1</li>
							<li>1~1</li>
							<li>1~1</li>
						</values>
					</spawnAmount>
				</li>
				<li>
					<workAmount>300</workAmount>
					<failChance>0.4</failChance>
					<scavengingChance>
						<keys>
							<li>SC_Snail</li>
							<li>SC_Frog</li>
							<li>SC_Beetle</li>
							<li>SC_Moss</li>
						</keys>
						<values>
							<li>0.7</li>
							<li>0.15</li>
							<li>0.05</li>
							<li>0.6</li>
						</values>
					</scavengingChance>
					<spawnAmount>
						<keys>
							<li>SC_Snail</li>
							<li>SC_Frog</li>
							<li>SC_Beetle</li>
							<li>SC_Moss</li>
						</keys>
						<values>
							<li>1~1</li>
							<li>1~1</li>
							<li>1~1</li>
							<li>1~1</li>
						</values>
					</spawnAmount>
				</li>
				<li>
					<workAmount>300</workAmount>
					<failChance>0.4</failChance>
					<scavengingChance>
						<keys>
							<li>SC_Snail</li>
							<li>SC_Frog</li>
							<li>SC_Beetle</li>
							<li>SC_Moss</li>
						</keys>
						<values>
							<li>0.7</li>
							<li>0.15</li>
							<li>0.05</li>
							<li>0.6</li>
						</values>
					</scavengingChance>
					<spawnAmount>
						<keys>
							<li>SC_Snail</li>
							<li>SC_Frog</li>
							<li>SC_Beetle</li>
							<li>SC_Moss</li>
						</keys>
						<values>
							<li>1~1</li>
							<li>1~1</li>
							<li>1~1</li>
							<li>1~1</li>
						</values>
					</spawnAmount>
				</li>
			</values>
		</biomeSettings>
	</ModSettings>
</SettingsBlock>