﻿<?xml version="1.0" encoding="utf-8"?>
<SettingsBlock>
	<ModSettings Class="AnimalBehaviours.VanillaAnimalsExpanded_Settings">
		<pawnSpawnStates>
			<keys>
				<li>AEXP_Coyote</li>
				<li>AEXP_Giraffe</li>
				<li>AEXP_Hippopotamus</li>
				<li>AEXP_Zebra</li>
				<li>AEXP_Wildebeest</li>
				<li>AEXP_Crocodile</li>
				<li>AEXP_Cheetah</li>
				<li>AEXP_Hyena</li>
				<li>AEXP_DesertTortoise</li>
				<li>AEXP_Lion</li>
				<li>AEXP_GilaMonster</li>
				<li>AEXP_Camel</li>
				<li>AEXP_Rattlesnake</li>
				<li>AEXP_Megascorpion</li>
				<li>AEXP_Muskox</li>
				<li>AEXP_Moose</li>
				<li>AEXP_MegaWolverine</li>
				<li>AEXP_Porcupine</li>
				<li>AEXP_Penguin</li>
				<li>AEXP_Seal</li>
				<li>AEXP_Walrus</li>
				<li>AEXP_Otter</li>
				<li>AEXP_ArcticCoyote</li>
				<li>AEXP_BlackBear</li>
				<li>VAECaves_AncientGiantSpider</li>
				<li>VAECaves_BlindSalamander</li>
				<li>VAECaves_CaveBear</li>
				<li>VAECaves_CaveCrawler</li>
				<li>VAECaves_GiantSpider</li>
				<li>VAECaves_GiantSpiderHatchling</li>
				<li>VAECaves_InsectoidHulk</li>
				<li>VAECaves_Wyrm</li>
				<li>AEXP_Boombat</li>
				<li>AEXP_Kangaroo</li>
				<li>AEXP_Koala</li>
				<li>AEXP_Platypus</li>
			</keys>
			<values>
				<li>False</li>
				<li>False</li>
				<li>False</li>
				<li>False</li>
				<li>False</li>
				<li>False</li>
				<li>False</li>
				<li>False</li>
				<li>False</li>
				<li>False</li>
				<li>False</li>
				<li>False</li>
				<li>False</li>
				<li>False</li>
				<li>False</li>
				<li>False</li>
				<li>False</li>
				<li>False</li>
				<li>False</li>
				<li>False</li>
				<li>False</li>
				<li>False</li>
				<li>False</li>
				<li>False</li>
				<li>False</li>
				<li>False</li>
				<li>False</li>
				<li>False</li>
				<li>False</li>
				<li>False</li>
				<li>False</li>
				<li>False</li>
				<li>False</li>
				<li>False</li>
				<li>False</li>
				<li>False</li>
			</values>
		</pawnSpawnStates>
	</ModSettings>
</SettingsBlock>