﻿<?xml version="1.0" encoding="utf-8"?>
<SettingsBlock>
	<ModSettings Class="VEE.Settings.VEESettings">
		<daysBetweenPurpleEvent>120</daysBetweenPurpleEvent>
		<incidentsStatus>
			<keys>
				<li>SrFactionWar</li>
				<li>SrFactionWarShellingSiteGenerate</li>
				<li>SrFactionWarContentionSiteGenerate</li>
				<li>SrFactionWarTempCampSiteGenerate</li>
				<li>SrPoaching</li>
				<li>SrLogging</li>
				<li>SrHositleTraveler</li>
				<li>SrHositleCaravanPassing</li>
				<li>ManaDrain</li>
				<li>ManaSurge</li>
				<li>ElementalAssault</li>
				<li>WanderingLich</li>
				<li>DemonAssault</li>
				<li>TM_ManaStorm</li>
				<li>VolcanoVolcanicEruption</li>
				<li>PoisonSpores</li>
				<li>AA_Incident_Aerofleets</li>
				<li>AA_IncidentStalkingArcticLion</li>
				<li>AA_IncidentBlizzariskClutchMother</li>
				<li>AA_IncidentDunealiskClutchMother</li>
				<li>AA_IncidentFeraliskClutchMother</li>
				<li>AA_IncidentAnimaliskEnters</li>
				<li>AA_IncidentSummitCrab</li>
				<li>AA_CactipineDropPod</li>
				<li>AA_Incident_Gallatross</li>
				<li>AA_Incident_SkyMeteorite</li>
				<li>AA_Incident_Bumbledrones</li>
				<li>AA_Incident_BlackHive</li>
				<li>AA_Incident_MechSappers</li>
				<li>AA_MimeWandererJoinQuest</li>
				<li>AA_IncidentFungalHusk</li>
				<li>AB_AcidRain</li>
				<li>BI_SwarmingHorde</li>
				<li>BI_WorldInfestation</li>
				<li>BI_InsectRaid</li>
				<li>ResourcePodCrash</li>
				<li>PsychicSoothe</li>
				<li>SelfTame</li>
				<li>AmbrosiaSprout</li>
				<li>FarmAnimalsWanderIn</li>
				<li>WandererJoin</li>
				<li>RefugeePodCrash</li>
				<li>ThrumboPasses</li>
				<li>RansomDemand</li>
				<li>MeteoriteImpact</li>
				<li>HerdMigration</li>
				<li>WildManWandersIn</li>
				<li>PsychicDrone</li>
				<li>ToxicFallout</li>
				<li>VolcanicWinter</li>
				<li>HeatWave</li>
				<li>ColdSnap</li>
				<li>Flashstorm</li>
				<li>ShortCircuit</li>
				<li>CropBlight</li>
				<li>Alphabeavers</li>
				<li>ShipChunkDrop</li>
				<li>OrbitalTraderArrival</li>
				<li>TraderCaravanArrival</li>
				<li>TravelerGroup</li>
				<li>RaidFriendly</li>
				<li>RaidEnemy</li>
				<li>Infestation</li>
				<li>DeepDrillInfestation</li>
				<li>ManhunterPack</li>
				<li>DefoliatorShipPartCrash</li>
				<li>PsychicEmanatorShipPartCrash</li>
				<li>AnimalInsanityMass</li>
				<li>AnimalInsanitySingle</li>
				<li>Eclipse</li>
				<li>SolarFlare</li>
				<li>Aurora</li>
				<li>DiceOfDestiny_RandysBlessing</li>
				<li>DiceOfDestiny_CassandrasMischief</li>
				<li>TransformerExplosion</li>
				<li>notNothing</li>
				<li>Quarrel</li>
				<li>Homesick</li>
				<li>HomesickCured</li>
				<li>Clique</li>
				<li>Sabotage</li>
				<li>Thief</li>
				<li>AmbrosiaAnimalsLGE</li>
				<li>NewSettlementLGE</li>
				<li>VisitorGroupSpacerCruise</li>
				<li>VisitorGroupSpacerLuxury</li>
				<li>HappyGuestJoins</li>
				<li>MFM_RentedSlaveMercFactionRelationDecrease</li>
				<li>MFM_RentedSlaveMercEscape</li>
				<li>MFM_RentedMercInjured</li>
				<li>MFM_RentedMercFired</li>
				<li>MFM_RentedMercDeath</li>
				<li>MFM_RentedMercCounterOffer</li>
				<li>MFM_MercDiscount</li>
				<li>MFM_MercWantJoin</li>
				<li>MFM_RentedMercEarnMoney</li>
				<li>MFM_Raid</li>
				<li>LargeMonsterAppear</li>
				<li>ElderDragonAppear</li>
				<li>MFI_ReverseTradeRequest</li>
				<li>MFI_PirateExtortion</li>
				<li>MFI_WoundedCombatants</li>
				<li>MFI_RoadWorks</li>
				<li>MFI_DiplomaticMarriage</li>
				<li>MFI_MysticalShaman</li>
				<li>MFI_SettlementBaseAttack</li>
				<li>MFI_BumperCropRequest</li>
				<li>MFI_Quest_PeaceTalks</li>
				<li>MFI_QuestSpreadingPirateCamp</li>
				<li>TraitChange</li>
				<li>TraitRemove</li>
				<li>PrisonLabor_Revolt</li>
				<li>PrisonLabor_ResocializationOffer</li>
				<li>PrisonLabor_Suicide</li>
				<li>RG_DevilDusts</li>
				<li>RG-TF_AlastairusSprout</li>
				<li>OilSpill</li>
				<li>DrillQuake</li>
				<li>RE_DarkSettlement</li>
				<li>RE_DarkSettlementReclaimed</li>
				<li>RE_ReaperDown</li>
				<li>RE_PyjaksJoins</li>
				<li>RE_LocalBattlefield</li>
				<li>TraderShipsArrival</li>
				<li>TraderShipsCrash</li>
				<li>NymphJoins</li>
				<li>NymphVisitor</li>
				<li>NymphVisitorGroupEasy</li>
				<li>NymphVisitorGroupHard</li>
				<li>WandererJoinAbasia</li>
				<li>RequestForTenancy</li>
				<li>TenantCourier</li>
				<li>VBY_HiddenVisitor</li>
				<li>VAE_Incident_InsectoidHulk</li>
				<li>AEXP_ExtintAnimalsPasses</li>
				<li>VEE_WandererJoinsTraitor</li>
				<li>VEE_HailStorm</li>
				<li>VEE_Drought</li>
				<li>VEE_SpaceBattle</li>
				<li>VEE_MeteoriteShower</li>
				<li>VEE_AnimalPodCrash</li>
				<li>VEE_ShuttleCrash</li>
				<li>VEE_Earthquake</li>
				<li>VEE_Cargopodsweapons</li>
				<li>VEE_Cargopodsapparel</li>
				<li>VEE_CaravanAnimalsWanderIn</li>
				<li>VEE_CropSprout</li>
				<li>VEE_BattleAnimalsWanderIn</li>
				<li>VEE_WildMenWanderIn</li>
				<li>VEE_HuntingParty</li>
				<li>VEE_IceAge</li>
				<li>VEE_GlobalWarming</li>
				<li>VEE_PsychicRain</li>
				<li>VEE_LongNight</li>
				<li>VEE_PsychicBloom</li>
				<li>VEF_OutpostAttacked</li>
				<li>VFEA_SupplyDrop</li>
				<li>VFEI_InfestedSmallShipPartDrop</li>
				<li>VFEI_InfestedShipPartDrop</li>
				<li>VFEI_InfestedShipModuleDrop</li>
				<li>VFEI_GiantInfestation</li>
				<li>VFEM_MechShipDestroyed</li>
				<li>ProtectionFee</li>
				<li>ProtectionFeeLTS</li>
				<li>VFEV_SlaverRaid</li>
				<li>VFEV_PillageRaid</li>
				<li>VME_JunkChunkDrop</li>
				<li>VSIE_OneNightStand</li>
				<li>BeeHiveSprout</li>
				<li>MeteorStorm</li>
				<li>PW_BabyPokemonWanderIn</li>
				<li>PW_PokemonHerdMigration</li>
				<li>PW_PokemonManhunterPack</li>
				<li>PW_PokemonInfestation</li>
				<li>PW_PokemonDeepDrillInfestation</li>
				<li>ShellingNearby</li>
				<li>AP_IncentTitanboaSpawn</li>
				<li>RE_ReaperLanding</li>
			</keys>
			<values>
				<li>True</li>
				<li>True</li>
				<li>True</li>
				<li>True</li>
				<li>True</li>
				<li>True</li>
				<li>True</li>
				<li>True</li>
				<li>True</li>
				<li>True</li>
				<li>True</li>
				<li>True</li>
				<li>True</li>
				<li>True</li>
				<li>True</li>
				<li>True</li>
				<li>True</li>
				<li>True</li>
				<li>True</li>
				<li>True</li>
				<li>True</li>
				<li>True</li>
				<li>True</li>
				<li>True</li>
				<li>True</li>
				<li>True</li>
				<li>True</li>
				<li>True</li>
				<li>True</li>
				<li>True</li>
				<li>True</li>
				<li>True</li>
				<li>True</li>
				<li>True</li>
				<li>True</li>
				<li>True</li>
				<li>True</li>
				<li>True</li>
				<li>True</li>
				<li>True</li>
				<li>True</li>
				<li>True</li>
				<li>True</li>
				<li>True</li>
				<li>True</li>
				<li>True</li>
				<li>True</li>
				<li>True</li>
				<li>True</li>
				<li>True</li>
				<li>True</li>
				<li>True</li>
				<li>True</li>
				<li>True</li>
				<li>True</li>
				<li>True</li>
				<li>True</li>
				<li>True</li>
				<li>True</li>
				<li>True</li>
				<li>True</li>
				<li>True</li>
				<li>True</li>
				<li>True</li>
				<li>True</li>
				<li>True</li>
				<li>True</li>
				<li>True</li>
				<li>True</li>
				<li>True</li>
				<li>True</li>
				<li>True</li>
				<li>True</li>
				<li>True</li>
				<li>True</li>
				<li>True</li>
				<li>True</li>
				<li>True</li>
				<li>True</li>
				<li>True</li>
				<li>True</li>
				<li>True</li>
				<li>True</li>
				<li>True</li>
				<li>True</li>
				<li>True</li>
				<li>True</li>
				<li>True</li>
				<li>True</li>
				<li>True</li>
				<li>True</li>
				<li>True</li>
				<li>True</li>
				<li>True</li>
				<li>True</li>
				<li>True</li>
				<li>True</li>
				<li>True</li>
				<li>True</li>
				<li>True</li>
				<li>True</li>
				<li>True</li>
				<li>True</li>
				<li>True</li>
				<li>True</li>
				<li>True</li>
				<li>True</li>
				<li>True</li>
				<li>True</li>
				<li>True</li>
				<li>True</li>
				<li>True</li>
				<li>True</li>
				<li>True</li>
				<li>True</li>
				<li>True</li>
				<li>True</li>
				<li>True</li>
				<li>True</li>
				<li>True</li>
				<li>True</li>
				<li>True</li>
				<li>True</li>
				<li>True</li>
				<li>True</li>
				<li>True</li>
				<li>True</li>
				<li>True</li>
				<li>True</li>
				<li>True</li>
				<li>True</li>
				<li>True</li>
				<li>True</li>
				<li>True</li>
				<li>True</li>
				<li>True</li>
				<li>True</li>
				<li>True</li>
				<li>True</li>
				<li>True</li>
				<li>True</li>
				<li>True</li>
				<li>True</li>
				<li>True</li>
				<li>True</li>
				<li>True</li>
				<li>True</li>
				<li>True</li>
				<li>True</li>
				<li>True</li>
				<li>True</li>
				<li>True</li>
				<li>True</li>
				<li>True</li>
				<li>True</li>
				<li>True</li>
				<li>True</li>
				<li>True</li>
				<li>True</li>
				<li>True</li>
				<li>True</li>
				<li>True</li>
				<li>True</li>
				<li>True</li>
				<li>True</li>
				<li>True</li>
				<li>True</li>
				<li>True</li>
				<li>True</li>
				<li>True</li>
				<li>True</li>
				<li>True</li>
				<li>True</li>
				<li>True</li>
				<li>True</li>
				<li>True</li>
				<li>True</li>
				<li>True</li>
			</values>
		</incidentsStatus>
		<incidentsOccurence>
			<keys>
				<li>SrFactionWar</li>
				<li>SrFactionWarShellingSiteGenerate</li>
				<li>SrFactionWarContentionSiteGenerate</li>
				<li>SrFactionWarTempCampSiteGenerate</li>
				<li>SrPoaching</li>
				<li>SrLogging</li>
				<li>SrHositleTraveler</li>
				<li>SrHositleCaravanPassing</li>
				<li>ManaDrain</li>
				<li>ManaSurge</li>
				<li>ElementalAssault</li>
				<li>WanderingLich</li>
				<li>DemonAssault</li>
				<li>TM_ManaStorm</li>
				<li>VolcanoVolcanicEruption</li>
				<li>PoisonSpores</li>
				<li>AA_Incident_Aerofleets</li>
				<li>AA_IncidentStalkingArcticLion</li>
				<li>AA_IncidentBlizzariskClutchMother</li>
				<li>AA_IncidentDunealiskClutchMother</li>
				<li>AA_IncidentFeraliskClutchMother</li>
				<li>AA_IncidentAnimaliskEnters</li>
				<li>AA_IncidentSummitCrab</li>
				<li>AA_CactipineDropPod</li>
				<li>AA_Incident_Gallatross</li>
				<li>AA_Incident_SkyMeteorite</li>
				<li>AA_Incident_Bumbledrones</li>
				<li>AA_Incident_BlackHive</li>
				<li>AA_Incident_MechSappers</li>
				<li>AA_MimeWandererJoinQuest</li>
				<li>AA_IncidentFungalHusk</li>
				<li>AB_AcidRain</li>
				<li>BI_SwarmingHorde</li>
				<li>BI_WorldInfestation</li>
				<li>BI_InsectRaid</li>
				<li>ResourcePodCrash</li>
				<li>PsychicSoothe</li>
				<li>SelfTame</li>
				<li>AmbrosiaSprout</li>
				<li>FarmAnimalsWanderIn</li>
				<li>WandererJoin</li>
				<li>RefugeePodCrash</li>
				<li>ThrumboPasses</li>
				<li>RansomDemand</li>
				<li>MeteoriteImpact</li>
				<li>HerdMigration</li>
				<li>WildManWandersIn</li>
				<li>PsychicDrone</li>
				<li>ToxicFallout</li>
				<li>VolcanicWinter</li>
				<li>HeatWave</li>
				<li>ColdSnap</li>
				<li>Flashstorm</li>
				<li>ShortCircuit</li>
				<li>CropBlight</li>
				<li>Alphabeavers</li>
				<li>ShipChunkDrop</li>
				<li>OrbitalTraderArrival</li>
				<li>TraderCaravanArrival</li>
				<li>TravelerGroup</li>
				<li>RaidFriendly</li>
				<li>RaidEnemy</li>
				<li>Infestation</li>
				<li>DeepDrillInfestation</li>
				<li>ManhunterPack</li>
				<li>DefoliatorShipPartCrash</li>
				<li>PsychicEmanatorShipPartCrash</li>
				<li>AnimalInsanityMass</li>
				<li>AnimalInsanitySingle</li>
				<li>Eclipse</li>
				<li>SolarFlare</li>
				<li>Aurora</li>
				<li>DiceOfDestiny_RandysBlessing</li>
				<li>DiceOfDestiny_CassandrasMischief</li>
				<li>TransformerExplosion</li>
				<li>notNothing</li>
				<li>Quarrel</li>
				<li>Homesick</li>
				<li>HomesickCured</li>
				<li>Clique</li>
				<li>Sabotage</li>
				<li>Thief</li>
				<li>AmbrosiaAnimalsLGE</li>
				<li>NewSettlementLGE</li>
				<li>VisitorGroupSpacerCruise</li>
				<li>VisitorGroupSpacerLuxury</li>
				<li>HappyGuestJoins</li>
				<li>MFM_RentedSlaveMercFactionRelationDecrease</li>
				<li>MFM_RentedSlaveMercEscape</li>
				<li>MFM_RentedMercInjured</li>
				<li>MFM_RentedMercFired</li>
				<li>MFM_RentedMercDeath</li>
				<li>MFM_RentedMercCounterOffer</li>
				<li>MFM_MercDiscount</li>
				<li>MFM_MercWantJoin</li>
				<li>MFM_RentedMercEarnMoney</li>
				<li>MFM_Raid</li>
				<li>LargeMonsterAppear</li>
				<li>ElderDragonAppear</li>
				<li>MFI_ReverseTradeRequest</li>
				<li>MFI_PirateExtortion</li>
				<li>MFI_WoundedCombatants</li>
				<li>MFI_RoadWorks</li>
				<li>MFI_DiplomaticMarriage</li>
				<li>MFI_MysticalShaman</li>
				<li>MFI_SettlementBaseAttack</li>
				<li>MFI_BumperCropRequest</li>
				<li>MFI_Quest_PeaceTalks</li>
				<li>MFI_QuestSpreadingPirateCamp</li>
				<li>TraitChange</li>
				<li>TraitRemove</li>
				<li>PrisonLabor_Revolt</li>
				<li>PrisonLabor_ResocializationOffer</li>
				<li>PrisonLabor_Suicide</li>
				<li>RG_DevilDusts</li>
				<li>RG-TF_AlastairusSprout</li>
				<li>OilSpill</li>
				<li>DrillQuake</li>
				<li>RE_DarkSettlement</li>
				<li>RE_DarkSettlementReclaimed</li>
				<li>RE_ReaperDown</li>
				<li>RE_PyjaksJoins</li>
				<li>RE_LocalBattlefield</li>
				<li>TraderShipsArrival</li>
				<li>TraderShipsCrash</li>
				<li>NymphJoins</li>
				<li>NymphVisitor</li>
				<li>NymphVisitorGroupEasy</li>
				<li>NymphVisitorGroupHard</li>
				<li>WandererJoinAbasia</li>
				<li>RequestForTenancy</li>
				<li>TenantCourier</li>
				<li>VBY_HiddenVisitor</li>
				<li>VAE_Incident_InsectoidHulk</li>
				<li>AEXP_ExtintAnimalsPasses</li>
				<li>VEE_WandererJoinsTraitor</li>
				<li>VEE_HailStorm</li>
				<li>VEE_Drought</li>
				<li>VEE_SpaceBattle</li>
				<li>VEE_MeteoriteShower</li>
				<li>VEE_AnimalPodCrash</li>
				<li>VEE_ShuttleCrash</li>
				<li>VEE_Earthquake</li>
				<li>VEE_Cargopodsweapons</li>
				<li>VEE_Cargopodsapparel</li>
				<li>VEE_CaravanAnimalsWanderIn</li>
				<li>VEE_CropSprout</li>
				<li>VEE_BattleAnimalsWanderIn</li>
				<li>VEE_WildMenWanderIn</li>
				<li>VEE_HuntingParty</li>
				<li>VEE_IceAge</li>
				<li>VEE_GlobalWarming</li>
				<li>VEE_PsychicRain</li>
				<li>VEE_LongNight</li>
				<li>VEE_PsychicBloom</li>
				<li>VEF_OutpostAttacked</li>
				<li>VFEA_SupplyDrop</li>
				<li>VFEI_InfestedSmallShipPartDrop</li>
				<li>VFEI_InfestedShipPartDrop</li>
				<li>VFEI_InfestedShipModuleDrop</li>
				<li>VFEI_GiantInfestation</li>
				<li>VFEM_MechShipDestroyed</li>
				<li>ProtectionFee</li>
				<li>ProtectionFeeLTS</li>
				<li>VFEV_SlaverRaid</li>
				<li>VFEV_PillageRaid</li>
				<li>VME_JunkChunkDrop</li>
				<li>VSIE_OneNightStand</li>
				<li>BeeHiveSprout</li>
				<li>MeteorStorm</li>
				<li>PW_BabyPokemonWanderIn</li>
				<li>PW_PokemonHerdMigration</li>
				<li>PW_PokemonManhunterPack</li>
				<li>PW_PokemonInfestation</li>
				<li>PW_PokemonDeepDrillInfestation</li>
				<li>ShellingNearby</li>
				<li>AP_IncentTitanboaSpawn</li>
				<li>RE_ReaperLanding</li>
			</keys>
			<values>
				<li>1</li>
				<li>1</li>
				<li>1</li>
				<li>1</li>
				<li>0.8</li>
				<li>0.8</li>
				<li>1</li>
				<li>1</li>
				<li>1.3</li>
				<li>1.5</li>
				<li>0.6</li>
				<li>0.4</li>
				<li>0.25</li>
				<li>0.5</li>
				<li>5</li>
				<li>0.95</li>
				<li>0.7</li>
				<li>0.5</li>
				<li>0.5</li>
				<li>0.5</li>
				<li>0.5</li>
				<li>0.09999999</li>
				<li>0.3</li>
				<li>0.2</li>
				<li>0.35</li>
				<li>0.09999999</li>
				<li>0.35</li>
				<li>1.5</li>
				<li>0.5</li>
				<li>0.09999999</li>
				<li>0.09999999</li>
				<li>0.14</li>
				<li>70</li>
				<li>4.5</li>
				<li>7.4</li>
				<li>1</li>
				<li>1</li>
				<li>1</li>
				<li>1</li>
				<li>0.4</li>
				<li>0.4</li>
				<li>1.5</li>
				<li>0.7</li>
				<li>2</li>
				<li>0.5</li>
				<li>1</li>
				<li>1</li>
				<li>1</li>
				<li>0.12</li>
				<li>0.08</li>
				<li>1</li>
				<li>1</li>
				<li>0.4</li>
				<li>1</li>
				<li>0.3</li>
				<li>0.5</li>
				<li>3</li>
				<li>3</li>
				<li>4</li>
				<li>4</li>
				<li>3</li>
				<li>7.4</li>
				<li>2.7</li>
				<li>1</li>
				<li>2</li>
				<li>2</li>
				<li>2</li>
				<li>1.3</li>
				<li>5</li>
				<li>1.5</li>
				<li>1.3</li>
				<li>1.2</li>
				<li>1</li>
				<li>0.67</li>
				<li>0.09999999</li>
				<li>0.05</li>
				<li>0.3</li>
				<li>0.09999999</li>
				<li>0.05</li>
				<li>0.3</li>
				<li>0.5</li>
				<li>2</li>
				<li>0.7</li>
				<li>0.6</li>
				<li>1</li>
				<li>1</li>
				<li>1</li>
				<li>1.55</li>
				<li>0.95</li>
				<li>2.15</li>
				<li>3.65</li>
				<li>1.15</li>
				<li>2.15</li>
				<li>4.5</li>
				<li>1.15</li>
				<li>2.85</li>
				<li>1.55</li>
				<li>8</li>
				<li>1</li>
				<li>0.3</li>
				<li>1.25</li>
				<li>0.8</li>
				<li>0.2</li>
				<li>0.5</li>
				<li>0.8</li>
				<li>0.8</li>
				<li>1</li>
				<li>0.51</li>
				<li>1.3</li>
				<li>0.6</li>
				<li>0.6</li>
				<li>5.4</li>
				<li>10</li>
				<li>2</li>
				<li>0.8</li>
				<li>1</li>
				<li>0.3</li>
				<li>0.3</li>
				<li>0.09999999</li>
				<li>0.01</li>
				<li>0.02</li>
				<li>0.3</li>
				<li>0.3</li>
				<li>3</li>
				<li>0.05</li>
				<li>0.67</li>
				<li>0.67</li>
				<li>0.09999999</li>
				<li>0.01</li>
				<li>0.4</li>
				<li>6</li>
				<li>6</li>
				<li>1</li>
				<li>0.3</li>
				<li>0.7</li>
				<li>0.4</li>
				<li>0.15</li>
				<li>0.15</li>
				<li>0.3</li>
				<li>0.4</li>
				<li>2</li>
				<li>0.5</li>
				<li>0.3</li>
				<li>2</li>
				<li>2</li>
				<li>0.8</li>
				<li>0.35</li>
				<li>0.25</li>
				<li>0.5</li>
				<li>0.45</li>
				<li>0.04</li>
				<li>0.04</li>
				<li>0.04</li>
				<li>0.04</li>
				<li>0.04</li>
				<li>1</li>
				<li>0.09999999</li>
				<li>1.6</li>
				<li>1.2</li>
				<li>0.8</li>
				<li>2</li>
				<li>0.01</li>
				<li>0.5</li>
				<li>1</li>
				<li>0.3</li>
				<li>0.3</li>
				<li>2</li>
				<li>0.01</li>
				<li>0.35</li>
				<li>2.5</li>
				<li>0.6</li>
				<li>1</li>
				<li>2</li>
				<li>2.7</li>
				<li>1</li>
				<li>5</li>
				<li>0.5</li>
				<li>0.09999999</li>
			</values>
		</incidentsOccurence>
		<incidentsOccurenceForReset>
			<keys>
				<li>SrFactionWar</li>
				<li>SrFactionWarShellingSiteGenerate</li>
				<li>SrFactionWarContentionSiteGenerate</li>
				<li>SrFactionWarTempCampSiteGenerate</li>
				<li>SrPoaching</li>
				<li>SrLogging</li>
				<li>SrHositleTraveler</li>
				<li>SrHositleCaravanPassing</li>
				<li>ManaDrain</li>
				<li>ManaSurge</li>
				<li>ElementalAssault</li>
				<li>WanderingLich</li>
				<li>DemonAssault</li>
				<li>TM_ManaStorm</li>
				<li>VolcanoVolcanicEruption</li>
				<li>PoisonSpores</li>
				<li>AA_Incident_Aerofleets</li>
				<li>AA_IncidentStalkingArcticLion</li>
				<li>AA_IncidentBlizzariskClutchMother</li>
				<li>AA_IncidentDunealiskClutchMother</li>
				<li>AA_IncidentFeraliskClutchMother</li>
				<li>AA_IncidentAnimaliskEnters</li>
				<li>AA_IncidentSummitCrab</li>
				<li>AA_CactipineDropPod</li>
				<li>AA_Incident_Gallatross</li>
				<li>AA_Incident_SkyMeteorite</li>
				<li>AA_Incident_Bumbledrones</li>
				<li>AA_Incident_BlackHive</li>
				<li>AA_Incident_MechSappers</li>
				<li>AA_MimeWandererJoinQuest</li>
				<li>AA_IncidentFungalHusk</li>
				<li>AB_AcidRain</li>
				<li>BI_SwarmingHorde</li>
				<li>BI_WorldInfestation</li>
				<li>BI_InsectRaid</li>
				<li>ResourcePodCrash</li>
				<li>PsychicSoothe</li>
				<li>SelfTame</li>
				<li>AmbrosiaSprout</li>
				<li>FarmAnimalsWanderIn</li>
				<li>WandererJoin</li>
				<li>RefugeePodCrash</li>
				<li>ThrumboPasses</li>
				<li>RansomDemand</li>
				<li>MeteoriteImpact</li>
				<li>HerdMigration</li>
				<li>WildManWandersIn</li>
				<li>PsychicDrone</li>
				<li>ToxicFallout</li>
				<li>VolcanicWinter</li>
				<li>HeatWave</li>
				<li>ColdSnap</li>
				<li>Flashstorm</li>
				<li>ShortCircuit</li>
				<li>CropBlight</li>
				<li>Alphabeavers</li>
				<li>ShipChunkDrop</li>
				<li>OrbitalTraderArrival</li>
				<li>TraderCaravanArrival</li>
				<li>TravelerGroup</li>
				<li>RaidFriendly</li>
				<li>RaidEnemy</li>
				<li>Infestation</li>
				<li>DeepDrillInfestation</li>
				<li>ManhunterPack</li>
				<li>DefoliatorShipPartCrash</li>
				<li>PsychicEmanatorShipPartCrash</li>
				<li>AnimalInsanityMass</li>
				<li>AnimalInsanitySingle</li>
				<li>Eclipse</li>
				<li>SolarFlare</li>
				<li>Aurora</li>
				<li>DiceOfDestiny_RandysBlessing</li>
				<li>DiceOfDestiny_CassandrasMischief</li>
				<li>TransformerExplosion</li>
				<li>notNothing</li>
				<li>Quarrel</li>
				<li>Homesick</li>
				<li>HomesickCured</li>
				<li>Clique</li>
				<li>Sabotage</li>
				<li>Thief</li>
				<li>AmbrosiaAnimalsLGE</li>
				<li>NewSettlementLGE</li>
				<li>VisitorGroupSpacerCruise</li>
				<li>VisitorGroupSpacerLuxury</li>
				<li>HappyGuestJoins</li>
				<li>MFM_RentedSlaveMercFactionRelationDecrease</li>
				<li>MFM_RentedSlaveMercEscape</li>
				<li>MFM_RentedMercInjured</li>
				<li>MFM_RentedMercFired</li>
				<li>MFM_RentedMercDeath</li>
				<li>MFM_RentedMercCounterOffer</li>
				<li>MFM_MercDiscount</li>
				<li>MFM_MercWantJoin</li>
				<li>MFM_RentedMercEarnMoney</li>
				<li>MFM_Raid</li>
				<li>LargeMonsterAppear</li>
				<li>ElderDragonAppear</li>
				<li>MFI_ReverseTradeRequest</li>
				<li>MFI_PirateExtortion</li>
				<li>MFI_WoundedCombatants</li>
				<li>MFI_RoadWorks</li>
				<li>MFI_DiplomaticMarriage</li>
				<li>MFI_MysticalShaman</li>
				<li>MFI_SettlementBaseAttack</li>
				<li>MFI_BumperCropRequest</li>
				<li>MFI_Quest_PeaceTalks</li>
				<li>MFI_QuestSpreadingPirateCamp</li>
				<li>TraitChange</li>
				<li>TraitRemove</li>
				<li>PrisonLabor_Revolt</li>
				<li>PrisonLabor_ResocializationOffer</li>
				<li>PrisonLabor_Suicide</li>
				<li>RG_DevilDusts</li>
				<li>RG-TF_AlastairusSprout</li>
				<li>OilSpill</li>
				<li>DrillQuake</li>
				<li>RE_DarkSettlement</li>
				<li>RE_DarkSettlementReclaimed</li>
				<li>RE_ReaperDown</li>
				<li>RE_PyjaksJoins</li>
				<li>RE_LocalBattlefield</li>
				<li>TraderShipsArrival</li>
				<li>TraderShipsCrash</li>
				<li>NymphJoins</li>
				<li>NymphVisitor</li>
				<li>NymphVisitorGroupEasy</li>
				<li>NymphVisitorGroupHard</li>
				<li>WandererJoinAbasia</li>
				<li>RequestForTenancy</li>
				<li>TenantCourier</li>
				<li>VBY_HiddenVisitor</li>
				<li>VAE_Incident_InsectoidHulk</li>
				<li>AEXP_ExtintAnimalsPasses</li>
				<li>VEE_WandererJoinsTraitor</li>
				<li>VEE_HailStorm</li>
				<li>VEE_Drought</li>
				<li>VEE_SpaceBattle</li>
				<li>VEE_MeteoriteShower</li>
				<li>VEE_AnimalPodCrash</li>
				<li>VEE_ShuttleCrash</li>
				<li>VEE_Earthquake</li>
				<li>VEE_Cargopodsweapons</li>
				<li>VEE_Cargopodsapparel</li>
				<li>VEE_CaravanAnimalsWanderIn</li>
				<li>VEE_CropSprout</li>
				<li>VEE_BattleAnimalsWanderIn</li>
				<li>VEE_WildMenWanderIn</li>
				<li>VEE_HuntingParty</li>
				<li>VEE_IceAge</li>
				<li>VEE_GlobalWarming</li>
				<li>VEE_PsychicRain</li>
				<li>VEE_LongNight</li>
				<li>VEE_PsychicBloom</li>
				<li>VEF_OutpostAttacked</li>
				<li>VFEA_SupplyDrop</li>
				<li>VFEI_InfestedSmallShipPartDrop</li>
				<li>VFEI_InfestedShipPartDrop</li>
				<li>VFEI_InfestedShipModuleDrop</li>
				<li>VFEI_GiantInfestation</li>
				<li>VFEM_MechShipDestroyed</li>
				<li>ProtectionFee</li>
				<li>ProtectionFeeLTS</li>
				<li>VFEV_SlaverRaid</li>
				<li>VFEV_PillageRaid</li>
				<li>VME_JunkChunkDrop</li>
				<li>VSIE_OneNightStand</li>
				<li>BeeHiveSprout</li>
				<li>MeteorStorm</li>
				<li>PW_BabyPokemonWanderIn</li>
				<li>PW_PokemonHerdMigration</li>
				<li>PW_PokemonManhunterPack</li>
				<li>PW_PokemonInfestation</li>
				<li>PW_PokemonDeepDrillInfestation</li>
				<li>ShellingNearby</li>
				<li>AP_IncentTitanboaSpawn</li>
				<li>RE_ReaperLanding</li>
			</keys>
			<values>
				<li>1</li>
				<li>1</li>
				<li>1</li>
				<li>1</li>
				<li>0.8</li>
				<li>0.8</li>
				<li>1</li>
				<li>1</li>
				<li>1.3</li>
				<li>1.5</li>
				<li>0.6</li>
				<li>0.4</li>
				<li>0.25</li>
				<li>0.5</li>
				<li>5</li>
				<li>0.95</li>
				<li>0.7</li>
				<li>0.5</li>
				<li>0.5</li>
				<li>0.5</li>
				<li>0.5</li>
				<li>0.1</li>
				<li>0.3</li>
				<li>0.2</li>
				<li>0.35</li>
				<li>0.1</li>
				<li>0.35</li>
				<li>1.5</li>
				<li>0.5</li>
				<li>0.1</li>
				<li>0.1</li>
				<li>0.14</li>
				<li>70</li>
				<li>4.5</li>
				<li>7.4</li>
				<li>1</li>
				<li>1</li>
				<li>1</li>
				<li>1</li>
				<li>0.4</li>
				<li>0.4</li>
				<li>1.5</li>
				<li>0.7</li>
				<li>2</li>
				<li>0.5</li>
				<li>1</li>
				<li>1</li>
				<li>1</li>
				<li>0.12</li>
				<li>0.08</li>
				<li>1</li>
				<li>1</li>
				<li>0.4</li>
				<li>1</li>
				<li>0.3</li>
				<li>0.5</li>
				<li>3</li>
				<li>3</li>
				<li>4</li>
				<li>4</li>
				<li>3</li>
				<li>7.4</li>
				<li>2.7</li>
				<li>1</li>
				<li>2</li>
				<li>2</li>
				<li>2</li>
				<li>1.3</li>
				<li>5</li>
				<li>1.5</li>
				<li>1.3</li>
				<li>1.2</li>
				<li>1</li>
				<li>0.666</li>
				<li>0.1</li>
				<li>0.05</li>
				<li>0.3</li>
				<li>0.1</li>
				<li>0.05</li>
				<li>0.3</li>
				<li>0.5</li>
				<li>2</li>
				<li>0.7</li>
				<li>0.6</li>
				<li>1</li>
				<li>1</li>
				<li>1</li>
				<li>1.55</li>
				<li>0.95</li>
				<li>2.15</li>
				<li>3.65</li>
				<li>1.15</li>
				<li>2.15</li>
				<li>4.5</li>
				<li>1.15</li>
				<li>2.85</li>
				<li>1.55</li>
				<li>8</li>
				<li>1</li>
				<li>0.3</li>
				<li>1.25</li>
				<li>0.8</li>
				<li>0.2</li>
				<li>0.5</li>
				<li>0.8</li>
				<li>0.8</li>
				<li>1</li>
				<li>0.51</li>
				<li>1.3</li>
				<li>0.6</li>
				<li>0.6</li>
				<li>5.4</li>
				<li>10</li>
				<li>2</li>
				<li>0.8</li>
				<li>1</li>
				<li>0.3</li>
				<li>0.3</li>
				<li>0.1</li>
				<li>0.01</li>
				<li>0.02</li>
				<li>0.3</li>
				<li>0.3</li>
				<li>3</li>
				<li>0.045</li>
				<li>0.67</li>
				<li>0.67</li>
				<li>0.1</li>
				<li>0.01</li>
				<li>0.4</li>
				<li>6</li>
				<li>6</li>
				<li>1</li>
				<li>0.3</li>
				<li>0.7</li>
				<li>0.4</li>
				<li>0.15</li>
				<li>0.15</li>
				<li>0.3</li>
				<li>0.4</li>
				<li>2</li>
				<li>0.5</li>
				<li>0.3</li>
				<li>2</li>
				<li>2</li>
				<li>0.8</li>
				<li>0.35</li>
				<li>0.25</li>
				<li>0.5</li>
				<li>0.45</li>
				<li>0.04</li>
				<li>0.04</li>
				<li>0.04</li>
				<li>0.04</li>
				<li>0.04</li>
				<li>1</li>
				<li>0.1</li>
				<li>1.6</li>
				<li>1.2</li>
				<li>0.8</li>
				<li>2</li>
				<li>0.01</li>
				<li>0.5</li>
				<li>1</li>
				<li>0.3</li>
				<li>0.3</li>
				<li>2</li>
				<li>0.01</li>
				<li>0.35</li>
				<li>2.5</li>
				<li>0.6</li>
				<li>1</li>
				<li>2</li>
				<li>2.7</li>
				<li>1</li>
				<li>5</li>
				<li>0.5</li>
				<li>0.1</li>
			</values>
		</incidentsOccurenceForReset>
	</ModSettings>
</SettingsBlock>