﻿<?xml version="1.0" encoding="utf-8"?>
<SettingsBlock>
	<ModSettings Class="Quarry.QuarrySettings">
		<QRY_mineTicksVariance>4050</QRY_mineTicksVariance>
		<QRY_OreDictionary>
			<li>
				<thingDef>Owl_Iron</thingDef>
			</li>
			<li>
				<thingDef>Silver</thingDef>
				<count>3</count>
			</li>
			<li>
				<thingDef>Gold</thingDef>
				<count>3</count>
			</li>
			<li>
				<thingDef>Uranium</thingDef>
				<count>8</count>
			</li>
			<li>
				<thingDef>Plasteel</thingDef>
			</li>
			<li>
				<thingDef>Jade</thingDef>
				<count>4</count>
			</li>
			<li>
				<thingDef>AA_SkySteel</thingDef>
			</li>
			<li>
				<thingDef>VMEu_Coal</thingDef>
				<count>123</count>
			</li>
			<li>
				<thingDef>VMEu_Iron</thingDef>
				<count>168</count>
			</li>
			<li>
				<thingDef>VMEu_Lead</thingDef>
				<count>112</count>
			</li>
			<li>
				<thingDef>VMEu_Tin</thingDef>
				<count>32</count>
			</li>
			<li>
				<thingDef>VMEu_Copper</thingDef>
				<count>78</count>
			</li>
			<li>
				<thingDef>VMEu_Germanium</thingDef>
				<count>38</count>
			</li>
			<li>
				<thingDef>VMEu_Titanium</thingDef>
				<count>40</count>
			</li>
			<li>
				<thingDef>VMEu_Lithium</thingDef>
				<count>15</count>
			</li>
			<li>
				<thingDef>VMEu_Tungsten</thingDef>
				<count>78</count>
			</li>
			<li>
				<thingDef>WoW_thorium_ore</thingDef>
				<count>7</count>
			</li>
			<li>
				<thingDef>WoW_darkiron_ore</thingDef>
				<count>7</count>
			</li>
			<li>
				<thingDef>WoW_mithril_ore</thingDef>
				<count>28</count>
			</li>
			<li>
				<thingDef>WoW_adamantite_ore</thingDef>
				<count>8</count>
			</li>
			<li>
				<thingDef>WoW_truesilver_ore</thingDef>
				<count>22</count>
			</li>
			<li>
				<thingDef>ComponentIndustrial</thingDef>
			</li>
		</QRY_OreDictionary>
	</ModSettings>
</SettingsBlock>