﻿<?xml version="1.0" encoding="utf-8"?>
<SettingsBlock>
	<ModSettings Class="DubsBadHygiene.Settings">
		<LastVersion>dubwise.dubsbadhygiene 3.0.2156</LastVersion>
		<BladderRace />
		<BladderBody />
		<BladderHediff />
		<HygieneRace />
		<HygieneBody />
		<HygieneHediff />
		<PriorityIndoorCleaning>True</PriorityIndoorCleaning>
		<RimefellerLink>True</RimefellerLink>
		<PassiveWaterCoolers>True</PassiveWaterCoolers>
		<sosLink>True</sosLink>
		<QualityComps>True</QualityComps>
		<CoolingEfficiency>True</CoolingEfficiency>
		<RainIrrigation>True</RainIrrigation>
		<AllowDrinkPacking>True</AllowDrinkPacking>
		<AllowModdedDrinks>True</AllowModdedDrinks>
		<Hydroponics>True</Hydroponics>
		<SurvivalMode>True</SurvivalMode>
		<RimatomicsLink>True</RimatomicsLink>
		<EnableBladder>True</EnableBladder>
		<EnableHygiene>True</EnableHygiene>
		<PrivacyChecks>True</PrivacyChecks>
		<PrisonersGetBladder>True</PrisonersGetBladder>
		<PrisonersGetHygiene>True</PrisonersGetHygiene>
		<GuestsGetBladder>True</GuestsGetBladder>
		<GuestsGetHygiene>True</GuestsGetHygiene>
		<AnimalsGetBladder>True</AnimalsGetBladder>
		<PetsGetThirst>True</PetsGetThirst>
		<PetsGetBladder>True</PetsGetBladder>
		<ThirstNeed>True</ThirstNeed>
		<LiteMode>False</LiteMode>
		<AllowNonHuman>True</AllowNonHuman>
		<FertilizerVisible>True</FertilizerVisible>
		<OverrideNd>True</OverrideNd>
		<DrinkMin>0</DrinkMin>
		<DrinkCount>2</DrinkCount>
		<DrinkPackSearchRange>20</DrinkPackSearchRange>
		<ModOptionDefValues>
			<keys>
				<li>PipeVisibility</li>
				<li>HygieneRateD</li>
				<li>BladderRateD</li>
				<li>FlushSize</li>
				<li>ThirstRateD</li>
				<li>ContaminationChance</li>
				<li>WaterPumpCapacity</li>
				<li>WaterHeatingRate</li>
				<li>SewageGridCapacity</li>
				<li>SewageCleanupRateB</li>
				<li>SewageProcRate</li>
				<li>IrrigationGridStrength</li>
				<li>FertilizerGridStrength</li>
				<li>TerrainFertilityFactor</li>
				<li>FertilizerLifespan</li>
			</keys>
			<values>
				<li>1</li>
				<li>10</li>
				<li>10</li>
				<li>3</li>
				<li>10</li>
				<li>4</li>
				<li>3</li>
				<li>3</li>
				<li>3</li>
				<li>5</li>
				<li>4</li>
				<li>4</li>
				<li>4</li>
				<li>5</li>
				<li>5</li>
			</values>
		</ModOptionDefValues>
	</ModSettings>
</SettingsBlock>