﻿<?xml version="1.0" encoding="utf-8"?>
<SettingsBlock>
	<ModSettings Class="Numbers_Trait_AddOn.ColorfulTrait_Settings">
		<Traits_Colors>
			<keys>
				<li>裸体主义</li>
				<li>嗜血</li>
				<li>善良</li>
				<li>心理变态</li>
				<li>食人者</li>
				<li>直来直去</li>
				<li>聪明过人</li>
				<li>格斗者</li>
				<li>受虐狂</li>
				<li>夜猫子</li>
				<li>贪心</li>
				<li>妒忌</li>
				<li>苦行者</li>
				<li>同性恋</li>
				<li>双性恋</li>
				<li>无性恋</li>
				<li>烦人的声音</li>
				<li>恶心的呼吸声</li>
				<li>纵火狂</li>
				<li>懦弱</li>
				<li>敏捷</li>
				<li>速学者</li>
				<li>脑子慢</li>
				<li>穴居者</li>
				<li>超人主义</li>
				<li>纯粹主义</li>
				<li>厌恶男性</li>
				<li>厌恶女性</li>
				<li>过目不忘</li>
				<li>坚韧</li>
				<li>崩溃艺术家</li>
				<li>贪食者</li>
				<li>高效睡眠</li>
				<li>慢性子</li>
				<li>疾行者</li>
				<li>疾步如飞</li>
				<li>成瘾品痴迷</li>
				<li>成瘾品爱好</li>
				<li>成瘾品厌恶</li>
				<li>乐天派</li>
				<li>乐观</li>
				<li>悲观</li>
				<li>抑郁症</li>
				<li>意志如钢</li>
				<li>意志坚定</li>
				<li>意志紧张</li>
				<li>意志动荡</li>
				<li>神经质</li>
				<li>严重神经质</li>
				<li>工作狂</li>
				<li>工作勤奋</li>
				<li>工作懒惰</li>
				<li>工作怠惰</li>
				<li>心灵过敏</li>
				<li>心灵敏感</li>
				<li>心灵迟钝</li>
				<li>心灵失聪</li>
				<li>冷枪手</li>
				<li>乱开枪</li>
				<li>沉鱼落雁</li>
				<li>俊俏</li>
				<li>丑陋</li>
				<li>丑绝人寰</li>
				<li>超免疫者</li>
				<li>体弱多病</li>
				<li>排外主义</li>
				<li>亲外主义</li>
				<li>异能之神</li>
				<li>异能失聪</li>
				<li>异能迟钝</li>
				<li>异能熟手</li>
				<li>异能天才</li>
				<li>阿鞑-亚喀西</li>
				<li>“天生”猎手</li>
				<li>异变癖好</li>
				<li>渔夫</li>
				<li>无畏战棺封入</li>
				<li>无畏战棺剥离</li>
				<li>胡思乱想</li>
				<li>怪人</li>
				<li>完美主义者</li>
				<li>胆小鬼</li>
				<li>勇敢</li>
				<li>笨手笨脚</li>
				<li>嗜热</li>
				<li>嗜冷</li>
				<li>沉睡者</li>
				<li>洁癖</li>
				<li>邋遢鬼</li>
				<li>工作狂魔</li>
				<li>铁胃</li>
				<li>动物爱好者</li>
				<li>仇兽者</li>
				<li>膀大腰圆</li>
				<li>叛逆</li>
				<li>磨洋工</li>
				<li>记仇</li>
				<li>科技恐惧症</li>
				<li>贪玩</li>
				<li>白痴</li>
				<li>武术家</li>
				<li>自命不凡</li>
				<li>娇气</li>
				<li>忧虑</li>
				<li>花心</li>
				<li>专一</li>
				<li>电视迷</li>
				<li>猫咪达人</li>
				<li>狗狗达人</li>
				<li>天才</li>
				<li>饲养员</li>
				<li>海洋爱好者</li>
				<li>山地爱好者</li>
				<li>疯医</li>
				<li>醉拳</li>
				<li>盗窃癖</li>
				<li>烟鬼</li>
				<li>酒鬼</li>
				<li>旅行家</li>
				<li>失眠症</li>
				<li>厌世</li>
				<li>冷漠</li>
				<li>美食家</li>
				<li>学者</li>
				<li>开拓者</li>
				<li>名厨</li>
				<li>生态学家</li>
				<li>富豪</li>
				<li>皮糙肉厚</li>
				<li>虚弱</li>
				<li>精神分裂症</li>
				<li>建筑师</li>
				<li>解剖学家</li>
				<li>草药师</li>
				<li>猎人</li>
				<li>博学家</li>
				<li>拾荒者</li>
				<li>士兵</li>
				<li>&lt;color=#33ff00&gt;守夜者&lt;/color&gt;</li>
				<li>&lt;color=#33ff00&gt;价值连城&lt;/color&gt;</li>
				<li>&lt;color=#66ccff&gt;灵体化&lt;/color&gt;</li>
				<li>&lt;color=#CDCDCD&gt;低免疫者&lt;/color&gt;</li>
				<li>&lt;color=#33ff00&gt;火力支援&lt;/color&gt;</li>
				<li>&lt;color=#33ff00&gt;斗士&lt;/color&gt;</li>
				<li>&lt;color=#33ff00&gt;泥瓦匠&lt;/color&gt;</li>
				<li>&lt;color=#33ff00&gt;矿工&lt;/color&gt;</li>
				<li>&lt;color=#33ff00&gt;好厨艺&lt;/color&gt;</li>
				<li>&lt;color=#33ff00&gt;农夫&lt;/color&gt;</li>
				<li>&lt;color=#33ff00&gt;动物之友&lt;/color&gt;</li>
				<li>&lt;color=#33ff00&gt;铁匠&lt;/color&gt;</li>
				<li>&lt;color=#33ff00&gt;美术家&lt;/color&gt;</li>
				<li>&lt;color=#33ff00&gt;护士&lt;/color&gt;</li>
				<li>&lt;color=#33ff00&gt;头脑精明&lt;/color&gt;</li>
				<li>&lt;color=#33ff00&gt;发明家&lt;/color&gt;</li>
				<li>&lt;color=#33ff00&gt;热情&lt;/color&gt;</li>
				<li>&lt;color=#33ff00&gt;勇敢&lt;/color&gt;</li>
				<li>&lt;color=#33ff00&gt;强壮&lt;/color&gt;</li>
				<li>&lt;color=#33ff00&gt;认真&lt;/color&gt;</li>
				<li>&lt;color=#33ff00&gt;手艺人&lt;/color&gt;</li>
				<li>&lt;color=#33ff00&gt;伐木工&lt;/color&gt;</li>
				<li>&lt;color=#33ff00&gt;杂工&lt;/color&gt;</li>
				<li>&lt;color=#33ff00&gt;博爱&lt;/color&gt;</li>
				<li>&lt;color=#33ff00&gt;节俭&lt;/color&gt;</li>
				<li>&lt;color=#33ff00&gt;好声音&lt;/color&gt;</li>
				<li>&lt;color=#33ff00&gt;好身材&lt;/color&gt;</li>
				<li>&lt;color=#33ff00&gt;猎人&lt;/color&gt;</li>
				<li>&lt;color=#33ff00&gt;医生&lt;/color&gt;</li>
				<li>&lt;color=#33ff00&gt;酿酒工&lt;/color&gt;</li>
				<li>&lt;color=#33ff00&gt;园丁&lt;/color&gt;</li>
				<li>&lt;color=#33ff00&gt;修理工&lt;/color&gt;</li>
				<li>&lt;color=#33ff00&gt;放逐者&lt;/color&gt;</li>
				<li>&lt;color=#33ff00&gt;应急食品&lt;/color&gt;</li>
				<li>&lt;color=#66ccff&gt;尖兵&lt;/color&gt;</li>
				<li>&lt;color=#66ccff&gt;铁壁&lt;/color&gt;</li>
				<li>&lt;color=#66ccff&gt;优雅&lt;/color&gt;</li>
				<li>&lt;color=#66ccff&gt;军医&lt;/color&gt;</li>
				<li>&lt;color=#66ccff&gt;老练&lt;/color&gt;</li>
				<li>&lt;color=#66ccff&gt;冷彻&lt;/color&gt;</li>
				<li>&lt;color=#66ccff&gt;好运&lt;/color&gt;</li>
				<li>&lt;color=#66ccff&gt;重口味&lt;/color&gt;</li>
				<li>&lt;color=#66ccff&gt;倾国倾城&lt;/color&gt;</li>
				<li>&lt;color=#66ccff&gt;天籁之音&lt;/color&gt;</li>
				<li>&lt;color=#66ccff&gt;魔鬼身材&lt;/color&gt;</li>
				<li>&lt;color=#66ccff&gt;药剂师&lt;/color&gt;</li>
				<li>&lt;color=#66ccff&gt;大厨&lt;/color&gt;</li>
				<li>&lt;color=#66ccff&gt;工程师&lt;/color&gt;</li>
				<li>&lt;color=#66ccff&gt;勘探家&lt;/color&gt;</li>
				<li>&lt;color=#66ccff&gt;游牧猎手&lt;/color&gt;</li>
				<li>&lt;color=#66ccff&gt;驯兽师&lt;/color&gt;</li>
				<li>&lt;color=#66ccff&gt;运动健将&lt;/color&gt;</li>
				<li>&lt;color=#66ccff&gt;偶像&lt;/color&gt;</li>
				<li>&lt;color=#66ccff&gt;祭司&lt;/color&gt;</li>
				<li>&lt;color=#66ccff&gt;萨满&lt;/color&gt;</li>
				<li>&lt;color=#66ccff&gt;刺客&lt;/color&gt;</li>
				<li>&lt;color=#66ccff&gt;刽子手&lt;/color&gt;</li>
				<li>&lt;color=#66ccff&gt;通灵师&lt;/color&gt;</li>
				<li>&lt;color=#66ccff&gt;武侠&lt;/color&gt;</li>
				<li>&lt;color=#66ccff&gt;贵族商人&lt;/color&gt;</li>
				<li>&lt;color=#66ccff&gt;强化人&lt;/color&gt;</li>
				<li>&lt;color=#cc33cc&gt;建造大师&lt;/color&gt;</li>
				<li>&lt;color=#cc33cc&gt;挖掘机&lt;/color&gt;</li>
				<li>&lt;color=#cc33cc&gt;厨神&lt;/color&gt;</li>
				<li>&lt;color=#cc33cc&gt;生命传播者&lt;/color&gt;</li>
				<li>&lt;color=#cc33cc&gt;兽王&lt;/color&gt;</li>
				<li>&lt;color=#cc33cc&gt;巨匠&lt;/color&gt;</li>
				<li>&lt;color=#cc33cc&gt;医龙&lt;/color&gt;</li>
				<li>&lt;color=#cc33cc&gt;说客&lt;/color&gt;</li>
				<li>&lt;color=#cc33cc&gt;天才&lt;/color&gt;</li>
				<li>&lt;color=#CC33CC&gt;超高速&lt;/color&gt;</li>
				<li>&lt;color=#CC33CC&gt;百毒不侵&lt;/color&gt;</li>
				<li>&lt;color=#cc33cc&gt;军火商人&lt;/color&gt;</li>
				<li>&lt;color=#cc33cc&gt;惩戒者&lt;/color&gt;</li>
				<li>&lt;color=#cc33cc&gt;强运&lt;/color&gt;</li>
				<li>&lt;color=#cc33cc&gt;主教&lt;/color&gt;</li>
				<li>&lt;color=#cc33cc&gt;大魔法师&lt;/color&gt;</li>
				<li>&lt;color=#cc33cc&gt;新人类&lt;/color&gt;</li>
				<li>&lt;color=#CDCDCD&gt;倒霉鬼&lt;/color&gt;</li>
				<li>&lt;color=#CDCDCD&gt;笨蛋&lt;/color&gt;</li>
				<li>&lt;color=#CDCDCD&gt;任性&lt;/color&gt;</li>
				<li>&lt;color=#CDCDCD&gt;贪睡者&lt;/color&gt;</li>
				<li>&lt;color=#CDCDCD&gt;冤大头&lt;/color&gt;</li>
				<li>&lt;color=#CDCDCD&gt;人格分裂&lt;/color&gt;</li>
				<li>&lt;color=#CDCDCD&gt;邋遢&lt;/color&gt;</li>
				<li>&lt;color=#CDCDCD&gt;吝啬&lt;/color&gt;</li>
				<li>&lt;color=#CDCDCD&gt;狂妄&lt;/color&gt;</li>
				<li>&lt;color=#CDCDCD&gt;麻瓜&lt;/color&gt;</li>
				<li>&lt;color=#CDCDCD&gt;幽闭症&lt;/color&gt;</li>
				<li>&lt;color=#CDCDCD&gt;变装大佬&lt;/color&gt;</li>
				<li>&lt;color=#ff99ff&gt;病娇&lt;/color&gt;</li>
				<li>&lt;color=#ff99ff&gt;三无&lt;/color&gt;</li>
				<li>&lt;color=#ff99ff&gt;元气&lt;/color&gt;</li>
				<li>&lt;color=#ff99ff&gt;傲娇&lt;/color&gt;</li>
				<li>&lt;color=#ff99ff&gt;腹黑&lt;/color&gt;</li>
				<li>&lt;color=#ff99ff&gt;毒舌&lt;/color&gt;</li>
				<li>&lt;color=#F08080&gt;阿姨的指南&lt;/color&gt;</li>
				<li>&lt;color=#F08080&gt;旻的小窍门&lt;/color&gt;</li>
				<li>&lt;color=#F08080&gt;卡丝的手册&lt;/color&gt;</li>
				<li>&lt;color=#F08080&gt;奥克萨娜的感悟&lt;/color&gt;</li>
				<li>&lt;color=#F08080&gt;凯文的心得&lt;/color&gt;</li>
				<li>&lt;color=#F08080&gt;未来科技贱民&lt;/color&gt;</li>
				<li>&lt;color=#F08080&gt;未来科技参谋&lt;/color&gt;</li>
				<li>&lt;color=#F08080&gt;未来科技董事长&lt;/color&gt;</li>
				<li>&lt;color=#F08080&gt;孤单小屋老板&lt;/color&gt;</li>
				<li>&lt;color=#FF3030&gt;红月&lt;/color&gt;</li>
				<li>&lt;color=#FF3030&gt;太阳骑士&lt;/color&gt;</li>
				<li>&lt;color=#FF3030&gt;末日拳王&lt;/color&gt;</li>
				<li>&lt;color=#FF3030&gt;斯昆剑圣&lt;/color&gt;</li>
				<li>&lt;color=#FFCC66&gt;&lt;i&gt;勇者&lt;/i&gt;&lt;/color&gt;</li>
				<li>&lt;color=#FFCC66&gt;&lt;i&gt;死神&lt;/i&gt;&lt;/color&gt;</li>
				<li>&lt;color=#FFCC66&gt;&lt;i&gt;天生领袖&lt;/i&gt;&lt;/color&gt;</li>
				<li>&lt;color=#FFCC66&gt;&lt;i&gt;自然之子&lt;/i&gt;&lt;/color&gt;</li>
				<li>&lt;color=#FFCC66&gt;&lt;i&gt;疾风&lt;/i&gt;&lt;/color&gt;</li>
				<li>&lt;color=#FFCC66&gt;&lt;i&gt;俯瞰众生&lt;/i&gt;&lt;/color&gt;</li>
				<li>&lt;color=#FFCC66&gt;&lt;i&gt;大师&lt;/i&gt;&lt;/color&gt;</li>
				<li>&lt;color=#33ff00&gt;萌混过关&lt;/color&gt;</li>
				<li>&lt;color=#33ff00&gt;魔法少女&lt;/color&gt;</li>
				<li>&lt;color=#66ccff&gt;调整者&lt;/color&gt;</li>
				<li>&lt;color=#66ccff&gt;穿越者&lt;/color&gt;</li>
				<li>&lt;color=#66ccff&gt;滑稽&lt;/color&gt;</li>
				<li>&lt;color=#66ccff&gt;生存专家&lt;/color&gt;</li>
				<li>&lt;color=#cc33cc&gt;柔弱无骨&lt;/color&gt;</li>
				<li>&lt;color=#CC33CC&gt;天生剑骨&lt;/color&gt;</li>
				<li>&lt;color=#CC33CC&gt;范围感知&lt;/color&gt;</li>
				<li>&lt;color=#cc33cc&gt;超凡脱俗&lt;/color&gt;</li>
				<li>&lt;color=#CDCDCD&gt;虚空的凝视&lt;/color&gt;</li>
				<li>&lt;color=#F08080&gt;搞事的祝福&lt;/color&gt;</li>
				<li>&lt;color=#FFCC66&gt;&lt;i&gt;贝爷&lt;/i&gt;&lt;/color&gt;</li>
				<li>传送师</li>
				<li>判官</li>
				<li>凤凰</li>
				<li>水生</li>
				<li>地灵</li>
				<li>风神</li>
				<li>磁力</li>
				<li>超感者</li>
				<li>圣骑士</li>
				<li>衣着正经</li>
				<li>失眠症患者</li>
				<li>软心肠</li>
				<li>反复无常</li>
				<li>好色</li>
				<li>依赖</li>
				<li>户外爱好者</li>
				<li>亲雨</li>
				<li>光敏感</li>
				<li>上流人物</li>
				<li>麻木</li>
				<li>熟睡</li>
				<li>多元之爱</li>
				<li>不报成见</li>
				<li>久坐</li>
				<li>健谈</li>
				<li>讨厌孩子</li>
				<li>狼孩</li>
				<li>殖民者的孩子</li>
				<li>年幼</li>
				<li>强奸犯</li>
				<li>恋尸癖</li>
				<li>恋兽癖</li>
				<li>性爱成瘾</li>
				<li>讲卫生</li>
				<li>不讲卫生</li>
				<li>邋遢</li>
				<li>无畏</li>
				<li>&lt;color=#CDCDCD&gt;势利&lt;/color&gt;</li>
				<li>&lt;color=#CDCDCD&gt;清高&lt;/color&gt;</li>
			</keys>
			<values>
				<li>RGBA(0.000, 0.000, 0.000, 0.000)</li>
				<li>RGBA(0.000, 0.000, 0.000, 0.000)</li>
				<li>RGBA(0.000, 0.000, 0.000, 0.000)</li>
				<li>RGBA(0.000, 0.000, 0.000, 0.000)</li>
				<li>RGBA(0.000, 0.000, 0.000, 0.000)</li>
				<li>RGBA(0.000, 0.000, 0.000, 0.000)</li>
				<li>RGBA(0.000, 0.000, 0.000, 0.000)</li>
				<li>RGBA(0.000, 0.000, 0.000, 0.000)</li>
				<li>RGBA(0.000, 0.000, 0.000, 0.000)</li>
				<li>RGBA(0.000, 0.000, 0.000, 0.000)</li>
				<li>RGBA(0.000, 0.000, 0.000, 0.000)</li>
				<li>RGBA(0.000, 0.000, 0.000, 0.000)</li>
				<li>RGBA(0.000, 0.000, 0.000, 0.000)</li>
				<li>RGBA(0.000, 0.000, 0.000, 0.000)</li>
				<li>RGBA(0.000, 0.000, 0.000, 0.000)</li>
				<li>RGBA(0.000, 0.000, 0.000, 0.000)</li>
				<li>RGBA(0.000, 0.000, 0.000, 0.000)</li>
				<li>RGBA(0.000, 0.000, 0.000, 0.000)</li>
				<li>RGBA(0.000, 0.000, 0.000, 0.000)</li>
				<li>RGBA(0.000, 0.000, 0.000, 0.000)</li>
				<li>RGBA(0.000, 0.000, 0.000, 0.000)</li>
				<li>RGBA(0.000, 0.000, 0.000, 0.000)</li>
				<li>RGBA(0.000, 0.000, 0.000, 0.000)</li>
				<li>RGBA(0.000, 0.000, 0.000, 0.000)</li>
				<li>RGBA(0.000, 0.000, 0.000, 0.000)</li>
				<li>RGBA(0.000, 0.000, 0.000, 0.000)</li>
				<li>RGBA(0.000, 0.000, 0.000, 0.000)</li>
				<li>RGBA(0.000, 0.000, 0.000, 0.000)</li>
				<li>RGBA(0.000, 0.000, 0.000, 0.000)</li>
				<li>RGBA(0.000, 0.000, 0.000, 0.000)</li>
				<li>RGBA(0.000, 0.000, 0.000, 0.000)</li>
				<li>RGBA(0.000, 0.000, 0.000, 0.000)</li>
				<li>RGBA(0.000, 0.000, 0.000, 0.000)</li>
				<li>RGBA(0.000, 0.000, 0.000, 0.000)</li>
				<li>RGBA(0.000, 0.000, 0.000, 0.000)</li>
				<li>RGBA(0.000, 0.000, 0.000, 0.000)</li>
				<li>RGBA(0.000, 0.000, 0.000, 0.000)</li>
				<li>RGBA(0.000, 0.000, 0.000, 0.000)</li>
				<li>RGBA(0.000, 0.000, 0.000, 0.000)</li>
				<li>RGBA(0.000, 0.000, 0.000, 0.000)</li>
				<li>RGBA(0.000, 0.000, 0.000, 0.000)</li>
				<li>RGBA(0.000, 0.000, 0.000, 0.000)</li>
				<li>RGBA(0.000, 0.000, 0.000, 0.000)</li>
				<li>RGBA(0.000, 0.000, 0.000, 0.000)</li>
				<li>RGBA(0.000, 0.000, 0.000, 0.000)</li>
				<li>RGBA(0.000, 0.000, 0.000, 0.000)</li>
				<li>RGBA(0.000, 0.000, 0.000, 0.000)</li>
				<li>RGBA(0.000, 0.000, 0.000, 0.000)</li>
				<li>RGBA(0.000, 0.000, 0.000, 0.000)</li>
				<li>RGBA(0.000, 0.000, 0.000, 0.000)</li>
				<li>RGBA(0.000, 0.000, 0.000, 0.000)</li>
				<li>RGBA(0.000, 0.000, 0.000, 0.000)</li>
				<li>RGBA(0.000, 0.000, 0.000, 0.000)</li>
				<li>RGBA(0.000, 0.000, 0.000, 0.000)</li>
				<li>RGBA(0.000, 0.000, 0.000, 0.000)</li>
				<li>RGBA(0.000, 0.000, 0.000, 0.000)</li>
				<li>RGBA(0.000, 0.000, 0.000, 0.000)</li>
				<li>RGBA(0.000, 0.000, 0.000, 0.000)</li>
				<li>RGBA(0.000, 0.000, 0.000, 0.000)</li>
				<li>RGBA(0.000, 0.000, 0.000, 0.000)</li>
				<li>RGBA(0.000, 0.000, 0.000, 0.000)</li>
				<li>RGBA(0.000, 0.000, 0.000, 0.000)</li>
				<li>RGBA(0.000, 0.000, 0.000, 0.000)</li>
				<li>RGBA(0.000, 0.000, 0.000, 0.000)</li>
				<li>RGBA(0.000, 0.000, 0.000, 0.000)</li>
				<li>RGBA(0.000, 0.000, 0.000, 0.000)</li>
				<li>RGBA(0.000, 0.000, 0.000, 0.000)</li>
				<li>RGBA(0.000, 0.000, 0.000, 0.000)</li>
				<li>RGBA(0.000, 0.000, 0.000, 0.000)</li>
				<li>RGBA(0.000, 0.000, 0.000, 0.000)</li>
				<li>RGBA(0.000, 0.000, 0.000, 0.000)</li>
				<li>RGBA(0.000, 0.000, 0.000, 0.000)</li>
				<li>RGBA(0.000, 0.000, 0.000, 0.000)</li>
				<li>RGBA(0.000, 0.000, 0.000, 0.000)</li>
				<li>RGBA(0.000, 0.000, 0.000, 0.000)</li>
				<li>RGBA(0.000, 0.000, 0.000, 0.000)</li>
				<li>RGBA(0.000, 0.000, 0.000, 0.000)</li>
				<li>RGBA(0.000, 0.000, 0.000, 0.000)</li>
				<li>RGBA(0.000, 0.000, 0.000, 0.000)</li>
				<li>RGBA(0.000, 0.000, 0.000, 0.000)</li>
				<li>RGBA(0.000, 0.000, 0.000, 0.000)</li>
				<li>RGBA(0.000, 0.000, 0.000, 0.000)</li>
				<li>RGBA(0.000, 0.000, 0.000, 0.000)</li>
				<li>RGBA(0.000, 0.000, 0.000, 0.000)</li>
				<li>RGBA(0.000, 0.000, 0.000, 0.000)</li>
				<li>RGBA(0.000, 0.000, 0.000, 0.000)</li>
				<li>RGBA(0.000, 0.000, 0.000, 0.000)</li>
				<li>RGBA(0.000, 0.000, 0.000, 0.000)</li>
				<li>RGBA(0.000, 0.000, 0.000, 0.000)</li>
				<li>RGBA(0.000, 0.000, 0.000, 0.000)</li>
				<li>RGBA(0.000, 0.000, 0.000, 0.000)</li>
				<li>RGBA(0.000, 0.000, 0.000, 0.000)</li>
				<li>RGBA(0.000, 0.000, 0.000, 0.000)</li>
				<li>RGBA(0.000, 0.000, 0.000, 0.000)</li>
				<li>RGBA(0.000, 0.000, 0.000, 0.000)</li>
				<li>RGBA(0.000, 0.000, 0.000, 0.000)</li>
				<li>RGBA(0.000, 0.000, 0.000, 0.000)</li>
				<li>RGBA(0.000, 0.000, 0.000, 0.000)</li>
				<li>RGBA(0.000, 0.000, 0.000, 0.000)</li>
				<li>RGBA(0.000, 0.000, 0.000, 0.000)</li>
				<li>RGBA(0.000, 0.000, 0.000, 0.000)</li>
				<li>RGBA(0.000, 0.000, 0.000, 0.000)</li>
				<li>RGBA(0.000, 0.000, 0.000, 0.000)</li>
				<li>RGBA(0.000, 0.000, 0.000, 0.000)</li>
				<li>RGBA(0.000, 0.000, 0.000, 0.000)</li>
				<li>RGBA(0.000, 0.000, 0.000, 0.000)</li>
				<li>RGBA(0.000, 0.000, 0.000, 0.000)</li>
				<li>RGBA(0.000, 0.000, 0.000, 0.000)</li>
				<li>RGBA(0.000, 0.000, 0.000, 0.000)</li>
				<li>RGBA(0.000, 0.000, 0.000, 0.000)</li>
				<li>RGBA(0.000, 0.000, 0.000, 0.000)</li>
				<li>RGBA(0.000, 0.000, 0.000, 0.000)</li>
				<li>RGBA(0.000, 0.000, 0.000, 0.000)</li>
				<li>RGBA(0.000, 0.000, 0.000, 0.000)</li>
				<li>RGBA(0.000, 0.000, 0.000, 0.000)</li>
				<li>RGBA(0.000, 0.000, 0.000, 0.000)</li>
				<li>RGBA(0.000, 0.000, 0.000, 0.000)</li>
				<li>RGBA(0.000, 0.000, 0.000, 0.000)</li>
				<li>RGBA(0.000, 0.000, 0.000, 0.000)</li>
				<li>RGBA(0.000, 0.000, 0.000, 0.000)</li>
				<li>RGBA(0.000, 0.000, 0.000, 0.000)</li>
				<li>RGBA(0.000, 0.000, 0.000, 0.000)</li>
				<li>RGBA(0.000, 0.000, 0.000, 0.000)</li>
				<li>RGBA(0.000, 0.000, 0.000, 0.000)</li>
				<li>RGBA(0.000, 0.000, 0.000, 0.000)</li>
				<li>RGBA(0.000, 0.000, 0.000, 0.000)</li>
				<li>RGBA(0.000, 0.000, 0.000, 0.000)</li>
				<li>RGBA(0.000, 0.000, 0.000, 0.000)</li>
				<li>RGBA(0.000, 0.000, 0.000, 0.000)</li>
				<li>RGBA(0.000, 0.000, 0.000, 0.000)</li>
				<li>RGBA(0.000, 0.000, 0.000, 0.000)</li>
				<li>RGBA(0.000, 0.000, 0.000, 0.000)</li>
				<li>RGBA(0.000, 0.000, 0.000, 0.000)</li>
				<li>RGBA(0.000, 0.000, 0.000, 0.000)</li>
				<li>RGBA(0.000, 0.000, 0.000, 0.000)</li>
				<li>RGBA(0.000, 0.000, 0.000, 0.000)</li>
				<li>RGBA(0.000, 0.000, 0.000, 0.000)</li>
				<li>RGBA(0.000, 0.000, 0.000, 0.000)</li>
				<li>RGBA(0.000, 0.000, 0.000, 0.000)</li>
				<li>RGBA(0.000, 0.000, 0.000, 0.000)</li>
				<li>RGBA(0.000, 0.000, 0.000, 0.000)</li>
				<li>RGBA(0.000, 0.000, 0.000, 0.000)</li>
				<li>RGBA(0.000, 0.000, 0.000, 0.000)</li>
				<li>RGBA(0.000, 0.000, 0.000, 0.000)</li>
				<li>RGBA(0.000, 0.000, 0.000, 0.000)</li>
				<li>RGBA(0.000, 0.000, 0.000, 0.000)</li>
				<li>RGBA(0.000, 0.000, 0.000, 0.000)</li>
				<li>RGBA(0.000, 0.000, 0.000, 0.000)</li>
				<li>RGBA(0.000, 0.000, 0.000, 0.000)</li>
				<li>RGBA(0.000, 0.000, 0.000, 0.000)</li>
				<li>RGBA(0.000, 0.000, 0.000, 0.000)</li>
				<li>RGBA(0.000, 0.000, 0.000, 0.000)</li>
				<li>RGBA(0.000, 0.000, 0.000, 0.000)</li>
				<li>RGBA(0.000, 0.000, 0.000, 0.000)</li>
				<li>RGBA(0.000, 0.000, 0.000, 0.000)</li>
				<li>RGBA(0.000, 0.000, 0.000, 0.000)</li>
				<li>RGBA(0.000, 0.000, 0.000, 0.000)</li>
				<li>RGBA(0.000, 0.000, 0.000, 0.000)</li>
				<li>RGBA(0.000, 0.000, 0.000, 0.000)</li>
				<li>RGBA(0.000, 0.000, 0.000, 0.000)</li>
				<li>RGBA(0.000, 0.000, 0.000, 0.000)</li>
				<li>RGBA(0.000, 0.000, 0.000, 0.000)</li>
				<li>RGBA(0.000, 0.000, 0.000, 0.000)</li>
				<li>RGBA(0.000, 0.000, 0.000, 0.000)</li>
				<li>RGBA(0.000, 0.000, 0.000, 0.000)</li>
				<li>RGBA(0.000, 0.000, 0.000, 0.000)</li>
				<li>RGBA(0.000, 0.000, 0.000, 0.000)</li>
				<li>RGBA(0.000, 0.000, 0.000, 0.000)</li>
				<li>RGBA(0.000, 0.000, 0.000, 0.000)</li>
				<li>RGBA(0.000, 0.000, 0.000, 0.000)</li>
				<li>RGBA(0.000, 0.000, 0.000, 0.000)</li>
				<li>RGBA(0.000, 0.000, 0.000, 0.000)</li>
				<li>RGBA(0.000, 0.000, 0.000, 0.000)</li>
				<li>RGBA(0.000, 0.000, 0.000, 0.000)</li>
				<li>RGBA(0.000, 0.000, 0.000, 0.000)</li>
				<li>RGBA(0.000, 0.000, 0.000, 0.000)</li>
				<li>RGBA(0.000, 0.000, 0.000, 0.000)</li>
				<li>RGBA(0.000, 0.000, 0.000, 0.000)</li>
				<li>RGBA(0.000, 0.000, 0.000, 0.000)</li>
				<li>RGBA(0.000, 0.000, 0.000, 0.000)</li>
				<li>RGBA(0.000, 0.000, 0.000, 0.000)</li>
				<li>RGBA(0.000, 0.000, 0.000, 0.000)</li>
				<li>RGBA(0.000, 0.000, 0.000, 0.000)</li>
				<li>RGBA(0.000, 0.000, 0.000, 0.000)</li>
				<li>RGBA(0.000, 0.000, 0.000, 0.000)</li>
				<li>RGBA(0.000, 0.000, 0.000, 0.000)</li>
				<li>RGBA(0.000, 0.000, 0.000, 0.000)</li>
				<li>RGBA(0.000, 0.000, 0.000, 0.000)</li>
				<li>RGBA(0.000, 0.000, 0.000, 0.000)</li>
				<li>RGBA(0.000, 0.000, 0.000, 0.000)</li>
				<li>RGBA(0.000, 0.000, 0.000, 0.000)</li>
				<li>RGBA(0.000, 0.000, 0.000, 0.000)</li>
				<li>RGBA(0.000, 0.000, 0.000, 0.000)</li>
				<li>RGBA(0.000, 0.000, 0.000, 0.000)</li>
				<li>RGBA(0.000, 0.000, 0.000, 0.000)</li>
				<li>RGBA(0.000, 0.000, 0.000, 0.000)</li>
				<li>RGBA(0.000, 0.000, 0.000, 0.000)</li>
				<li>RGBA(0.000, 0.000, 0.000, 0.000)</li>
				<li>RGBA(0.000, 0.000, 0.000, 0.000)</li>
				<li>RGBA(0.000, 0.000, 0.000, 0.000)</li>
				<li>RGBA(0.000, 0.000, 0.000, 0.000)</li>
				<li>RGBA(0.000, 0.000, 0.000, 0.000)</li>
				<li>RGBA(0.000, 0.000, 0.000, 0.000)</li>
				<li>RGBA(0.000, 0.000, 0.000, 0.000)</li>
				<li>RGBA(0.000, 0.000, 0.000, 0.000)</li>
				<li>RGBA(0.000, 0.000, 0.000, 0.000)</li>
				<li>RGBA(0.000, 0.000, 0.000, 0.000)</li>
				<li>RGBA(0.000, 0.000, 0.000, 0.000)</li>
				<li>RGBA(0.000, 0.000, 0.000, 0.000)</li>
				<li>RGBA(0.000, 0.000, 0.000, 0.000)</li>
				<li>RGBA(0.000, 0.000, 0.000, 0.000)</li>
				<li>RGBA(0.000, 0.000, 0.000, 0.000)</li>
				<li>RGBA(0.000, 0.000, 0.000, 0.000)</li>
				<li>RGBA(0.000, 0.000, 0.000, 0.000)</li>
				<li>RGBA(0.000, 0.000, 0.000, 0.000)</li>
				<li>RGBA(0.000, 0.000, 0.000, 0.000)</li>
				<li>RGBA(0.000, 0.000, 0.000, 0.000)</li>
				<li>RGBA(0.000, 0.000, 0.000, 0.000)</li>
				<li>RGBA(0.000, 0.000, 0.000, 0.000)</li>
				<li>RGBA(0.000, 0.000, 0.000, 0.000)</li>
				<li>RGBA(0.000, 0.000, 0.000, 0.000)</li>
				<li>RGBA(0.000, 0.000, 0.000, 0.000)</li>
				<li>RGBA(0.000, 0.000, 0.000, 0.000)</li>
				<li>RGBA(0.000, 0.000, 0.000, 0.000)</li>
				<li>RGBA(0.000, 0.000, 0.000, 0.000)</li>
				<li>RGBA(0.000, 0.000, 0.000, 0.000)</li>
				<li>RGBA(0.000, 0.000, 0.000, 0.000)</li>
				<li>RGBA(0.000, 0.000, 0.000, 0.000)</li>
				<li>RGBA(0.000, 0.000, 0.000, 0.000)</li>
				<li>RGBA(0.000, 0.000, 0.000, 0.000)</li>
				<li>RGBA(0.000, 0.000, 0.000, 0.000)</li>
				<li>RGBA(0.000, 0.000, 0.000, 0.000)</li>
				<li>RGBA(0.000, 0.000, 0.000, 0.000)</li>
				<li>RGBA(0.000, 0.000, 0.000, 0.000)</li>
				<li>RGBA(0.000, 0.000, 0.000, 0.000)</li>
				<li>RGBA(0.000, 0.000, 0.000, 0.000)</li>
				<li>RGBA(0.000, 0.000, 0.000, 0.000)</li>
				<li>RGBA(0.000, 0.000, 0.000, 0.000)</li>
				<li>RGBA(0.000, 0.000, 0.000, 0.000)</li>
				<li>RGBA(0.000, 0.000, 0.000, 0.000)</li>
				<li>RGBA(0.000, 0.000, 0.000, 0.000)</li>
				<li>RGBA(0.000, 0.000, 0.000, 0.000)</li>
				<li>RGBA(0.000, 0.000, 0.000, 0.000)</li>
				<li>RGBA(0.000, 0.000, 0.000, 0.000)</li>
				<li>RGBA(0.000, 0.000, 0.000, 0.000)</li>
				<li>RGBA(0.000, 0.000, 0.000, 0.000)</li>
				<li>RGBA(0.000, 0.000, 0.000, 0.000)</li>
				<li>RGBA(0.000, 0.000, 0.000, 0.000)</li>
				<li>RGBA(0.000, 0.000, 0.000, 0.000)</li>
				<li>RGBA(0.000, 0.000, 0.000, 0.000)</li>
				<li>RGBA(0.000, 0.000, 0.000, 0.000)</li>
				<li>RGBA(0.000, 0.000, 0.000, 0.000)</li>
				<li>RGBA(0.000, 0.000, 0.000, 0.000)</li>
				<li>RGBA(0.000, 0.000, 0.000, 0.000)</li>
				<li>RGBA(0.000, 0.000, 0.000, 0.000)</li>
				<li>RGBA(0.000, 0.000, 0.000, 0.000)</li>
				<li>RGBA(0.000, 0.000, 0.000, 0.000)</li>
				<li>RGBA(0.000, 0.000, 0.000, 0.000)</li>
				<li>RGBA(0.000, 0.000, 0.000, 0.000)</li>
				<li>RGBA(0.000, 0.000, 0.000, 0.000)</li>
				<li>RGBA(0.000, 0.000, 0.000, 0.000)</li>
				<li>RGBA(0.000, 0.000, 0.000, 0.000)</li>
				<li>RGBA(0.000, 0.000, 0.000, 0.000)</li>
				<li>RGBA(0.000, 0.000, 0.000, 0.000)</li>
				<li>RGBA(0.000, 0.000, 0.000, 0.000)</li>
				<li>RGBA(0.000, 0.000, 0.000, 0.000)</li>
				<li>RGBA(0.000, 0.000, 0.000, 0.000)</li>
				<li>RGBA(0.000, 0.000, 0.000, 0.000)</li>
				<li>RGBA(0.000, 0.000, 0.000, 0.000)</li>
				<li>RGBA(0.000, 0.000, 0.000, 0.000)</li>
				<li>RGBA(0.000, 0.000, 0.000, 0.000)</li>
				<li>RGBA(0.000, 0.000, 0.000, 0.000)</li>
				<li>RGBA(0.000, 0.000, 0.000, 0.000)</li>
				<li>RGBA(0.000, 0.000, 0.000, 0.000)</li>
				<li>RGBA(0.000, 0.000, 0.000, 0.000)</li>
				<li>RGBA(0.000, 0.000, 0.000, 0.000)</li>
				<li>RGBA(0.000, 0.000, 0.000, 0.000)</li>
				<li>RGBA(0.000, 0.000, 0.000, 0.000)</li>
				<li>RGBA(0.000, 0.000, 0.000, 0.000)</li>
				<li>RGBA(0.000, 0.000, 0.000, 0.000)</li>
				<li>RGBA(0.000, 0.000, 0.000, 0.000)</li>
				<li>RGBA(0.000, 0.000, 0.000, 0.000)</li>
				<li>RGBA(0.000, 0.000, 0.000, 0.000)</li>
				<li>RGBA(0.000, 0.000, 0.000, 0.000)</li>
				<li>RGBA(0.000, 0.000, 0.000, 0.000)</li>
				<li>RGBA(0.000, 0.000, 0.000, 0.000)</li>
				<li>RGBA(0.000, 0.000, 0.000, 0.000)</li>
				<li>RGBA(0.000, 0.000, 0.000, 0.000)</li>
				<li>RGBA(0.000, 0.000, 0.000, 0.000)</li>
				<li>RGBA(0.000, 0.000, 0.000, 0.000)</li>
				<li>RGBA(0.000, 0.000, 0.000, 0.000)</li>
				<li>RGBA(0.000, 0.000, 0.000, 0.000)</li>
				<li>RGBA(0.000, 0.000, 0.000, 0.000)</li>
				<li>RGBA(0.000, 0.000, 0.000, 0.000)</li>
				<li>RGBA(0.000, 0.000, 0.000, 0.000)</li>
				<li>RGBA(0.000, 0.000, 0.000, 0.000)</li>
				<li>RGBA(0.000, 0.000, 0.000, 0.000)</li>
				<li>RGBA(0.000, 0.000, 0.000, 0.000)</li>
				<li>RGBA(0.000, 0.000, 0.000, 0.000)</li>
				<li>RGBA(0.000, 0.000, 0.000, 0.000)</li>
				<li>RGBA(0.000, 0.000, 0.000, 0.000)</li>
				<li>RGBA(0.000, 0.000, 0.000, 0.000)</li>
				<li>RGBA(0.000, 0.000, 0.000, 0.000)</li>
				<li>RGBA(0.000, 0.000, 0.000, 0.000)</li>
				<li>RGBA(0.000, 0.000, 0.000, 0.000)</li>
				<li>RGBA(0.000, 0.000, 0.000, 0.000)</li>
			</values>
		</Traits_Colors>
		<Trait_String_Lookup>
			<keys>
				<li>裸体主义</li>
				<li>嗜血</li>
				<li>善良</li>
				<li>心理变态</li>
				<li>食人者</li>
				<li>直来直去</li>
				<li>聪明过人</li>
				<li>格斗者</li>
				<li>受虐狂</li>
				<li>夜猫子</li>
				<li>贪心</li>
				<li>妒忌</li>
				<li>苦行者</li>
				<li>同性恋</li>
				<li>双性恋</li>
				<li>无性恋</li>
				<li>烦人的声音</li>
				<li>恶心的呼吸声</li>
				<li>纵火狂</li>
				<li>懦弱</li>
				<li>敏捷</li>
				<li>速学者</li>
				<li>脑子慢</li>
				<li>穴居者</li>
				<li>超人主义</li>
				<li>纯粹主义</li>
				<li>厌恶男性</li>
				<li>厌恶女性</li>
				<li>过目不忘</li>
				<li>坚韧</li>
				<li>崩溃艺术家</li>
				<li>贪食者</li>
				<li>高效睡眠</li>
				<li>慢性子</li>
				<li>疾行者</li>
				<li>疾步如飞</li>
				<li>成瘾品痴迷</li>
				<li>成瘾品爱好</li>
				<li>成瘾品厌恶</li>
				<li>乐天派</li>
				<li>乐观</li>
				<li>悲观</li>
				<li>抑郁症</li>
				<li>意志如钢</li>
				<li>意志坚定</li>
				<li>意志紧张</li>
				<li>意志动荡</li>
				<li>神经质</li>
				<li>严重神经质</li>
				<li>工作狂</li>
				<li>工作勤奋</li>
				<li>工作懒惰</li>
				<li>工作怠惰</li>
				<li>心灵过敏</li>
				<li>心灵敏感</li>
				<li>心灵迟钝</li>
				<li>心灵失聪</li>
				<li>冷枪手</li>
				<li>乱开枪</li>
				<li>沉鱼落雁</li>
				<li>俊俏</li>
				<li>丑陋</li>
				<li>丑绝人寰</li>
				<li>超免疫者</li>
				<li>体弱多病</li>
				<li>排外主义</li>
				<li>亲外主义</li>
				<li>异能之神</li>
				<li>异能失聪</li>
				<li>异能迟钝</li>
				<li>异能熟手</li>
				<li>异能天才</li>
				<li>阿鞑-亚喀西</li>
				<li>“天生”猎手</li>
				<li>异变癖好</li>
				<li>渔夫</li>
				<li>无畏战棺封入</li>
				<li>无畏战棺剥离</li>
				<li>胡思乱想</li>
				<li>怪人</li>
				<li>完美主义者</li>
				<li>胆小鬼</li>
				<li>勇敢</li>
				<li>笨手笨脚</li>
				<li>嗜热</li>
				<li>嗜冷</li>
				<li>沉睡者</li>
				<li>洁癖</li>
				<li>邋遢鬼</li>
				<li>工作狂魔</li>
				<li>铁胃</li>
				<li>动物爱好者</li>
				<li>仇兽者</li>
				<li>膀大腰圆</li>
				<li>叛逆</li>
				<li>磨洋工</li>
				<li>记仇</li>
				<li>科技恐惧症</li>
				<li>贪玩</li>
				<li>白痴</li>
				<li>武术家</li>
				<li>自命不凡</li>
				<li>娇气</li>
				<li>忧虑</li>
				<li>花心</li>
				<li>专一</li>
				<li>电视迷</li>
				<li>猫咪达人</li>
				<li>狗狗达人</li>
				<li>天才</li>
				<li>饲养员</li>
				<li>海洋爱好者</li>
				<li>山地爱好者</li>
				<li>疯医</li>
				<li>醉拳</li>
				<li>盗窃癖</li>
				<li>烟鬼</li>
				<li>酒鬼</li>
				<li>旅行家</li>
				<li>失眠症</li>
				<li>厌世</li>
				<li>冷漠</li>
				<li>美食家</li>
				<li>学者</li>
				<li>开拓者</li>
				<li>名厨</li>
				<li>生态学家</li>
				<li>富豪</li>
				<li>皮糙肉厚</li>
				<li>虚弱</li>
				<li>精神分裂症</li>
				<li>建筑师</li>
				<li>解剖学家</li>
				<li>草药师</li>
				<li>猎人</li>
				<li>博学家</li>
				<li>拾荒者</li>
				<li>士兵</li>
				<li>&lt;color=#33ff00&gt;守夜者&lt;/color&gt;</li>
				<li>&lt;color=#33ff00&gt;价值连城&lt;/color&gt;</li>
				<li>&lt;color=#66ccff&gt;灵体化&lt;/color&gt;</li>
				<li>&lt;color=#CDCDCD&gt;低免疫者&lt;/color&gt;</li>
				<li>&lt;color=#33ff00&gt;火力支援&lt;/color&gt;</li>
				<li>&lt;color=#33ff00&gt;斗士&lt;/color&gt;</li>
				<li>&lt;color=#33ff00&gt;泥瓦匠&lt;/color&gt;</li>
				<li>&lt;color=#33ff00&gt;矿工&lt;/color&gt;</li>
				<li>&lt;color=#33ff00&gt;好厨艺&lt;/color&gt;</li>
				<li>&lt;color=#33ff00&gt;农夫&lt;/color&gt;</li>
				<li>&lt;color=#33ff00&gt;动物之友&lt;/color&gt;</li>
				<li>&lt;color=#33ff00&gt;铁匠&lt;/color&gt;</li>
				<li>&lt;color=#33ff00&gt;美术家&lt;/color&gt;</li>
				<li>&lt;color=#33ff00&gt;护士&lt;/color&gt;</li>
				<li>&lt;color=#33ff00&gt;头脑精明&lt;/color&gt;</li>
				<li>&lt;color=#33ff00&gt;发明家&lt;/color&gt;</li>
				<li>&lt;color=#33ff00&gt;热情&lt;/color&gt;</li>
				<li>&lt;color=#33ff00&gt;勇敢&lt;/color&gt;</li>
				<li>&lt;color=#33ff00&gt;强壮&lt;/color&gt;</li>
				<li>&lt;color=#33ff00&gt;认真&lt;/color&gt;</li>
				<li>&lt;color=#33ff00&gt;手艺人&lt;/color&gt;</li>
				<li>&lt;color=#33ff00&gt;伐木工&lt;/color&gt;</li>
				<li>&lt;color=#33ff00&gt;杂工&lt;/color&gt;</li>
				<li>&lt;color=#33ff00&gt;博爱&lt;/color&gt;</li>
				<li>&lt;color=#33ff00&gt;节俭&lt;/color&gt;</li>
				<li>&lt;color=#33ff00&gt;好声音&lt;/color&gt;</li>
				<li>&lt;color=#33ff00&gt;好身材&lt;/color&gt;</li>
				<li>&lt;color=#33ff00&gt;猎人&lt;/color&gt;</li>
				<li>&lt;color=#33ff00&gt;医生&lt;/color&gt;</li>
				<li>&lt;color=#33ff00&gt;酿酒工&lt;/color&gt;</li>
				<li>&lt;color=#33ff00&gt;园丁&lt;/color&gt;</li>
				<li>&lt;color=#33ff00&gt;修理工&lt;/color&gt;</li>
				<li>&lt;color=#33ff00&gt;放逐者&lt;/color&gt;</li>
				<li>&lt;color=#33ff00&gt;应急食品&lt;/color&gt;</li>
				<li>&lt;color=#66ccff&gt;尖兵&lt;/color&gt;</li>
				<li>&lt;color=#66ccff&gt;铁壁&lt;/color&gt;</li>
				<li>&lt;color=#66ccff&gt;优雅&lt;/color&gt;</li>
				<li>&lt;color=#66ccff&gt;军医&lt;/color&gt;</li>
				<li>&lt;color=#66ccff&gt;老练&lt;/color&gt;</li>
				<li>&lt;color=#66ccff&gt;冷彻&lt;/color&gt;</li>
				<li>&lt;color=#66ccff&gt;好运&lt;/color&gt;</li>
				<li>&lt;color=#66ccff&gt;重口味&lt;/color&gt;</li>
				<li>&lt;color=#66ccff&gt;倾国倾城&lt;/color&gt;</li>
				<li>&lt;color=#66ccff&gt;天籁之音&lt;/color&gt;</li>
				<li>&lt;color=#66ccff&gt;魔鬼身材&lt;/color&gt;</li>
				<li>&lt;color=#66ccff&gt;药剂师&lt;/color&gt;</li>
				<li>&lt;color=#66ccff&gt;大厨&lt;/color&gt;</li>
				<li>&lt;color=#66ccff&gt;工程师&lt;/color&gt;</li>
				<li>&lt;color=#66ccff&gt;勘探家&lt;/color&gt;</li>
				<li>&lt;color=#66ccff&gt;游牧猎手&lt;/color&gt;</li>
				<li>&lt;color=#66ccff&gt;驯兽师&lt;/color&gt;</li>
				<li>&lt;color=#66ccff&gt;运动健将&lt;/color&gt;</li>
				<li>&lt;color=#66ccff&gt;偶像&lt;/color&gt;</li>
				<li>&lt;color=#66ccff&gt;祭司&lt;/color&gt;</li>
				<li>&lt;color=#66ccff&gt;萨满&lt;/color&gt;</li>
				<li>&lt;color=#66ccff&gt;刺客&lt;/color&gt;</li>
				<li>&lt;color=#66ccff&gt;刽子手&lt;/color&gt;</li>
				<li>&lt;color=#66ccff&gt;通灵师&lt;/color&gt;</li>
				<li>&lt;color=#66ccff&gt;武侠&lt;/color&gt;</li>
				<li>&lt;color=#66ccff&gt;贵族商人&lt;/color&gt;</li>
				<li>&lt;color=#66ccff&gt;强化人&lt;/color&gt;</li>
				<li>&lt;color=#cc33cc&gt;建造大师&lt;/color&gt;</li>
				<li>&lt;color=#cc33cc&gt;挖掘机&lt;/color&gt;</li>
				<li>&lt;color=#cc33cc&gt;厨神&lt;/color&gt;</li>
				<li>&lt;color=#cc33cc&gt;生命传播者&lt;/color&gt;</li>
				<li>&lt;color=#cc33cc&gt;兽王&lt;/color&gt;</li>
				<li>&lt;color=#cc33cc&gt;巨匠&lt;/color&gt;</li>
				<li>&lt;color=#cc33cc&gt;医龙&lt;/color&gt;</li>
				<li>&lt;color=#cc33cc&gt;说客&lt;/color&gt;</li>
				<li>&lt;color=#cc33cc&gt;天才&lt;/color&gt;</li>
				<li>&lt;color=#CC33CC&gt;超高速&lt;/color&gt;</li>
				<li>&lt;color=#CC33CC&gt;百毒不侵&lt;/color&gt;</li>
				<li>&lt;color=#cc33cc&gt;军火商人&lt;/color&gt;</li>
				<li>&lt;color=#cc33cc&gt;惩戒者&lt;/color&gt;</li>
				<li>&lt;color=#cc33cc&gt;强运&lt;/color&gt;</li>
				<li>&lt;color=#cc33cc&gt;主教&lt;/color&gt;</li>
				<li>&lt;color=#cc33cc&gt;大魔法师&lt;/color&gt;</li>
				<li>&lt;color=#cc33cc&gt;新人类&lt;/color&gt;</li>
				<li>&lt;color=#CDCDCD&gt;倒霉鬼&lt;/color&gt;</li>
				<li>&lt;color=#CDCDCD&gt;笨蛋&lt;/color&gt;</li>
				<li>&lt;color=#CDCDCD&gt;任性&lt;/color&gt;</li>
				<li>&lt;color=#CDCDCD&gt;贪睡者&lt;/color&gt;</li>
				<li>&lt;color=#CDCDCD&gt;冤大头&lt;/color&gt;</li>
				<li>&lt;color=#CDCDCD&gt;人格分裂&lt;/color&gt;</li>
				<li>&lt;color=#CDCDCD&gt;邋遢&lt;/color&gt;</li>
				<li>&lt;color=#CDCDCD&gt;吝啬&lt;/color&gt;</li>
				<li>&lt;color=#CDCDCD&gt;狂妄&lt;/color&gt;</li>
				<li>&lt;color=#CDCDCD&gt;麻瓜&lt;/color&gt;</li>
				<li>&lt;color=#CDCDCD&gt;幽闭症&lt;/color&gt;</li>
				<li>&lt;color=#CDCDCD&gt;变装大佬&lt;/color&gt;</li>
				<li>&lt;color=#ff99ff&gt;病娇&lt;/color&gt;</li>
				<li>&lt;color=#ff99ff&gt;三无&lt;/color&gt;</li>
				<li>&lt;color=#ff99ff&gt;元气&lt;/color&gt;</li>
				<li>&lt;color=#ff99ff&gt;傲娇&lt;/color&gt;</li>
				<li>&lt;color=#ff99ff&gt;腹黑&lt;/color&gt;</li>
				<li>&lt;color=#ff99ff&gt;毒舌&lt;/color&gt;</li>
				<li>&lt;color=#F08080&gt;阿姨的指南&lt;/color&gt;</li>
				<li>&lt;color=#F08080&gt;旻的小窍门&lt;/color&gt;</li>
				<li>&lt;color=#F08080&gt;卡丝的手册&lt;/color&gt;</li>
				<li>&lt;color=#F08080&gt;奥克萨娜的感悟&lt;/color&gt;</li>
				<li>&lt;color=#F08080&gt;凯文的心得&lt;/color&gt;</li>
				<li>&lt;color=#F08080&gt;未来科技贱民&lt;/color&gt;</li>
				<li>&lt;color=#F08080&gt;未来科技参谋&lt;/color&gt;</li>
				<li>&lt;color=#F08080&gt;未来科技董事长&lt;/color&gt;</li>
				<li>&lt;color=#F08080&gt;孤单小屋老板&lt;/color&gt;</li>
				<li>&lt;color=#FF3030&gt;红月&lt;/color&gt;</li>
				<li>&lt;color=#FF3030&gt;太阳骑士&lt;/color&gt;</li>
				<li>&lt;color=#FF3030&gt;末日拳王&lt;/color&gt;</li>
				<li>&lt;color=#FF3030&gt;斯昆剑圣&lt;/color&gt;</li>
				<li>&lt;color=#FFCC66&gt;&lt;i&gt;勇者&lt;/i&gt;&lt;/color&gt;</li>
				<li>&lt;color=#FFCC66&gt;&lt;i&gt;死神&lt;/i&gt;&lt;/color&gt;</li>
				<li>&lt;color=#FFCC66&gt;&lt;i&gt;天生领袖&lt;/i&gt;&lt;/color&gt;</li>
				<li>&lt;color=#FFCC66&gt;&lt;i&gt;自然之子&lt;/i&gt;&lt;/color&gt;</li>
				<li>&lt;color=#FFCC66&gt;&lt;i&gt;疾风&lt;/i&gt;&lt;/color&gt;</li>
				<li>&lt;color=#FFCC66&gt;&lt;i&gt;俯瞰众生&lt;/i&gt;&lt;/color&gt;</li>
				<li>&lt;color=#FFCC66&gt;&lt;i&gt;大师&lt;/i&gt;&lt;/color&gt;</li>
				<li>&lt;color=#33ff00&gt;萌混过关&lt;/color&gt;</li>
				<li>&lt;color=#33ff00&gt;魔法少女&lt;/color&gt;</li>
				<li>&lt;color=#66ccff&gt;调整者&lt;/color&gt;</li>
				<li>&lt;color=#66ccff&gt;穿越者&lt;/color&gt;</li>
				<li>&lt;color=#66ccff&gt;滑稽&lt;/color&gt;</li>
				<li>&lt;color=#66ccff&gt;生存专家&lt;/color&gt;</li>
				<li>&lt;color=#cc33cc&gt;柔弱无骨&lt;/color&gt;</li>
				<li>&lt;color=#CC33CC&gt;天生剑骨&lt;/color&gt;</li>
				<li>&lt;color=#CC33CC&gt;范围感知&lt;/color&gt;</li>
				<li>&lt;color=#cc33cc&gt;超凡脱俗&lt;/color&gt;</li>
				<li>&lt;color=#CDCDCD&gt;虚空的凝视&lt;/color&gt;</li>
				<li>&lt;color=#F08080&gt;搞事的祝福&lt;/color&gt;</li>
				<li>&lt;color=#FFCC66&gt;&lt;i&gt;贝爷&lt;/i&gt;&lt;/color&gt;</li>
				<li>传送师</li>
				<li>判官</li>
				<li>凤凰</li>
				<li>水生</li>
				<li>地灵</li>
				<li>风神</li>
				<li>磁力</li>
				<li>超感者</li>
				<li>圣骑士</li>
				<li>衣着正经</li>
				<li>失眠症患者</li>
				<li>软心肠</li>
				<li>反复无常</li>
				<li>好色</li>
				<li>依赖</li>
				<li>户外爱好者</li>
				<li>亲雨</li>
				<li>光敏感</li>
				<li>上流人物</li>
				<li>麻木</li>
				<li>熟睡</li>
				<li>多元之爱</li>
				<li>不报成见</li>
				<li>久坐</li>
				<li>健谈</li>
				<li>讨厌孩子</li>
				<li>狼孩</li>
				<li>殖民者的孩子</li>
				<li>年幼</li>
				<li>强奸犯</li>
				<li>恋尸癖</li>
				<li>恋兽癖</li>
				<li>性爱成瘾</li>
				<li>讲卫生</li>
				<li>不讲卫生</li>
				<li>邋遢</li>
				<li>无畏</li>
				<li>&lt;color=#CDCDCD&gt;势利&lt;/color&gt;</li>
				<li>&lt;color=#CDCDCD&gt;清高&lt;/color&gt;</li>
			</keys>
			<values>
				<li>裸体主义</li>
				<li>嗜血</li>
				<li>善良</li>
				<li>心理变态</li>
				<li>食人者</li>
				<li>直来直去</li>
				<li>聪明过人</li>
				<li>格斗者</li>
				<li>受虐狂</li>
				<li>夜猫子</li>
				<li>贪心</li>
				<li>妒忌</li>
				<li>苦行者</li>
				<li>同性恋</li>
				<li>双性恋</li>
				<li>无性恋</li>
				<li>烦人的声音</li>
				<li>恶心的呼吸声</li>
				<li>纵火狂</li>
				<li>懦弱</li>
				<li>敏捷</li>
				<li>速学者</li>
				<li>脑子慢</li>
				<li>穴居者</li>
				<li>超人主义</li>
				<li>纯粹主义</li>
				<li>厌恶男性</li>
				<li>厌恶女性</li>
				<li>过目不忘</li>
				<li>坚韧</li>
				<li>崩溃艺术家</li>
				<li>贪食者</li>
				<li>高效睡眠</li>
				<li>慢性子</li>
				<li>疾行者</li>
				<li>疾步如飞</li>
				<li>成瘾品痴迷</li>
				<li>成瘾品爱好</li>
				<li>成瘾品厌恶</li>
				<li>乐天派</li>
				<li>乐观</li>
				<li>悲观</li>
				<li>抑郁症</li>
				<li>意志如钢</li>
				<li>意志坚定</li>
				<li>意志紧张</li>
				<li>意志动荡</li>
				<li>神经质</li>
				<li>严重神经质</li>
				<li>工作狂</li>
				<li>工作勤奋</li>
				<li>工作懒惰</li>
				<li>工作怠惰</li>
				<li>心灵过敏</li>
				<li>心灵敏感</li>
				<li>心灵迟钝</li>
				<li>心灵失聪</li>
				<li>冷枪手</li>
				<li>乱开枪</li>
				<li>沉鱼落雁</li>
				<li>俊俏</li>
				<li>丑陋</li>
				<li>丑绝人寰</li>
				<li>超免疫者</li>
				<li>体弱多病</li>
				<li>排外主义</li>
				<li>亲外主义</li>
				<li>异能之神</li>
				<li>异能失聪</li>
				<li>异能迟钝</li>
				<li>异能熟手</li>
				<li>异能天才</li>
				<li>阿鞑-亚喀西</li>
				<li>“天生”猎手</li>
				<li>异变癖好</li>
				<li>渔夫</li>
				<li>无畏战棺封入</li>
				<li>无畏战棺剥离</li>
				<li>胡思乱想</li>
				<li>怪人</li>
				<li>完美主义者</li>
				<li>胆小鬼</li>
				<li>勇敢</li>
				<li>笨手笨脚</li>
				<li>嗜热</li>
				<li>嗜冷</li>
				<li>沉睡者</li>
				<li>洁癖</li>
				<li>邋遢鬼</li>
				<li>工作狂魔</li>
				<li>铁胃</li>
				<li>动物爱好者</li>
				<li>仇兽者</li>
				<li>膀大腰圆</li>
				<li>叛逆</li>
				<li>磨洋工</li>
				<li>记仇</li>
				<li>科技恐惧症</li>
				<li>贪玩</li>
				<li>白痴</li>
				<li>武术家</li>
				<li>自命不凡</li>
				<li>娇气</li>
				<li>忧虑</li>
				<li>花心</li>
				<li>专一</li>
				<li>电视迷</li>
				<li>猫咪达人</li>
				<li>狗狗达人</li>
				<li>天才</li>
				<li>饲养员</li>
				<li>海洋爱好者</li>
				<li>山地爱好者</li>
				<li>疯医</li>
				<li>醉拳</li>
				<li>盗窃癖</li>
				<li>烟鬼</li>
				<li>酒鬼</li>
				<li>旅行家</li>
				<li>失眠症</li>
				<li>厌世</li>
				<li>冷漠</li>
				<li>美食家</li>
				<li>学者</li>
				<li>开拓者</li>
				<li>名厨</li>
				<li>生态学家</li>
				<li>富豪</li>
				<li>皮糙肉厚</li>
				<li>虚弱</li>
				<li>精神分裂症</li>
				<li>建筑师</li>
				<li>解剖学家</li>
				<li>草药师</li>
				<li>猎人</li>
				<li>博学家</li>
				<li>拾荒者</li>
				<li>士兵</li>
				<li>守夜者</li>
				<li>价值连城</li>
				<li>灵体化</li>
				<li>低免疫者</li>
				<li>火力支援</li>
				<li>斗士</li>
				<li>泥瓦匠</li>
				<li>矿工</li>
				<li>好厨艺</li>
				<li>农夫</li>
				<li>动物之友</li>
				<li>铁匠</li>
				<li>美术家</li>
				<li>护士</li>
				<li>头脑精明</li>
				<li>发明家</li>
				<li>热情</li>
				<li>勇敢</li>
				<li>强壮</li>
				<li>认真</li>
				<li>手艺人</li>
				<li>伐木工</li>
				<li>杂工</li>
				<li>博爱</li>
				<li>节俭</li>
				<li>好声音</li>
				<li>好身材</li>
				<li>猎人</li>
				<li>医生</li>
				<li>酿酒工</li>
				<li>园丁</li>
				<li>修理工</li>
				<li>放逐者</li>
				<li>应急食品</li>
				<li>尖兵</li>
				<li>铁壁</li>
				<li>优雅</li>
				<li>军医</li>
				<li>老练</li>
				<li>冷彻</li>
				<li>好运</li>
				<li>重口味</li>
				<li>倾国倾城</li>
				<li>天籁之音</li>
				<li>魔鬼身材</li>
				<li>药剂师</li>
				<li>大厨</li>
				<li>工程师</li>
				<li>勘探家</li>
				<li>游牧猎手</li>
				<li>驯兽师</li>
				<li>运动健将</li>
				<li>偶像</li>
				<li>祭司</li>
				<li>萨满</li>
				<li>刺客</li>
				<li>刽子手</li>
				<li>通灵师</li>
				<li>武侠</li>
				<li>贵族商人</li>
				<li>强化人</li>
				<li>建造大师</li>
				<li>挖掘机</li>
				<li>厨神</li>
				<li>生命传播者</li>
				<li>兽王</li>
				<li>巨匠</li>
				<li>医龙</li>
				<li>说客</li>
				<li>天才</li>
				<li>超高速</li>
				<li>百毒不侵</li>
				<li>军火商人</li>
				<li>惩戒者</li>
				<li>强运</li>
				<li>主教</li>
				<li>大魔法师</li>
				<li>新人类</li>
				<li>倒霉鬼</li>
				<li>笨蛋</li>
				<li>任性</li>
				<li>贪睡者</li>
				<li>冤大头</li>
				<li>人格分裂</li>
				<li>邋遢</li>
				<li>吝啬</li>
				<li>狂妄</li>
				<li>麻瓜</li>
				<li>幽闭症</li>
				<li>变装大佬</li>
				<li>病娇</li>
				<li>三无</li>
				<li>元气</li>
				<li>傲娇</li>
				<li>腹黑</li>
				<li>毒舌</li>
				<li>阿姨的指南</li>
				<li>旻的小窍门</li>
				<li>卡丝的手册</li>
				<li>奥克萨娜的感悟</li>
				<li>凯文的心得</li>
				<li>未来科技贱民</li>
				<li>未来科技参谋</li>
				<li>未来科技董事长</li>
				<li>孤单小屋老板</li>
				<li>红月</li>
				<li>太阳骑士</li>
				<li>末日拳王</li>
				<li>斯昆剑圣</li>
				<li>&lt;i&gt;勇者&lt;/i&gt;</li>
				<li>&lt;i&gt;死神&lt;/i&gt;</li>
				<li>&lt;i&gt;天生领袖&lt;/i&gt;</li>
				<li>&lt;i&gt;自然之子&lt;/i&gt;</li>
				<li>&lt;i&gt;疾风&lt;/i&gt;</li>
				<li>&lt;i&gt;俯瞰众生&lt;/i&gt;</li>
				<li>&lt;i&gt;大师&lt;/i&gt;</li>
				<li>萌混过关</li>
				<li>魔法少女</li>
				<li>调整者</li>
				<li>穿越者</li>
				<li>滑稽</li>
				<li>生存专家</li>
				<li>柔弱无骨</li>
				<li>天生剑骨</li>
				<li>范围感知</li>
				<li>超凡脱俗</li>
				<li>虚空的凝视</li>
				<li>搞事的祝福</li>
				<li>&lt;i&gt;贝爷&lt;/i&gt;</li>
				<li>传送师</li>
				<li>判官</li>
				<li>凤凰</li>
				<li>水生</li>
				<li>地灵</li>
				<li>风神</li>
				<li>磁力</li>
				<li>超感者</li>
				<li>圣骑士</li>
				<li>衣着正经</li>
				<li>失眠症患者</li>
				<li>软心肠</li>
				<li>反复无常</li>
				<li>好色</li>
				<li>依赖</li>
				<li>户外爱好者</li>
				<li>亲雨</li>
				<li>光敏感</li>
				<li>上流人物</li>
				<li>麻木</li>
				<li>熟睡</li>
				<li>多元之爱</li>
				<li>不报成见</li>
				<li>久坐</li>
				<li>健谈</li>
				<li>讨厌孩子</li>
				<li>狼孩</li>
				<li>殖民者的孩子</li>
				<li>年幼</li>
				<li>强奸犯</li>
				<li>恋尸癖</li>
				<li>恋兽癖</li>
				<li>性爱成瘾</li>
				<li>讲卫生</li>
				<li>不讲卫生</li>
				<li>邋遢</li>
				<li>无畏</li>
				<li>势利</li>
				<li>清高</li>
			</values>
		</Trait_String_Lookup>
		<Trait_Width>350</Trait_Width>
	</ModSettings>
</SettingsBlock>