﻿<?xml version="1.0" encoding="utf-8"?>
<SettingsBlock>
	<ModSettings Class="ResearchPal.Settings">
		<ShouldSeparateByTechLevels>True</ShouldSeparateByTechLevels>
		<MinimumSeparateModTech>0</MinimumSeparateModTech>
		<SearchByDescription>True</SearchByDescription>
		<AsyncLoadingOnStartup>True</AsyncLoadingOnStartup>
		<ProgressTooltip>True</ProgressTooltip>
		<AlwaysDisplayProgress>True</AlwaysDisplayProgress>
		<ShowQueuePositionOnQueue>True</ShowQueuePositionOnQueue>
	</ModSettings>
</SettingsBlock>