﻿<?xml version="1.0" encoding="utf-8"?>
<SettingsBlock>
	<ModSettings Class="Outposts.OutpostsSettings">
		<deliveryMethod>PackOrPods</deliveryMethod>
		<settingsPerOutpost>
			<keys>
				<li>Outpost_Factory</li>
				<li>Outpost_Fishing</li>
				<li>Outpost_Farming</li>
				<li>Outpost_Artillery</li>
				<li>Outpost_Defensive</li>
				<li>Outpost_Drilling</li>
				<li>Outpost_Encampment</li>
				<li>Outpost_Hunting</li>
				<li>Outpost_Logging</li>
				<li>Outpost_Mining</li>
				<li>Outpost_Production</li>
				<li>Outpost_Scavenging</li>
				<li>Outpost_Science</li>
				<li>Outpost_Town</li>
				<li>Outpost_Trading</li>
				<li>Outpost_Ranch</li>
			</keys>
			<values>
				<li>
					<keysToValues>
						<keys>
							<li>OutpostExtension.MinPawns</li>
							<li>OutpostExtension.Range</li>
							<li>OutpostExtension.TicksPerProduction</li>
							<li>OutpostExtension.TicksToPack</li>
							<li>Outpost_Factory.ProductionMultiplier</li>
						</keys>
						<values>
							<li>4</li>
							<li>-1</li>
							<li>900000</li>
							<li>420000</li>
							<li>1</li>
						</values>
					</keysToValues>
				</li>
				<li>
					<keysToValues>
						<keys>
							<li>OutpostExtension.MinPawns</li>
							<li>OutpostExtension.Range</li>
							<li>OutpostExtension.TicksPerProduction</li>
							<li>OutpostExtension.TicksToPack</li>
							<li>Outpost_Fishing.ProductionMultiplier</li>
						</keys>
						<values>
							<li>4</li>
							<li>-1</li>
							<li>900000</li>
							<li>420000</li>
							<li>1</li>
						</values>
					</keysToValues>
				</li>
				<li>
					<keysToValues>
						<keys>
							<li>OutpostExtension.MinPawns</li>
							<li>OutpostExtension.Range</li>
							<li>OutpostExtension.TicksPerProduction</li>
							<li>OutpostExtension.TicksToPack</li>
							<li>Outpost_Farming.ProductionMultiplier</li>
						</keys>
						<values>
							<li>0</li>
							<li>-1</li>
							<li>900000</li>
							<li>420000</li>
							<li>1</li>
						</values>
					</keysToValues>
				</li>
				<li>
					<keysToValues>
						<keys>
							<li>OutpostExtension.MinPawns</li>
							<li>OutpostExtension.Range</li>
							<li>OutpostExtension.TicksPerProduction</li>
							<li>OutpostExtension.TicksToPack</li>
							<li>Outpost_Artillery.CooldownTicks</li>
						</keys>
						<values>
							<li>0</li>
							<li>15</li>
							<li>-1</li>
							<li>420000</li>
							<li>60000</li>
						</values>
					</keysToValues>
				</li>
				<li>
					<keysToValues>
						<keys>
							<li>OutpostExtension.MinPawns</li>
							<li>OutpostExtension.Range</li>
							<li>OutpostExtension.TicksPerProduction</li>
							<li>OutpostExtension.TicksToPack</li>
						</keys>
						<values>
							<li>3</li>
							<li>15</li>
							<li>-1</li>
							<li>420000</li>
						</values>
					</keysToValues>
				</li>
				<li>
					<keysToValues>
						<keys>
							<li>OutpostExtension.MinPawns</li>
							<li>OutpostExtension.Range</li>
							<li>OutpostExtension.TicksPerProduction</li>
							<li>OutpostExtension.TicksToPack</li>
							<li>Outpost_Drilling.WorkToDrill</li>
						</keys>
						<values>
							<li>0</li>
							<li>-1</li>
							<li>900000</li>
							<li>420000</li>
							<li>420000</li>
						</values>
					</keysToValues>
				</li>
				<li>
					<keysToValues>
						<keys>
							<li>OutpostExtension.MinPawns</li>
							<li>OutpostExtension.Range</li>
							<li>OutpostExtension.TicksPerProduction</li>
							<li>OutpostExtension.TicksToPack</li>
						</keys>
						<values>
							<li>0</li>
							<li>-1</li>
							<li>-1</li>
							<li>17500</li>
						</values>
					</keysToValues>
				</li>
				<li>
					<keysToValues>
						<keys>
							<li>OutpostExtension.MinPawns</li>
							<li>OutpostExtension.Range</li>
							<li>OutpostExtension.TicksPerProduction</li>
							<li>OutpostExtension.TicksToPack</li>
							<li>Outpost_Hunting.Animals</li>
							<li>Outpost_Hunting.Leather</li>
							<li>Outpost_Hunting.Meat</li>
							<li>Outpost_Hunting.ProductionMultiplier</li>
							<li>Outpost_Hunting.Shooting</li>
						</keys>
						<values>
							<li>0</li>
							<li>-1</li>
							<li>900000</li>
							<li>420000</li>
							<li>1</li>
							<li>0.5</li>
							<li>0.5</li>
							<li>0.5</li>
							<li>0.5</li>
						</values>
					</keysToValues>
				</li>
				<li>
					<keysToValues>
						<keys>
							<li>OutpostExtension.MinPawns</li>
							<li>OutpostExtension.Range</li>
							<li>OutpostExtension.TicksPerProduction</li>
							<li>OutpostExtension.TicksToPack</li>
						</keys>
						<values>
							<li>3</li>
							<li>-1</li>
							<li>900000</li>
							<li>420000</li>
						</values>
					</keysToValues>
				</li>
				<li>
					<keysToValues>
						<keys>
							<li>OutpostExtension.MinPawns</li>
							<li>OutpostExtension.Range</li>
							<li>OutpostExtension.TicksPerProduction</li>
							<li>OutpostExtension.TicksToPack</li>
							<li>Outpost_Mining.ProductionMultiplier</li>
						</keys>
						<values>
							<li>0</li>
							<li>-1</li>
							<li>900000</li>
							<li>420000</li>
							<li>1</li>
						</values>
					</keysToValues>
				</li>
				<li>
					<keysToValues>
						<keys>
							<li>OutpostExtension.MinPawns</li>
							<li>OutpostExtension.Range</li>
							<li>OutpostExtension.TicksPerProduction</li>
							<li>OutpostExtension.TicksToPack</li>
						</keys>
						<values>
							<li>0</li>
							<li>-1</li>
							<li>900000</li>
							<li>420000</li>
						</values>
					</keysToValues>
				</li>
				<li>
					<keysToValues>
						<keys>
							<li>OutpostExtension.MinPawns</li>
							<li>OutpostExtension.Range</li>
							<li>OutpostExtension.TicksPerProduction</li>
							<li>OutpostExtension.TicksToPack</li>
						</keys>
						<values>
							<li>0</li>
							<li>-1</li>
							<li>3600000</li>
							<li>420000</li>
						</values>
					</keysToValues>
				</li>
				<li>
					<keysToValues>
						<keys>
							<li>OutpostExtension.MinPawns</li>
							<li>OutpostExtension.Range</li>
							<li>OutpostExtension.TicksPerProduction</li>
							<li>OutpostExtension.TicksToPack</li>
							<li>Outpost_Science.ResearchRate</li>
						</keys>
						<values>
							<li>0</li>
							<li>-1</li>
							<li>-1</li>
							<li>420000</li>
							<li>0.25</li>
						</values>
					</keysToValues>
				</li>
				<li>
					<keysToValues>
						<keys>
							<li>OutpostExtension.MinPawns</li>
							<li>OutpostExtension.Range</li>
							<li>OutpostExtension.TicksPerProduction</li>
							<li>OutpostExtension.TicksToPack</li>
							<li>Outpost_Town.Chance</li>
						</keys>
						<values>
							<li>5</li>
							<li>-1</li>
							<li>900000</li>
							<li>420000</li>
							<li>1</li>
						</values>
					</keysToValues>
				</li>
				<li>
					<keysToValues>
						<keys>
							<li>OutpostExtension.MinPawns</li>
							<li>OutpostExtension.Range</li>
							<li>OutpostExtension.TicksPerProduction</li>
							<li>OutpostExtension.TicksToPack</li>
						</keys>
						<values>
							<li>0</li>
							<li>-1</li>
							<li>900000</li>
							<li>420000</li>
						</values>
					</keysToValues>
				</li>
				<li>
					<keysToValues>
						<keys>
							<li>Outpost_Ranching.BodySize</li>
							<li>Outpost_Ranching.HungerRate</li>
							<li>Outpost_Ranching.Leather</li>
							<li>Outpost_Ranching.Meat</li>
							<li>Outpost_Ranching.Milk</li>
							<li>Outpost_Ranching.Wool</li>
							<li>Outpost_Ranching.Egg</li>
							<li>Outpost_Ranching.Other</li>
							<li>Outpost_Ranching.ProductionMultiplier</li>
							<li>Outpost_Ranching.CountMultiplier</li>
							<li>OutpostExtension.MinPawns</li>
							<li>OutpostExtension.Range</li>
							<li>OutpostExtension.TicksPerProduction</li>
							<li>OutpostExtension.TicksToPack</li>
						</keys>
						<values>
							<li>1</li>
							<li>1</li>
							<li>0.5</li>
							<li>0.5</li>
							<li>0.5</li>
							<li>0.5</li>
							<li>0.5</li>
							<li>0.5</li>
							<li>0.5</li>
							<li>1</li>
							<li>0</li>
							<li>-1</li>
							<li>900000</li>
							<li>420000</li>
						</values>
					</keysToValues>
				</li>
			</values>
		</settingsPerOutpost>
	</ModSettings>
</SettingsBlock>