﻿<?xml version="1.0" encoding="utf-8"?>
<SettingsBlock>
	<ModSettings Class="Analyzer.Settings">
		<lineAliasing>0</lineAliasing>
		<showMax>True</showMax>
		<showAxis>False</showAxis>
		<showGrid>False</showGrid>
		<callsColour>RGBA(0.239, 0.784, 0.431, 1.000)</callsColour>
		<dnspyPath />
		<SavedPatches_Update />
		<SavedPatches_Tick />
		<allEnabled>
			<li>False</li>
			<li>False</li>
			<li>False</li>
		</allEnabled>
		<alertfilter>
			<keys>
				<li>ExpandedIncidents.Alert_Homesick</li>
				<li>RimWorld.Alert_TatteredApparel</li>
				<li>RimWorld.Alert_MinorBreakRisk</li>
			</keys>
			<values>
				<li>False</li>
				<li>False</li>
				<li>False</li>
			</values>
		</alertfilter>
	</ModSettings>
</SettingsBlock>