﻿<?xml version="1.0" encoding="utf-8"?>
<SettingsBlock>
	<ModSettings Class="TraitRarityColors.TraitRarityColorsModSettings">
		<traitsToIgnore>
			<li>&lt;color=#33ff00&gt;守夜者&lt;/color&gt;</li>
			<li>&lt;color=#33ff00&gt;价值连城&lt;/color&gt;</li>
			<li>&lt;color=#66ccff&gt;灵体化&lt;/color&gt;</li>
			<li>&lt;color=#CDCDCD&gt;低免疫者&lt;/color&gt;</li>
			<li>&lt;color=#33ff00&gt;火力支援&lt;/color&gt;</li>
			<li>&lt;color=#33ff00&gt;斗士&lt;/color&gt;</li>
			<li>&lt;color=#33ff00&gt;泥瓦匠&lt;/color&gt;</li>
			<li>&lt;color=#33ff00&gt;矿工&lt;/color&gt;</li>
			<li>&lt;color=#33ff00&gt;好厨艺&lt;/color&gt;</li>
			<li>&lt;color=#33ff00&gt;农夫&lt;/color&gt;</li>
			<li>&lt;color=#33ff00&gt;动物之友&lt;/color&gt;</li>
			<li>&lt;color=#33ff00&gt;铁匠&lt;/color&gt;</li>
			<li>&lt;color=#33ff00&gt;美术家&lt;/color&gt;</li>
			<li>&lt;color=#33ff00&gt;护士&lt;/color&gt;</li>
			<li>&lt;color=#33ff00&gt;头脑精明&lt;/color&gt;</li>
			<li>&lt;color=#33ff00&gt;发明家&lt;/color&gt;</li>
			<li>&lt;color=#33ff00&gt;热情&lt;/color&gt;</li>
			<li>&lt;color=#33ff00&gt;勇敢&lt;/color&gt;</li>
			<li>&lt;color=#33ff00&gt;强壮&lt;/color&gt;</li>
			<li>&lt;color=#33ff00&gt;认真&lt;/color&gt;</li>
			<li>&lt;color=#33ff00&gt;手艺人&lt;/color&gt;</li>
			<li>&lt;color=#33ff00&gt;伐木工&lt;/color&gt;</li>
			<li>&lt;color=#33ff00&gt;杂工&lt;/color&gt;</li>
			<li>&lt;color=#33ff00&gt;博爱&lt;/color&gt;</li>
			<li>&lt;color=#33ff00&gt;节俭&lt;/color&gt;</li>
			<li>&lt;color=#33ff00&gt;好声音&lt;/color&gt;</li>
			<li>&lt;color=#33ff00&gt;好身材&lt;/color&gt;</li>
			<li>&lt;color=#33ff00&gt;猎人&lt;/color&gt;</li>
			<li>&lt;color=#33ff00&gt;医生&lt;/color&gt;</li>
			<li>&lt;color=#33ff00&gt;酿酒工&lt;/color&gt;</li>
			<li>&lt;color=#33ff00&gt;园丁&lt;/color&gt;</li>
			<li>&lt;color=#33ff00&gt;修理工&lt;/color&gt;</li>
			<li>&lt;color=#33ff00&gt;放逐者&lt;/color&gt;</li>
			<li>&lt;color=#33ff00&gt;应急食品&lt;/color&gt;</li>
			<li>&lt;color=#66ccff&gt;尖兵&lt;/color&gt;</li>
			<li>&lt;color=#66ccff&gt;铁壁&lt;/color&gt;</li>
			<li>&lt;color=#66ccff&gt;优雅&lt;/color&gt;</li>
			<li>&lt;color=#66ccff&gt;军医&lt;/color&gt;</li>
			<li>&lt;color=#66ccff&gt;老练&lt;/color&gt;</li>
			<li>&lt;color=#66ccff&gt;冷彻&lt;/color&gt;</li>
			<li>&lt;color=#66ccff&gt;好运&lt;/color&gt;</li>
			<li>&lt;color=#66ccff&gt;重口味&lt;/color&gt;</li>
			<li>&lt;color=#66ccff&gt;倾国倾城&lt;/color&gt;</li>
			<li>&lt;color=#66ccff&gt;天籁之音&lt;/color&gt;</li>
			<li>&lt;color=#66ccff&gt;魔鬼身材&lt;/color&gt;</li>
			<li>&lt;color=#66ccff&gt;药剂师&lt;/color&gt;</li>
			<li>&lt;color=#66ccff&gt;大厨&lt;/color&gt;</li>
			<li>&lt;color=#66ccff&gt;工程师&lt;/color&gt;</li>
			<li>&lt;color=#66ccff&gt;勘探家&lt;/color&gt;</li>
			<li>&lt;color=#66ccff&gt;游牧猎手&lt;/color&gt;</li>
			<li>&lt;color=#66ccff&gt;驯兽师&lt;/color&gt;</li>
			<li>&lt;color=#66ccff&gt;运动健将&lt;/color&gt;</li>
			<li>&lt;color=#66ccff&gt;偶像&lt;/color&gt;</li>
			<li>&lt;color=#66ccff&gt;祭司&lt;/color&gt;</li>
			<li>&lt;color=#66ccff&gt;萨满&lt;/color&gt;</li>
			<li>&lt;color=#66ccff&gt;刺客&lt;/color&gt;</li>
			<li>&lt;color=#66ccff&gt;刽子手&lt;/color&gt;</li>
			<li>&lt;color=#66ccff&gt;通灵师&lt;/color&gt;</li>
			<li>&lt;color=#66ccff&gt;武侠&lt;/color&gt;</li>
			<li>&lt;color=#66ccff&gt;贵族商人&lt;/color&gt;</li>
			<li>&lt;color=#66ccff&gt;强化人&lt;/color&gt;</li>
			<li>&lt;color=#cc33cc&gt;建造大师&lt;/color&gt;</li>
			<li>&lt;color=#cc33cc&gt;挖掘机&lt;/color&gt;</li>
			<li>&lt;color=#cc33cc&gt;厨神&lt;/color&gt;</li>
			<li>&lt;color=#cc33cc&gt;生命传播者&lt;/color&gt;</li>
			<li>&lt;color=#cc33cc&gt;兽王&lt;/color&gt;</li>
			<li>&lt;color=#cc33cc&gt;巨匠&lt;/color&gt;</li>
			<li>&lt;color=#cc33cc&gt;医龙&lt;/color&gt;</li>
			<li>&lt;color=#cc33cc&gt;说客&lt;/color&gt;</li>
			<li>&lt;color=#cc33cc&gt;天才&lt;/color&gt;</li>
			<li>&lt;color=#CC33CC&gt;超高速&lt;/color&gt;</li>
			<li>&lt;color=#CC33CC&gt;百毒不侵&lt;/color&gt;</li>
			<li>&lt;color=#cc33cc&gt;军火商人&lt;/color&gt;</li>
			<li>&lt;color=#cc33cc&gt;惩戒者&lt;/color&gt;</li>
			<li>&lt;color=#cc33cc&gt;强运&lt;/color&gt;</li>
			<li>&lt;color=#cc33cc&gt;主教&lt;/color&gt;</li>
			<li>&lt;color=#cc33cc&gt;大魔法师&lt;/color&gt;</li>
			<li>&lt;color=#cc33cc&gt;新人类&lt;/color&gt;</li>
			<li>&lt;color=#CDCDCD&gt;倒霉鬼&lt;/color&gt;</li>
			<li>&lt;color=#CDCDCD&gt;笨蛋&lt;/color&gt;</li>
			<li>&lt;color=#CDCDCD&gt;任性&lt;/color&gt;</li>
			<li>&lt;color=#CDCDCD&gt;贪睡者&lt;/color&gt;</li>
			<li>&lt;color=#CDCDCD&gt;冤大头&lt;/color&gt;</li>
			<li>&lt;color=#CDCDCD&gt;人格分裂&lt;/color&gt;</li>
			<li>&lt;color=#CDCDCD&gt;邋遢&lt;/color&gt;</li>
			<li>&lt;color=#CDCDCD&gt;吝啬&lt;/color&gt;</li>
			<li>&lt;color=#CDCDCD&gt;狂妄&lt;/color&gt;</li>
			<li>&lt;color=#CDCDCD&gt;麻瓜&lt;/color&gt;</li>
			<li>&lt;color=#CDCDCD&gt;幽闭症&lt;/color&gt;</li>
			<li>&lt;color=#CDCDCD&gt;变装大佬&lt;/color&gt;</li>
			<li>&lt;color=#ff99ff&gt;病娇&lt;/color&gt;</li>
			<li>&lt;color=#ff99ff&gt;三无&lt;/color&gt;</li>
			<li>&lt;color=#ff99ff&gt;元气&lt;/color&gt;</li>
			<li>&lt;color=#ff99ff&gt;傲娇&lt;/color&gt;</li>
			<li>&lt;color=#ff99ff&gt;腹黑&lt;/color&gt;</li>
			<li>&lt;color=#ff99ff&gt;毒舌&lt;/color&gt;</li>
			<li>&lt;color=#F08080&gt;阿姨的指南&lt;/color&gt;</li>
			<li>&lt;color=#F08080&gt;旻的小窍门&lt;/color&gt;</li>
			<li>&lt;color=#F08080&gt;卡丝的手册&lt;/color&gt;</li>
			<li>&lt;color=#F08080&gt;奥克萨娜的感悟&lt;/color&gt;</li>
			<li>&lt;color=#F08080&gt;凯文的心得&lt;/color&gt;</li>
			<li>&lt;color=#F08080&gt;未来科技贱民&lt;/color&gt;</li>
			<li>&lt;color=#F08080&gt;未来科技参谋&lt;/color&gt;</li>
			<li>&lt;color=#F08080&gt;未来科技董事长&lt;/color&gt;</li>
			<li>&lt;color=#F08080&gt;孤单小屋老板&lt;/color&gt;</li>
			<li>&lt;color=#FF3030&gt;红月&lt;/color&gt;</li>
			<li>&lt;color=#FF3030&gt;太阳骑士&lt;/color&gt;</li>
			<li>&lt;color=#FF3030&gt;末日拳王&lt;/color&gt;</li>
			<li>&lt;color=#FF3030&gt;斯昆剑圣&lt;/color&gt;</li>
			<li>&lt;color=#FFCC66&gt;&lt;i&gt;勇者&lt;/i&gt;&lt;/color&gt;</li>
			<li>&lt;color=#FFCC66&gt;&lt;i&gt;死神&lt;/i&gt;&lt;/color&gt;</li>
			<li>&lt;color=#FFCC66&gt;&lt;i&gt;天生领袖&lt;/i&gt;&lt;/color&gt;</li>
			<li>&lt;color=#FFCC66&gt;&lt;i&gt;自然之子&lt;/i&gt;&lt;/color&gt;</li>
			<li>&lt;color=#FFCC66&gt;&lt;i&gt;疾风&lt;/i&gt;&lt;/color&gt;</li>
			<li>&lt;color=#FFCC66&gt;&lt;i&gt;俯瞰众生&lt;/i&gt;&lt;/color&gt;</li>
			<li>&lt;color=#FFCC66&gt;&lt;i&gt;大师&lt;/i&gt;&lt;/color&gt;</li>
			<li>&lt;color=#33ff00&gt;萌混过关&lt;/color&gt;</li>
			<li>&lt;color=#33ff00&gt;魔法少女&lt;/color&gt;</li>
			<li>&lt;color=#66ccff&gt;调整者&lt;/color&gt;</li>
			<li>&lt;color=#66ccff&gt;穿越者&lt;/color&gt;</li>
			<li>&lt;color=#66ccff&gt;滑稽&lt;/color&gt;</li>
			<li>&lt;color=#66ccff&gt;生存专家&lt;/color&gt;</li>
			<li>&lt;color=#cc33cc&gt;柔弱无骨&lt;/color&gt;</li>
			<li>&lt;color=#CC33CC&gt;天生剑骨&lt;/color&gt;</li>
			<li>&lt;color=#CC33CC&gt;范围感知&lt;/color&gt;</li>
			<li>&lt;color=#cc33cc&gt;超凡脱俗&lt;/color&gt;</li>
			<li>&lt;color=#CDCDCD&gt;虚空的凝视&lt;/color&gt;</li>
			<li>&lt;color=#F08080&gt;搞事的祝福&lt;/color&gt;</li>
			<li>&lt;color=#FFCC66&gt;&lt;i&gt;贝爷&lt;/i&gt;&lt;/color&gt;</li>
			<li>&lt;color=#A6FFFF&gt;&lt;b&gt;法力运输者&lt;/b&gt;&lt;/color&gt;</li>
			<li>&lt;color=#A6FFFF&gt;&lt;b&gt;法力之井&lt;/b&gt;&lt;/color&gt;</li>
			<li>&lt;color=#FF00FF&gt;&lt;b&gt;无边&lt;/b&gt;&lt;/color&gt;</li>
			<li>&lt;color=#DCDCDC&gt;&lt;b&gt;亡灵&lt;/b&gt;&lt;/color&gt;</li>
			<li>&lt;color=#5CADAD&gt;&lt;b&gt;魔法天赋&lt;/b&gt;&lt;/color&gt;</li>
			<li>&lt;color=#330000&gt;&lt;b&gt;流浪者&lt;/b&gt;&lt;/color&gt;</li>
			<li>&lt;color=#FF00FF&gt;&lt;b&gt;魅魔&lt;/b&gt;&lt;/color&gt;</li>
			<li>&lt;color=#FF00FF&gt;&lt;b&gt;术士&lt;/b&gt;&lt;/color&gt;</li>
			<li>&lt;color=#009900&gt;&lt;b&gt;地卜师&lt;/b&gt;&lt;/color&gt;</li>
			<li>&lt;color=#A6FFFF&gt;&lt;b&gt;机械师&lt;/b&gt;&lt;/color&gt;</li>
			<li>&lt;color=#A6FFFF&gt;&lt;b&gt;鲜血法师&lt;/b&gt;&lt;/color&gt;</li>
			<li>&lt;color=#A6FFFF&gt;&lt;b&gt;附魔师&lt;/b&gt;&lt;/color&gt;</li>
			<li>&lt;color=#E1E100&gt;&lt;b&gt;时间法师&lt;/b&gt;&lt;/color&gt;</li>
			<li>&lt;color=#330000&gt;&lt;b&gt;混沌法师&lt;/b&gt;&lt;/color&gt;</li>
			<li>&lt;color=#C48888&gt;&lt;b&gt;影行者&lt;/b&gt;&lt;/color&gt;</li>
			<li>&lt;color=#FFFFFF&gt;&lt;b&gt;光明法师&lt;/b&gt;&lt;/color&gt;</li>
			<li>&lt;color=#330099&gt;&lt;b&gt;萨满&lt;/b&gt;&lt;/color&gt;</li>
			<li>&lt;color=#A6FFFF&gt;&lt;b&gt;傀儡使&lt;/b&gt;&lt;/color&gt;</li>
			<li>&lt;color=#646464&gt;&lt;b&gt;旅行者&lt;/b&gt;&lt;/color&gt;</li>
			<li>&lt;color=#8080C0&gt;&lt;b&gt;无面者&lt;/b&gt;&lt;/color&gt;</li>
			<li>&lt;color=#8080C0&gt;&lt;b&gt;灵能战士&lt;/b&gt;&lt;/color&gt;</li>
			<li>&lt;color=#8080C0&gt;&lt;b&gt;死亡骑士&lt;/b&gt;&lt;/color&gt;</li>
			<li>&lt;color=#8080C0&gt;&lt;b&gt;武僧&lt;/b&gt;&lt;/color&gt;</li>
			<li>&lt;color=#8080C0&gt;&lt;b&gt;指挥官&lt;/b&gt;&lt;/color&gt;</li>
			<li>&lt;color=#8080C0&gt;&lt;b&gt;超级士兵&lt;/b&gt;&lt;/color&gt;</li>
			<li>&lt;color=#FF6600&gt;&lt;b&gt;赤魔法师&lt;/b&gt;&lt;/color&gt;</li>
			<li>&lt;color=#C48888&gt;&lt;b&gt;忍者&lt;/b&gt;&lt;/color&gt;</li>
			<li>&lt;color=#FFBD9D&gt;&lt;b&gt;魔弹射手&lt;/b&gt;&lt;/color&gt;</li>
			<li>&lt;color=#A6FFFF&gt;&lt;b&gt;投弹手&lt;/b&gt;&lt;/color&gt;</li>
			<li>&lt;color=#FF2D2D&gt;&lt;b&gt;破轨者&lt;/b&gt;&lt;/color&gt;</li>
			<li>&lt;color=#FF2D2D&gt;&lt;b&gt;武士&lt;/b&gt;&lt;/color&gt;</li>
			<li>&lt;color=#A6FFFF&gt;&lt;b&gt;工程师&lt;/b&gt;&lt;/color&gt;</li>
			<li>&lt;color=#00E079&gt;&lt;b&gt;狂风法师&lt;/b&gt;&lt;/color&gt;</li>
			<li>&lt;color=#FFF143&gt;&lt;b&gt;战地医生&lt;/b&gt;&lt;/color&gt;</li>
			<li>&lt;color=#E1E100&gt;&lt;b&gt;至尊法师&lt;/b&gt;&lt;/color&gt;</li>
			<li>&lt;color=#330000&gt;&lt;b&gt;先驱者&lt;/b&gt;&lt;/color&gt;</li>
			<li>&lt;color=#330000&gt;&lt;b&gt;死神&lt;/b&gt;&lt;/color&gt;</li>
			<li>&lt;color=#8080C0&gt;&lt;b&gt;狂战士&lt;/b&gt;&lt;/color&gt;</li>
			<li>&lt;color=#A6FFFF&gt;&lt;b&gt;兽灵行者&lt;/b&gt;&lt;/color&gt;</li>
			<li>&lt;color=#0C8918&gt;&lt;b&gt;疫医&lt;/b&gt;&lt;/color&gt;</li>
			<li>&lt;color=#FFF143&gt;&lt;b&gt;圣职者&lt;/b&gt;&lt;/color&gt;</li>
			<li>&lt;color=#A6FFFF&gt;&lt;b&gt;植物法师&lt;/b&gt;&lt;/color&gt;</li>
			<li>&lt;color=#8080C0&gt;&lt;b&gt;魂索典狱长&lt;/b&gt;&lt;/color&gt;</li>
			<li>&lt;color=#C48888&gt;&lt;b&gt;伏兵&lt;/b&gt;&lt;/color&gt;</li>
			<li>&lt;color=#C48888&gt;&lt;b&gt;破坏者&lt;/b&gt;&lt;/color&gt;</li>
			<li>&lt;color=#009900&gt;&lt;b&gt;守护者&lt;/b&gt;&lt;/color&gt;</li>
			<li>&lt;color=#82D900&gt;&lt;b&gt;荣耀猎手&lt;/b&gt;&lt;/color&gt;</li>
			<li>&lt;color=#70F3FF&gt;&lt;b&gt;逐星者&lt;/b&gt;&lt;/color&gt;</li>
			<li>&lt;color=#FF461F&gt;&lt;b&gt;初心者&lt;/b&gt;&lt;/color&gt;</li>
			<li>&lt;color=#82D900&gt;&lt;b&gt;鹰眼&lt;/b&gt;&lt;/color&gt;</li>
			<li>&lt;color=#549668&gt;&lt;b&gt;侍灵&lt;/b&gt;&lt;/color&gt;</li>
			<li>&lt;color=#FFBD9D&gt;&lt;b&gt;支援工程师&lt;/b&gt;&lt;/color&gt;</li>
			<li>&lt;color=#8080C0&gt;&lt;b&gt;铁拳&lt;/b&gt;&lt;/color&gt;</li>
			<li>&lt;color=#009900&gt;&lt;b&gt;星谕师&lt;/b&gt;&lt;/color&gt;</li>
			<li>&lt;color=#FFBD9D&gt;&lt;b&gt;降魔师&lt;/b&gt;&lt;/color&gt;</li>
			<li>&lt;color=#FFBD9D&gt;&lt;b&gt;破咒者&lt;/b&gt;&lt;/color&gt;</li>
			<li>&lt;color=#FFF143&gt;&lt;b&gt;携暮者&lt;/b&gt;&lt;/color&gt;</li>
			<li>&lt;color=#3790FF&gt;&lt;b&gt;雷霆勇士&lt;/b&gt;&lt;/color&gt;</li>
			<li>&lt;color=#FF6600&gt;&lt;b&gt;死眼杀手&lt;/b&gt;&lt;/color&gt;</li>
			<li>&lt;color=#8080C0&gt;&lt;b&gt;窃魔者&lt;/b&gt;&lt;/color&gt;</li>
			<li>&lt;color=#0e38ad&gt;&lt;b&gt;龙骑士&lt;/b&gt;&lt;/color&gt;</li>
			<li>&lt;color=#FF2D2D&gt;&lt;b&gt;黑魔法师&lt;/b&gt;&lt;/color&gt;</li>
			<li>&lt;color=#009900&gt;&lt;b&gt;学者&lt;/b&gt;&lt;/color&gt;</li>
			<li>&lt;color=#0e38ad&gt;&lt;b&gt;绝枪战士&lt;/b&gt;&lt;/color&gt;</li>
			<li>&lt;color=#FF2D2D&gt;&lt;b&gt;机工士&lt;/b&gt;&lt;/color&gt;</li>
			<li>&lt;color=#0e38ad&gt;&lt;b&gt;战士&lt;/b&gt;&lt;/color&gt;</li>
			<li>&lt;color=#82D900&gt;&lt;b&gt;巡林者&lt;/b&gt;&lt;/color&gt;</li>
			<li>&lt;color=#0e38ad&gt;&lt;b&gt;骑士&lt;/b&gt;&lt;/color&gt;</li>
			<li>&lt;color=#A6FFFF&gt;&lt;b&gt;全息师&lt;/b&gt;&lt;/color&gt;</li>
			<li>&lt;color=#B7FF4A&gt;&lt;b&gt;游吟诗人&lt;/b&gt;&lt;/color&gt;</li>
			<li>&lt;color=#009900&gt;&lt;b&gt;占星术士&lt;/b&gt;&lt;/color&gt;</li>
			<li>&lt;color=#A6FFFF&gt;&lt;b&gt;烹调师&lt;/b&gt;&lt;/color&gt;</li>
			<li>&lt;color=#00E079&gt;&lt;b&gt;采矿工&lt;/b&gt;&lt;/color&gt;</li>
			<li>&lt;color=#FF2D2D&gt;&lt;b&gt;苦修僧&lt;/b&gt;&lt;/color&gt;</li>
			<li>&lt;color=#3790FF&gt;&lt;b&gt;符文骑士&lt;/b&gt;&lt;/color&gt;</li>
			<li>&lt;color=#D78989&gt;&lt;b&gt;花之剑客&lt;/b&gt;&lt;/color&gt;</li>
			<li>&lt;color=#0C8918&gt;&lt;b&gt;贪食者&lt;/b&gt;&lt;/color&gt;</li>
			<li>&lt;color=#A6FFFF&gt;&lt;b&gt;机械猎手&lt;/b&gt;&lt;/color&gt;</li>
			<li>&lt;color=#A6FFFF&gt;&lt;b&gt;枪手&lt;/b&gt;&lt;/color&gt;</li>
			<li>&lt;color=#0e38ad&gt;&lt;b&gt;暗黑骑士&lt;/b&gt;&lt;/color&gt;</li>
			<li>&lt;color=#009900&gt;&lt;b&gt;地灵&lt;/b&gt;&lt;/color&gt;</li>
			<li>&lt;color=#0C8918&gt;&lt;b&gt;绝命毒师&lt;/b&gt;&lt;/color&gt;</li>
			<li>&lt;color=#CDCDCD&gt;势利&lt;/color&gt;</li>
			<li>&lt;color=#CDCDCD&gt;清高&lt;/color&gt;</li>
		</traitsToIgnore>
		<traitTiers>
			<keys />
			<values />
		</traitTiers>
		<maxLimitEpic>0.9</maxLimitEpic>
	</ModSettings>
</SettingsBlock>