﻿<?xml version="1.0" encoding="utf-8"?>
<SettingsBlock>
	<ModSettings Class="FishTraps.Options.FishTrapsModSettings">
		<WFFT_trapSpawnInterval>36</WFFT_trapSpawnInterval>
		<WFFT_trapDmgInterval>12</WFFT_trapDmgInterval>
		<WFFT_netSpawnInterval>48</WFFT_netSpawnInterval>
		<WFFT_netDmgInterval>12</WFFT_netDmgInterval>
		<WFFT_buildRadius>10</WFFT_buildRadius>
		<WFFT_AutoDestroyReplace>False</WFFT_AutoDestroyReplace>
		<WFFT_dmgOvertime>True</WFFT_dmgOvertime>
	</ModSettings>
</SettingsBlock>