﻿<?xml version="1.0" encoding="utf-8"?>
<SettingsBlock>
	<ModSettings Class="CPAbilities.CPAbilitiesSettings">
		<enabledAbilities>
			<keys>
				<li>CP_Discombobulate</li>
				<li>CP_Ability_PhantomPunch</li>
				<li>CP_Ability_KneeStrike</li>
				<li>CP_Ability_Roundhouse</li>
				<li>CP_Ability_GloryKill</li>
				<li>CP_CQC_Throw</li>
				<li>CP_CQC_Pummel</li>
				<li>CP_Ability_RKO</li>
				<li>CP_Ability_LegSweep</li>
			</keys>
			<values>
				<li>True</li>
				<li>True</li>
				<li>True</li>
				<li>True</li>
				<li>True</li>
				<li>True</li>
				<li>True</li>
				<li>True</li>
				<li>True</li>
			</values>
		</enabledAbilities>
		<hiddenAbilities>
			<keys>
				<li>CP_Discombobulate</li>
				<li>CP_Ability_PhantomPunch</li>
				<li>CP_Ability_KneeStrike</li>
				<li>CP_Ability_Roundhouse</li>
				<li>CP_Ability_GloryKill</li>
				<li>CP_CQC_Throw</li>
				<li>CP_CQC_Pummel</li>
				<li>CP_Ability_RKO</li>
				<li>CP_Ability_LegSweep</li>
			</keys>
			<values>
				<li>False</li>
				<li>False</li>
				<li>False</li>
				<li>False</li>
				<li>False</li>
				<li>False</li>
				<li>False</li>
				<li>False</li>
				<li>False</li>
			</values>
		</hiddenAbilities>
		<autoCastEnabledAbilities>
			<keys>
				<li>CP_Discombobulate</li>
				<li>CP_Ability_PhantomPunch</li>
				<li>CP_Ability_KneeStrike</li>
				<li>CP_Ability_Roundhouse</li>
				<li>CP_Ability_GloryKill</li>
				<li>CP_CQC_Throw</li>
				<li>CP_CQC_Pummel</li>
				<li>CP_Ability_RKO</li>
				<li>CP_Ability_LegSweep</li>
			</keys>
			<values>
				<li>True</li>
				<li>True</li>
				<li>True</li>
				<li>True</li>
				<li>True</li>
				<li>True</li>
				<li>True</li>
				<li>True</li>
				<li>True</li>
			</values>
		</autoCastEnabledAbilities>
		<overridenSkillRequirements>
			<keys>
				<li>CP_Discombobulate</li>
				<li>CP_Ability_PhantomPunch</li>
				<li>CP_Ability_KneeStrike</li>
				<li>CP_Ability_Roundhouse</li>
				<li>CP_Ability_GloryKill</li>
				<li>CP_CQC_Throw</li>
				<li>CP_CQC_Pummel</li>
				<li>CP_Ability_RKO</li>
				<li>CP_Ability_LegSweep</li>
			</keys>
			<values>
				<li>
					<skillRequirements>
						<keys>
							<li>Melee</li>
						</keys>
						<values>
							<li>9</li>
						</values>
					</skillRequirements>
				</li>
				<li>
					<skillRequirements>
						<keys>
							<li>Melee</li>
						</keys>
						<values>
							<li>10</li>
						</values>
					</skillRequirements>
				</li>
				<li>
					<skillRequirements>
						<keys>
							<li>Melee</li>
						</keys>
						<values>
							<li>8</li>
						</values>
					</skillRequirements>
				</li>
				<li>
					<skillRequirements>
						<keys>
							<li>Melee</li>
						</keys>
						<values>
							<li>11</li>
						</values>
					</skillRequirements>
				</li>
				<li>
					<skillRequirements>
						<keys>
							<li>Melee</li>
						</keys>
						<values>
							<li>16</li>
						</values>
					</skillRequirements>
				</li>
				<li>
					<skillRequirements>
						<keys>
							<li>Melee</li>
						</keys>
						<values>
							<li>12</li>
						</values>
					</skillRequirements>
				</li>
				<li>
					<skillRequirements>
						<keys>
							<li>Melee</li>
						</keys>
						<values>
							<li>12</li>
						</values>
					</skillRequirements>
				</li>
				<li>
					<skillRequirements>
						<keys>
							<li>Melee</li>
						</keys>
						<values>
							<li>14</li>
						</values>
					</skillRequirements>
				</li>
				<li>
					<skillRequirements>
						<keys>
							<li>Melee</li>
						</keys>
						<values>
							<li>9</li>
						</values>
					</skillRequirements>
				</li>
			</values>
		</overridenSkillRequirements>
	</ModSettings>
</SettingsBlock>