﻿<?xml version="1.0" encoding="utf-8"?>
<SettingsBlock>
	<ModSettings Class="Immortals.Immortals_Settings">
		<deathEffectOnVal>0</deathEffectOnVal>
		<immortalChanceMin>1</immortalChanceMin>
		<immortalRegrowMaxParts>1</immortalRegrowMaxParts>
		<passionLoss>0</passionLoss>
		<canGetConditions>False</canGetConditions>
		<stuntedBurnChance>0.05</stuntedBurnChance>
		<stuntedChanceHead>0.25</stuntedChanceHead>
		<stuntedChanceDrug>1</stuntedChanceDrug>
		<immortalClasses />
		<hediffCustomizationsSave>
			<keys />
			<values />
		</hediffCustomizationsSave>
	</ModSettings>
</SettingsBlock>