﻿<?xml version="1.0" encoding="utf-8"?>
<SettingsBlock>
	<ModSettings Class="VarietyMatters.ModSettings_VarietyMatters">
		<raceVariety>
			<keys>
				<li>人类</li>
				<li>侏儒</li>
				<li>兽人</li>
				<li>地精</li>
				<li>夜之子</li>
				<li>巨魔</li>
				<li>德莱尼</li>
				<li>德雷尔人</li>
				<li>暗夜精灵</li>
				<li>暗夜精灵亡灵</li>
				<li>沙克族</li>
				<li>灵俑</li>
				<li>牛头人</li>
				<li>狼人</li>
				<li>玛格汉兽人</li>
				<li>生骸</li>
				<li>矮人</li>
				<li>艾泽拉斯人族</li>
				<li>虚空精灵</li>
				<li>蜂巢族兵蜂</li>
				<li>蜂巢族女王</li>
				<li>蜂巢族工蜂</li>
				<li>蜂巢族王子</li>
				<li>血精灵</li>
				<li>被遗忘者</li>
				<li>远古遗忘者</li>
				<li>野蛮的蜂巢族兵蜂</li>
				<li>野蛮的蜂巢族女王</li>
				<li>野蛮的蜂巢族工蜂</li>
				<li>野蛮的蜂巢族王子</li>
				<li>阿莎丽人</li>
				<li>骨人</li>
				<li>骷髅</li>
				<li>高等精灵</li>
				<li>高等精灵亡灵</li>
				<li>禁军</li>
				<li>阿斯塔特星际战士</li>
				<li>阿斯塔特核心</li>
			</keys>
			<values>
				<li>True</li>
				<li>True</li>
				<li>True</li>
				<li>True</li>
				<li>True</li>
				<li>True</li>
				<li>True</li>
				<li>True</li>
				<li>True</li>
				<li>True</li>
				<li>True</li>
				<li>True</li>
				<li>True</li>
				<li>True</li>
				<li>True</li>
				<li>True</li>
				<li>True</li>
				<li>True</li>
				<li>True</li>
				<li>True</li>
				<li>True</li>
				<li>True</li>
				<li>True</li>
				<li>True</li>
				<li>True</li>
				<li>True</li>
				<li>True</li>
				<li>True</li>
				<li>True</li>
				<li>True</li>
				<li>True</li>
				<li>True</li>
				<li>True</li>
				<li>True</li>
				<li>True</li>
				<li>True</li>
				<li>True</li>
				<li>True</li>
			</values>
		</raceVariety>
	</ModSettings>
</SettingsBlock>