﻿<?xml version="1.0" encoding="utf-8"?>
<SettingsBlock>
	<ModSettings Class="RGExpandedWorldGeneration.RGExpandedWorldGenerationSettings">
		<presets>
			<keys>
				<li>1</li>
			</keys>
			<values>
				<li>
					<factionCounts>
						<keys>
							<li>FPC</li>
							<li>Feral</li>
							<li>Darknet_FactionDef_Cybercrime</li>
							<li>Darknet_FactionDef_Order</li>
							<li>OutlanderCivil</li>
							<li>RH2_141</li>
							<li>RH2_Rangers</li>
							<li>Alliance</li>
							<li>BloodElf</li>
							<li>Draenei</li>
							<li>Forsaken</li>
							<li>HighElf</li>
							<li>Horde</li>
							<li>Ironforge</li>
							<li>NightElf</li>
							<li>Scourge</li>
							<li>Nightborne</li>
							<li>RE_SystemsAlliance</li>
							<li>RE_AsariRepublics</li>
							<li>OutlanderRough</li>
							<li>ShekNeutral</li>
							<li>SettlerCivil</li>
							<li>SettlerRough</li>
							<li>SettlerSavage</li>
							<li>Pirate</li>
							<li>VFEP_Junkers</li>
							<li>VFEP_Mercenaries</li>
							<li>Forsakens</li>
							<li>VFEM_KingdomCivil</li>
							<li>VFEM_KingdomRough</li>
							<li>VFEM_KingdomSavage</li>
							<li>CannibalPirate</li>
							<li>HiverCivil</li>
							<li>HiverSavage</li>
							<li>TribeCivil</li>
							<li>TribeRough</li>
							<li>TribeSavage</li>
							<li>TribeCannibal</li>
							<li>NudistTribe</li>
							<li>Empire</li>
							<li>Mechanoid</li>
							<li>Insect</li>
							<li>VFEI_Insect</li>
							<li>VFEV_VikingsClan</li>
							<li>VFEV_VikingsSlaver</li>
							<li>Mechanoid_Warhive_Recon</li>
						</keys>
						<values>
							<li>1</li>
							<li>1</li>
							<li>1</li>
							<li>1</li>
							<li>1</li>
							<li>1</li>
							<li>1</li>
							<li>1</li>
							<li>1</li>
							<li>1</li>
							<li>1</li>
							<li>1</li>
							<li>1</li>
							<li>1</li>
							<li>1</li>
							<li>1</li>
							<li>1</li>
							<li>1</li>
							<li>1</li>
							<li>1</li>
							<li>1</li>
							<li>1</li>
							<li>1</li>
							<li>1</li>
							<li>1</li>
							<li>1</li>
							<li>1</li>
							<li>1</li>
							<li>1</li>
							<li>1</li>
							<li>1</li>
							<li>1</li>
							<li>1</li>
							<li>1</li>
							<li>1</li>
							<li>1</li>
							<li>1</li>
							<li>1</li>
							<li>1</li>
							<li>1</li>
							<li>1</li>
							<li>1</li>
							<li>1</li>
							<li>1</li>
							<li>1</li>
							<li>1</li>
						</values>
					</factionCounts>
					<biomeCommonalities>
						<keys>
							<li>BorealForest</li>
							<li>Tundra</li>
							<li>ColdBog</li>
							<li>IceSheet</li>
							<li>SeaIce</li>
							<li>TemperateForest</li>
							<li>TemperateSwamp</li>
							<li>TropicalRainforest</li>
							<li>TropicalSwamp</li>
							<li>AridShrubland</li>
							<li>Desert</li>
							<li>ExtremeDesert</li>
							<li>Ocean</li>
							<li>Lake</li>
							<li>PoisonForest</li>
							<li>Savanna</li>
							<li>Volcano</li>
							<li>Wasteland</li>
							<li>Wetland</li>
							<li>RRP_Grassland</li>
							<li>RRP_Savanna</li>
							<li>RRP_Steppes</li>
							<li>RRP_TemperateDesert</li>
							<li>RRP_Permafrost</li>
							<li>RRP_Oasis</li>
							<li>BMT_ChromaticOasis</li>
							<li>AB_FeraliskInfestedJungle</li>
							<li>AB_GallatrossGraveyard</li>
							<li>AB_GelatinousSuperorganism</li>
							<li>AB_MechanoidIntrusion</li>
							<li>AB_MycoticJungle</li>
							<li>AB_OcularForest</li>
							<li>AB_PropaneLakes</li>
							<li>AB_PyroclasticConflagration</li>
							<li>AB_RockyCrags</li>
							<li>AB_TarPits</li>
							<li>ZBiome_AlpineMeadow</li>
							<li>ZBiome_CloudForest</li>
							<li>ZBiome_CoastalDunes</li>
							<li>ZBiome_DesertOasis</li>
							<li>ZBiome_Grasslands</li>
							<li>ZBiome_Iceberg_NoBeach</li>
							<li>ZBiome_Marsh</li>
							<li>ZBiome_Sandbar_NoBeach</li>
							<li>RG-VIS_VulcanicIceSheet</li>
							<li>OuterSpaceBiome</li>
							<li>RockMoonBiome</li>
						</keys>
						<values>
							<li>10</li>
							<li>10</li>
							<li>10</li>
							<li>10</li>
							<li>10</li>
							<li>10</li>
							<li>10</li>
							<li>10</li>
							<li>10</li>
							<li>10</li>
							<li>10</li>
							<li>10</li>
							<li>10</li>
							<li>10</li>
							<li>10</li>
							<li>10</li>
							<li>10</li>
							<li>10</li>
							<li>10</li>
							<li>10</li>
							<li>10</li>
							<li>10</li>
							<li>10</li>
							<li>10</li>
							<li>10</li>
							<li>10</li>
							<li>10</li>
							<li>7</li>
							<li>4</li>
							<li>5</li>
							<li>10</li>
							<li>5</li>
							<li>6</li>
							<li>5</li>
							<li>10</li>
							<li>10</li>
							<li>10</li>
							<li>10</li>
							<li>10</li>
							<li>10</li>
							<li>10</li>
							<li>10</li>
							<li>10</li>
							<li>10</li>
							<li>10</li>
							<li>6</li>
							<li>10</li>
						</values>
					</biomeCommonalities>
					<biomeScoreOffsets>
						<keys>
							<li>BorealForest</li>
							<li>Tundra</li>
							<li>ColdBog</li>
							<li>IceSheet</li>
							<li>SeaIce</li>
							<li>TemperateForest</li>
							<li>TemperateSwamp</li>
							<li>TropicalRainforest</li>
							<li>TropicalSwamp</li>
							<li>AridShrubland</li>
							<li>Desert</li>
							<li>ExtremeDesert</li>
							<li>Ocean</li>
							<li>Lake</li>
							<li>PoisonForest</li>
							<li>Savanna</li>
							<li>Volcano</li>
							<li>Wasteland</li>
							<li>Wetland</li>
							<li>RRP_Grassland</li>
							<li>RRP_Savanna</li>
							<li>RRP_Steppes</li>
							<li>RRP_TemperateDesert</li>
							<li>RRP_Permafrost</li>
							<li>RRP_Oasis</li>
							<li>BMT_ChromaticOasis</li>
							<li>AB_FeraliskInfestedJungle</li>
							<li>AB_GallatrossGraveyard</li>
							<li>AB_GelatinousSuperorganism</li>
							<li>AB_MechanoidIntrusion</li>
							<li>AB_MycoticJungle</li>
							<li>AB_OcularForest</li>
							<li>AB_PropaneLakes</li>
							<li>AB_PyroclasticConflagration</li>
							<li>AB_RockyCrags</li>
							<li>AB_TarPits</li>
							<li>ZBiome_AlpineMeadow</li>
							<li>ZBiome_CloudForest</li>
							<li>ZBiome_CoastalDunes</li>
							<li>ZBiome_DesertOasis</li>
							<li>ZBiome_Grasslands</li>
							<li>ZBiome_Iceberg_NoBeach</li>
							<li>ZBiome_Marsh</li>
							<li>ZBiome_Sandbar_NoBeach</li>
							<li>RG-VIS_VulcanicIceSheet</li>
							<li>OuterSpaceBiome</li>
							<li>RockMoonBiome</li>
						</keys>
						<values>
							<li>0</li>
							<li>0</li>
							<li>0</li>
							<li>0</li>
							<li>0</li>
							<li>0</li>
							<li>0</li>
							<li>0</li>
							<li>0</li>
							<li>0</li>
							<li>0</li>
							<li>0</li>
							<li>0</li>
							<li>0</li>
							<li>0</li>
							<li>0</li>
							<li>0</li>
							<li>0</li>
							<li>0</li>
							<li>0</li>
							<li>0</li>
							<li>0</li>
							<li>0</li>
							<li>0</li>
							<li>0</li>
							<li>0</li>
							<li>0</li>
							<li>0</li>
							<li>0</li>
							<li>0</li>
							<li>0</li>
							<li>0</li>
							<li>0</li>
							<li>0</li>
							<li>0</li>
							<li>0</li>
							<li>0</li>
							<li>0</li>
							<li>0</li>
							<li>0</li>
							<li>0</li>
							<li>0</li>
							<li>0</li>
							<li>0</li>
							<li>0</li>
							<li>0</li>
							<li>0</li>
						</values>
					</biomeScoreOffsets>
					<seedString>模拟城市最新版本</seedString>
					<planetCoverage>1</planetCoverage>
					<rainfall>Normal</rainfall>
					<temperature>Normal</temperature>
					<population>Normal</population>
					<riverDensity>1</riverDensity>
					<ancientRoadDensity>1</ancientRoadDensity>
					<settlementRoadDensity>1</settlementRoadDensity>
					<mountainDensity>1</mountainDensity>
					<seaLevel>0.6666667</seaLevel>
				</li>
			</values>
		</presets>
	</ModSettings>
</SettingsBlock>