﻿<?xml version="1.0" encoding="utf-8"?>
<SettingsBlock>
	<ModSettings Class="VIESAS.VIESASSettings">
		<minimumColonistCountForSchismToOccur>12</minimumColonistCountForSchismToOccur>
		<pctOfColonistsToTurnToNewIdeology>0.5</pctOfColonistsToTurnToNewIdeology>
		<amountOfMemesChangedDuringSchism>1</amountOfMemesChangedDuringSchism>
		<oddsOfSchismOccuring>0.5</oddsOfSchismOccuring>
		<ideologyConversionCheckDaysInterval>15</ideologyConversionCheckDaysInterval>
	</ModSettings>
</SettingsBlock>