﻿<?xml version="1.0" encoding="utf-8"?>
<SettingsBlock>
	<ModSettings Class="VBE.VBESettings">
		<cycle>False</cycle>
		<randomize>False</randomize>
		<allowAnimated>True</allowAnimated>
		<current>Ideology</current>
		<enabled>
			<keys>
				<li>SOS_Splash</li>
				<li>VBE_Adventure</li>
				<li>VBE_Archotech</li>
				<li>VBE_Aurora</li>
				<li>VBE_Desolation</li>
				<li>VBE_Destruction</li>
				<li>VBE_Emptiness</li>
				<li>VBE_Experiment</li>
				<li>VBE_Forgotten</li>
				<li>VBE_Giant</li>
				<li>VBE_Greed</li>
				<li>VBE_Infestation</li>
				<li>VBE_Opportunity</li>
				<li>VBE_Pilgrimage</li>
				<li>VBE_Serenity</li>
				<li>VBE_Turmoil</li>
				<li>VBE_Citadel</li>
				<li>VBE_Cronos</li>
				<li>VBE_Earth</li>
				<li>VBE_Palaven</li>
				<li>VBE_Parnack</li>
				<li>VBE_Rakhana</li>
				<li>VBE_SpecialForces</li>
				<li>VBE_Thessia</li>
				<li>Core</li>
				<li>Royalty</li>
				<li>Ideology</li>
				<li>Centipede-1</li>
				<li>Classic Cassandra-1</li>
				<li>Cyberpunk-1</li>
				<li>Mechanoid Cluster-1</li>
				<li>Muffalo-1</li>
				<li>Phoebe Chillax-1</li>
				<li>Rim-Life 2-1</li>
				<li>Scyther-1</li>
				<li>Singularity-1</li>
				<li>Thrumbo-1</li>
				<li>USFM-1</li>
				<li>Centipede-1_Animated</li>
				<li>Classic Cassandra-1_Animated</li>
				<li>Cyberpunk-1_Animated</li>
				<li>Mechanoid Cluster-1_Animated</li>
				<li>Muffalo-1_Animated</li>
				<li>Phoebe Chillax-1_Animated</li>
				<li>Rim-Life 2-1_Animated</li>
				<li>Scyther-1_Animated</li>
				<li>Singularity-1_Animated</li>
				<li>Thrumbo-1_Animated</li>
				<li>-Hunt For Mearandomkiwi.huntforme</li>
			</keys>
			<values>
				<li>True</li>
				<li>True</li>
				<li>True</li>
				<li>True</li>
				<li>True</li>
				<li>True</li>
				<li>True</li>
				<li>True</li>
				<li>True</li>
				<li>True</li>
				<li>True</li>
				<li>True</li>
				<li>True</li>
				<li>True</li>
				<li>True</li>
				<li>True</li>
				<li>True</li>
				<li>True</li>
				<li>True</li>
				<li>True</li>
				<li>True</li>
				<li>True</li>
				<li>True</li>
				<li>True</li>
				<li>True</li>
				<li>True</li>
				<li>True</li>
				<li>True</li>
				<li>True</li>
				<li>True</li>
				<li>True</li>
				<li>True</li>
				<li>True</li>
				<li>True</li>
				<li>True</li>
				<li>True</li>
				<li>True</li>
				<li>True</li>
				<li>True</li>
				<li>True</li>
				<li>True</li>
				<li>True</li>
				<li>True</li>
				<li>True</li>
				<li>True</li>
				<li>True</li>
				<li>True</li>
				<li>True</li>
				<li>True</li>
			</values>
		</enabled>
	</ModSettings>
</SettingsBlock>