﻿<?xml version="1.0" encoding="utf-8"?>
<SettingsBlock>
	<ModSettings Class="rjw.RJWDebugSettings">
		<whoringtab_enabled>True</whoringtab_enabled>
		<submit_button_enabled>True</submit_button_enabled>
		<show_RJW_designation_box>True</show_RJW_designation_box>
		<show_whore_price_factor_on_bed>True</show_whore_price_factor_on_bed>
		<ShowRjwParts>Extended</ShowRjwParts>
		<maxDistanceCellsCasual>100</maxDistanceCellsCasual>
		<maxDistanceCellsRape>100</maxDistanceCellsRape>
		<maxDistancePathCost>1000</maxDistancePathCost>
		<AddTrait_Rapist>True</AddTrait_Rapist>
		<AddTrait_Masocist>True</AddTrait_Masocist>
		<AddTrait_Nymphomaniac>True</AddTrait_Nymphomaniac>
		<AddTrait_Necrophiliac>True</AddTrait_Necrophiliac>
		<AddTrait_Nerves>True</AddTrait_Nerves>
		<AddTrait_Zoophiliac>True</AddTrait_Zoophiliac>
		<Allow_RMB_DeepTalk>False</Allow_RMB_DeepTalk>
		<Allow_RMB_DeepTalk>False</Allow_RMB_DeepTalk>
		<Disable_bestiality_pregnancy_relations>False</Disable_bestiality_pregnancy_relations>
		<Disable_MeditationFocusDrain>False</Disable_MeditationFocusDrain>
		<Disable_RecreationDrain>False</Disable_RecreationDrain>
		<GenderlessAsFuta>False</GenderlessAsFuta>
		<override_lovin>True</override_lovin>
		<override_matin>True</override_matin>
		<matin_crossbreed>True</matin_crossbreed>
		<Wildmode>False</Wildmode>
		<Hippiemode>False</Hippiemode>
		<override_RJW_designation_checks>False</override_RJW_designation_checks>
		<override_control>False</override_control>
		<DevMode>False</DevMode>
		<DebugLogJoinInBed>False</DebugLogJoinInBed>
		<DebugWhoring>False</DebugWhoring>
		<DebugRape>False</DebugRape>
		<DebugInteraction>False</DebugInteraction>
		<DebugNymph>False</DebugNymph>
	</ModSettings>
</SettingsBlock>