﻿<?xml version="1.0" encoding="utf-8"?>
<SettingsBlock>
	<ModSettings Class="HandyUI_PersonalWorkCategories.PersonalWorkCategoriesSettings">
		<Presets>
			<li>
				<Name>Default</Name>
				<Hash>2083f9dfcc09790424ed1dee662aea2fbd6e2016a5aa7ccaf738a82b6ba30486</Hash>
			</li>
		</Presets>
		<SelectedPreset>Default</SelectedPreset>
		<Default>
			<WorkGroups>
				<li>
					<WorkType>PelFireWarden</WorkType>
					<WorkGivers>
						<li>PelFightFires</li>
					</WorkGivers>
				</li>
				<li>
					<WorkType>Firefighter</WorkType>
					<WorkGivers>
						<li>FightFires</li>
						<li>FightMechanites</li>
					</WorkGivers>
				</li>
				<li>
					<WorkType>Patient</WorkType>
					<WorkGivers>
						<li>PatientGoToBedEmergencyTreatment</li>
						<li>PatientGoToBedTreatment</li>
					</WorkGivers>
				</li>
				<li>
					<WorkType>Doctor</WorkType>
					<WorkGivers>
						<li>DoctorTendEmergency</li>
						<li>DoctorTendToHumanlikes</li>
						<li>DoctorTendToSelf</li>
						<li>DoctorTendToSelfEmergency</li>
						<li>DoctorTendToAnimals</li>
						<li>IF_TrainingMedicine</li>
						<li>DoPerformAutopsy</li>
					</WorkGivers>
				</li>
				<li>
					<WorkType>FSFNurse</WorkType>
					<WorkGivers>
						<li>DoctorFeedHumanlikes</li>
						<li>DoctorRescue</li>
						<li>DoctorFeedAnimals</li>
						<li>VisitSickPawn</li>
						<li>DBHAdministerFluids</li>
						<li>washPatient</li>
						<li>DocCleanBedpan</li>
					</WorkGivers>
				</li>
				<li>
					<WorkType>FSFSurgeon</WorkType>
					<WorkGivers>
						<li>DoBillsMedicalHumanOperation</li>
						<li>DoBillsMedicalAnimalOperation</li>
						<li>TakeToBedToOperate</li>
						<li>DoBillsMedicalHumanOperationOrgans</li>
					</WorkGivers>
				</li>
				<li>
					<WorkType>Childcare</WorkType>
					<WorkGivers>
						<li>FeedBaby</li>
						<li>FoodFeedBaby</li>
						<li>TakeBabyToCribAndFeed</li>
						<li>TakeBabyToCrib</li>
						<li>PlayWithBaby</li>
					</WorkGivers>
				</li>
				<li>
					<WorkType>PatientBedRest</WorkType>
					<WorkGivers>
						<li>PatientGoToBedRecuperate</li>
						<li>ReceiveTherapy</li>
					</WorkGivers>
				</li>
				<li>
					<WorkType>CP_CasevacRescue</WorkType>
					<WorkGivers>
						<li>CP_CasevacRescue</li>
					</WorkGivers>
				</li>
				<li>
					<WorkType>HaulingUrgent</WorkType>
					<WorkGivers>
						<li>HaulUrgently</li>
					</WorkGivers>
				</li>
				<li>
					<WorkType>BasicWorker</WorkType>
					<WorkGivers>
						<li>Flick</li>
						<li>BasicReleasePrisoner</li>
						<li>Open</li>
						<li>ChangeTreeMode</li>
						<li>PS_DrainOutOfStorage</li>
						<li>rxDetonateExplosives</li>
						<li>rxSwitchThings</li>
						<li>InstallConsciousness</li>
						<li>PH_UseRemoteButton</li>
						<li>TipSewage</li>
						<li>DrainWaterTank</li>
						<li>emptySepticTank</li>
						<li>IH_Behead</li>
						<li>IH_ImpalePawn</li>
						<li>Locks_Flick</li>
						<li>PW_PutInBall</li>
						<li>PW_PutInPortableComputer</li>
						<li>ScanBook</li>
						<li>WG_UseFM</li>
					</WorkGivers>
				</li>
				<li>
					<WorkType>FinishingOff</WorkType>
					<WorkGivers>
						<li>FinishOff</li>
					</WorkGivers>
				</li>
				<li>
					<WorkType>FSFRearming</WorkType>
					<WorkGivers>
						<li>RearmTurrets</li>
						<li>VFES_ConstructRearmTrap</li>
						<li>VFES_RearmTrap</li>
					</WorkGivers>
				</li>
				<li>
					<WorkType>FSFRefueling</WorkType>
					<WorkGivers>
						<li>Refuel</li>
						<li>HaulToBiosculpterPod</li>
						<li>UnloadWashing</li>
						<li>LoadWashing</li>
						<li>UnloadComposter</li>
						<li>FillComposter</li>
						<li>RefillWater</li>
					</WorkGivers>
				</li>
				<li>
					<WorkType>TM_Magic</WorkType>
					<WorkGivers>
						<li>ChargeStructure</li>
						<li>DoBillsArcaneForge</li>
					</WorkGivers>
				</li>
				<li>
					<WorkType>Warden</WorkType>
					<WorkGivers>
						<li>FeedPrisoner</li>
						<li>DeliverFoodToPrisoner</li>
						<li>ChatWithPrisoner</li>
						<li>EmancipateSlave</li>
						<li>EnslavePrisoner</li>
						<li>ImprisonSlave</li>
						<li>SuppressSlave</li>
						<li>ConvertPrisoner</li>
						<li>HandleFight</li>
						<li>DoShackling</li>
						<li>DoArchotechSacrifice</li>
						<li>VFEA_Interrogate</li>
						<li>DBHAdministerFluidsWarden</li>
						<li>WardenEmptySepticTank</li>
						<li>WardenRefillWater</li>
						<li>SnapOut_CalmPawnDownWorkgiver</li>
						<li>PrisonLabor_ChatWithPrisoner</li>
						<li>DoEntertain</li>
						<li>DoCommanderMotivate</li>
					</WorkGivers>
				</li>
				<li>
					<WorkType>CM_Beat_Prisoners_WorkType_Break_Resistance</WorkType>
					<WorkGivers>
						<li>CM_Beat_Prisoners_WorkGiver_Break_Resistance</li>
					</WorkGivers>
				</li>
				<li>
					<WorkType>PrisonLabor_Jailor</WorkType>
					<WorkGivers>
						<li>DoExecution</li>
						<li>ExecuteGuiltyColonist</li>
						<li>ReleasePrisoner</li>
						<li>TakePrisonerToBed</li>
						<li>ExecuteSlave</li>
						<li>PrisonLabor_SupervisePrisonLabor</li>
						<li>PrisonLabor_HandleChains</li>
					</WorkGivers>
				</li>
				<li>
					<WorkType>Gastronomy_Waiting</WorkType>
					<WorkGivers>
						<li>Gastronomy_StandBy</li>
						<li>Gastronomy_TakeOrder</li>
						<li>Gastronomy_Serve</li>
						<li>Gastronomy_MakeTable</li>
					</WorkGivers>
				</li>
				<li>
					<WorkType>Diplomat</WorkType>
					<WorkGivers>
						<li>Recruiter</li>
						<li>Diplomat</li>
					</WorkGivers>
				</li>
				<li>
					<WorkType>FSFTaming</WorkType>
					<WorkGivers>
						<li>Tame</li>
					</WorkGivers>
				</li>
				<li>
					<WorkType>Handling</WorkType>
					<WorkGivers>
						<li>TakeRoamingAnimalsToPen</li>
						<li>HandlingFeedPatientAnimals</li>
						<li>TakeToPen</li>
						<li>Slaughter</li>
						<li>ReleaseToWild</li>
						<li>Milk</li>
						<li>Shear</li>
						<li>RebalanceAnimalsInPens</li>
						<li>EmptyEggBox</li>
						<li>VEF_AnimalResource</li>
						<li>VFEV_TakeHoneyOutOfApiary</li>
						<li>VFEV_endToTheApiary</li>
						<li>Shoo</li>
						<li>VME_MaintainInsectNest</li>
						<li>MilkHumanlike</li>
						<li>MassageBreasts</li>
					</WorkGivers>
				</li>
				<li>
					<WorkType>FSFTraining</WorkType>
					<WorkGivers>
						<li>Train</li>
					</WorkGivers>
				</li>
				<li>
					<WorkType>Cooking</WorkType>
					<WorkGivers>
						<li>DoBillsCook</li>
						<li>DoBillsCookCampfire</li>
						<li>CookFillHopper</li>
						<li>DoBillsCookStone_Campfire</li>
						<li>VPE_DoBillsGasStove</li>
						<li>COMIGO_DoBillsBrew</li>
						<li>COMIGO_DoBillsButcherFlesh</li>
						<li>COMIGO_DoBillsCook</li>
						<li>AB_DoBillsCook</li>
						<li>VCE_DoBillsVegMilkExtractor</li>
						<li>VCE_DoBillsGrill</li>
						<li>VCE_DoBillsFryer</li>
						<li>VCE_DoBillsCanning</li>
						<li>VCE_DoBillsPrep</li>
						<li>VCE_DoBillsSushi</li>
						<li>COMIGO_VCE_ProcessIngredients</li>
						<li>DoBillsCookPortableStove</li>
						<li>VFEA_DoBillsAncientCookingStation</li>
						<li>ProcessSeeds</li>
						<li>DoBillsBBQSpit</li>
						<li>CADoBillsCookCampfireRoast</li>
						<li>RE_DoBillsCookPrefabStove</li>
					</WorkGivers>
				</li>
				<li>
					<WorkType>FSFButcher</WorkType>
					<WorkGivers>
						<li>DoBillsButcherFlesh</li>
					</WorkGivers>
				</li>
				<li>
					<WorkType>FSFBrewing</WorkType>
					<WorkGivers>
						<li>DoBillsBrew</li>
						<li>TakeBeerOutOfFermentingBarrel</li>
						<li>FillFermentingBarrel</li>
						<li>IP_InsertFirstIngredient</li>
						<li>IP_InsertSecondIngredient</li>
						<li>IP_InsertThirdIngredient</li>
						<li>IP_RemoveProduct</li>
						<li>EmptyProcessor</li>
						<li>FillProcessor</li>
						<li>VBE_DoBillsBar</li>
						<li>VBE_DoBillsEspressoMachine</li>
					</WorkGivers>
				</li>
				<li>
					<WorkType>SC_Scavenging</WorkType>
					<WorkGivers>
						<li>SC_Scavenging</li>
					</WorkGivers>
				</li>
				<li>
					<WorkType>Hunting</WorkType>
					<WorkGivers>
						<li>HunterHunt</li>
					</WorkGivers>
				</li>
				<li>
					<WorkType>FSFRepair</WorkType>
					<WorkGivers>
						<li>FixBrokenDownBuilding</li>
						<li>Repair</li>
						<li>FixBrokenDownBuildingWithKit</li>
						<li>FluffyBreakdowns_Maintenance</li>
					</WorkGivers>
				</li>
				<li>
					<WorkType>FSFDeconstruct</WorkType>
					<WorkGivers>
						<li>Uninstall</li>
						<li>RemoveRoofs</li>
						<li>Deconstruct</li>
						<li>ConstructRemoveFloors</li>
					</WorkGivers>
				</li>
				<li>
					<WorkType>Construction</WorkType>
					<WorkGivers>
						<li>BuildRoofs</li>
						<li>ConstructFinishFrames</li>
						<li>ConstructDeliverResourcesToFrames</li>
						<li>ConstructDeliverResourcesToBlueprints</li>
						<li>PerformRoofMaintenance</li>
						<li>UpgradeBuilding</li>
						<li>RimatomicsConstruction</li>
						<li>rxInstallUpgrade</li>
						<li>rxSmoothFoamWall</li>
						<li>ConstructDigTerrain</li>
						<li>ConstructFillTerrain</li>
					</WorkGivers>
				</li>
				<li>
					<WorkType>FSFSmoothing</WorkType>
					<WorkGivers>
						<li>ConstructSmoothFloors</li>
						<li>ConstructSmoothWalls</li>
					</WorkGivers>
				</li>
				<li>
					<WorkType>FSFHarvesting</WorkType>
					<WorkGivers>
						<li>GrowerHarvest</li>
					</WorkGivers>
				</li>
				<li>
					<WorkType>Growing</WorkType>
					<WorkGivers>
						<li>Replant</li>
						<li>PlantSeed</li>
						<li>VCE_HarvestAquatic</li>
						<li>VCE_SowAquatic</li>
						<li>VCE_HarvestSandy</li>
						<li>VCE_SowSandy</li>
						<li>PlaceFertilizer</li>
						<li>GrowerSow</li>
					</WorkGivers>
				</li>
				<li>
					<WorkType>Mining</WorkType>
					<WorkGivers>
						<li>Mine</li>
						<li>DrillDown</li>
						<li>AB_CoreDrill</li>
						<li>SR_Dig</li>
					</WorkGivers>
				</li>
				<li>
					<WorkType>FSFDrilling</WorkType>
					<WorkGivers>
						<li>Drill</li>
						<li>VPE_WorkAtGasExcavator</li>
						<li>SuperviseDrilling</li>
					</WorkGivers>
				</li>
				<li>
					<WorkType>QuarryMining</WorkType>
					<WorkGivers>
						<li>QRY_MineQuarry</li>
					</WorkGivers>
				</li>
				<li>
					<WorkType>FSFPruning</WorkType>
					<WorkGivers>
						<li>PruneGauranlenTree</li>
					</WorkGivers>
				</li>
				<li>
					<WorkType>PlantCutting</WorkType>
					<WorkGivers>
						<li>ExtractTree</li>
						<li>PlantsCut</li>
					</WorkGivers>
				</li>
				<li>
					<WorkType>FSFDrugs</WorkType>
					<WorkGivers>
						<li>DoBillsProduceDrugs</li>
					</WorkGivers>
				</li>
				<li>
					<WorkType>FSFFabrication</WorkType>
					<WorkGivers>
						<li>DoBillsFabricationBench</li>
					</WorkGivers>
				</li>
				<li>
					<WorkType>FSFMachining</WorkType>
					<WorkGivers>
						<li>DoBillsMachiningTable</li>
					</WorkGivers>
				</li>
				<li>
					<WorkType>Smithing</WorkType>
					<WorkGivers>
						<li>DoBillsMakeWeapons</li>
						<li>VPE_DoBillsGasSmithy</li>
						<li>DoBillsTableNuclear</li>
						<li>DoBillsProstheticsTable</li>
						<li>rxDoBillsBench</li>
						<li>DoBillsMBTable</li>
						<li>DoBillsGDTable</li>
						<li>DoBillsYPTable</li>
						<li>DoBillsJITable</li>
						<li>DoBillsTETable</li>
						<li>DoBillsFedTable</li>
						<li>DoBillsFeralTable</li>
						<li>DoBillsBionicWorkbench</li>
						<li>DoBillsAdvancedMedicalStation</li>
						<li>VFEA_DoBillsAncientWorkshop</li>
						<li>VFEA_DoBillsMending</li>
						<li>DoBillsMHSmithy</li>
						<li>RE_DoBillsManufacturingBench</li>
						<li>DoBillsS16CraftingSpot</li>
						<li>MF_DoBillsFabricationBench</li>
					</WorkGivers>
				</li>
				<li>
					<WorkType>Tailoring</WorkType>
					<WorkGivers>
						<li>DoBillsMakeApparel</li>
					</WorkGivers>
				</li>
				<li>
					<WorkType>Art</WorkType>
					<WorkGivers>
						<li>DoBillsSculpt</li>
						<li>DoBillsWrite</li>
						<li>DoBillsPapermaking</li>
						<li>DoBillsMakeRugs</li>
					</WorkGivers>
				</li>
				<li>
					<WorkType>FSFRefining</WorkType>
					<WorkGivers>
						<li>DoBillsRefinery</li>
						<li>VPE_DoBillsGasRefinery</li>
					</WorkGivers>
				</li>
				<li>
					<WorkType>FSFSmelt</WorkType>
					<WorkGivers>
						<li>DoBillsSmelter</li>
						<li>VPE_DoBillsGasSmelter</li>
					</WorkGivers>
				</li>
				<li>
					<WorkType>FSFStoneCut</WorkType>
					<WorkGivers>
						<li>DoBillsStonecut</li>
					</WorkGivers>
				</li>
				<li>
					<WorkType>Crafting</WorkType>
					<WorkGivers>
						<li>DoBillsUseCraftingSpot</li>
						<li>RimatomicsCrafting</li>
						<li>Infusion_ExtractInfusion</li>
						<li>Infusion_ApplyInfuser</li>
						<li>Infusion_RemoveInfusions</li>
						<li>rxDoBillsCraftFire</li>
						<li>VFEP_DoWelding</li>
						<li>VFEC_DoBillsUseCraftingBench</li>
						<li>DoBillsAnimalProsthetics</li>
						<li>VEF_DoBillsAdvancedAnimalImplantsTable</li>
						<li>EB_DoBillsExtractGenes</li>
						<li>EB_DoBillsAutopsy</li>
						<li>AB_DoBillsSmelter</li>
						<li>Moony_RepairApparel</li>
						<li>Moony_RepairWeapon</li>
						<li>VMEu_DoBillsMetalSmelter</li>
						<li>VMEu_DoBillsElectricMetalSmelter</li>
						<li>VMEu_DoBillsAdvancedSmelter</li>
						<li>Cosmos_DoBillSpaceObject</li>
						<li>DoBillsRecyclotron</li>
						<li>HA_OperateGasifier</li>
						<li>PW_CraftPokemon</li>
						<li>DoBillsGemcutting</li>
						<li>DoBillsPrintingPress</li>
						<li>DoBillsGolemBuilding</li>
						<li>DoBillsWoW_Forge</li>
					</WorkGivers>
				</li>
				<li>
					<WorkType>MF_Hacking</WorkType>
					<WorkGivers>
						<li>MF_DoBillsHackMechanoidOperation</li>
						<li>MF_DoBillsMedicalMechanoidOperation</li>
					</WorkGivers>
				</li>
				<li>
					<WorkType>FSFLoading</WorkType>
					<WorkGivers>
						<li>UnloadCarriers</li>
						<li>HelpGatheringItemsForCaravan</li>
						<li>LoadTransporters</li>
					</WorkGivers>
				</li>
				<li>
					<WorkType>FSFCremating</WorkType>
					<WorkGivers>
						<li>Strip</li>
						<li>DoBillsCremate</li>
						<li>DoBillsHaulCampfire</li>
						<li>ExtractSkull</li>
						<li>VPE_DoBillsGasCrematorium</li>
						<li>VPE_BurnGasCrematorium</li>
					</WorkGivers>
				</li>
				<li>
					<WorkType>NuclearWork</WorkType>
					<WorkGivers>
						<li>LoadFuelModule</li>
						<li>LoadSpentFuel</li>
						<li>LoadProcChemFuel</li>
						<li>UnloadPlutonium</li>
						<li>RemoveFuelModule</li>
					</WorkGivers>
				</li>
				<li>
					<WorkType>FSFDeliver</WorkType>
					<WorkGivers>
						<li>DeliverResourcesToFrames</li>
						<li>DeliverResourcesToBlueprints</li>
					</WorkGivers>
				</li>
				<li>
					<WorkType>RimefellerCrafting</WorkType>
					<WorkGivers>
						<li>OperateResourceConsole</li>
					</WorkGivers>
				</li>
				<li>
					<WorkType>FSFMerge</WorkType>
					<WorkGivers>
						<li>HaulMerge</li>
					</WorkGivers>
				</li>
				<li>
					<WorkType>Hauling</WorkType>
					<WorkGivers>
						<li>HaulCorpses</li>
						<li>HaulGeneral</li>
						<li>VEF_DestroyItems</li>
						<li>DoBillsHaulStone_Campfire</li>
						<li>VPE_WorkGiverPluggingHole</li>
						<li>VPE_WorkGiverPluggingPond</li>
						<li>DoBillsLootBoxBench</li>
						<li>RimWriter_ReturnBooks</li>
						<li>EmptyAutoclave</li>
						<li>FillAutoclave</li>
						<li>LoadRailgunMagazine</li>
						<li>LoadSilo</li>
						<li>VFEM_RefuelSilo</li>
						<li>VFE_Mechanoids_RepairMachine</li>
						<li>VFE_Mechanoids_AttachTurret</li>
						<li>SC_RearmAuto</li>
						<li>VFEI_InsertFirstGenome</li>
						<li>VFEI_InsertSecondGenome</li>
						<li>VFEI_InsertThirdGenome</li>
						<li>VAE_DestroyCocoons</li>
						<li>EB_RefuelGenome</li>
						<li>EB_InsertFirstGenomeMakeshift</li>
						<li>EB_InsertSecondGenomeMakeshift</li>
						<li>EB_InsertThirdGenomeMakeshift</li>
						<li>EB_InsertCulture</li>
						<li>Bury</li>
						<li>CashRegister_EmptyRegister</li>
						<li>LoadTorpedoTube</li>
						<li>DoBillsBurnPit</li>
						<li>RemoveSewage</li>
						<li>CADoBillsHaulCampfireRoast</li>
						<li>CADoBillsSpacerRefinery</li>
						<li>VME_DeconstructJunk</li>
						<li>IH_FillImmortalExtractor</li>
						<li>IH_EmptyImmortalExtractor</li>
						<li>IH_TriggerImmortalExtractor</li>
						<li>YCA_EjectAmmo</li>
						<li>Hospitality_WithdrawVendingMachineEarnings</li>
						<li>HaulToInventory</li>
					</WorkGivers>
				</li>
				<li>
					<WorkType>Cleaning</WorkType>
					<WorkGivers>
						<li>CleanClearSnow</li>
						<li>CleanFilth</li>
						<li>CleanOil</li>
						<li>rxDryOffDetonatorWire</li>
						<li>ClearBlockage</li>
						<li>cleanBedpan</li>
						<li>CleanFilthIndoors</li>
						<li>CleanSelf</li>
					</WorkGivers>
				</li>
				<li>
					<WorkType>Managing</WorkType>
					<WorkGivers>
						<li>ManagerManage</li>
					</WorkGivers>
				</li>
				<li>
					<WorkType>Research</WorkType>
					<WorkGivers>
						<li>Research</li>
						<li>StudyThing</li>
						<li>RPWorkGiver_Record</li>
						<li>RimatomicsResearch</li>
						<li>RimatomicsSuperviseResearch</li>
						<li>ScanSpace</li>
					</WorkGivers>
				</li>
				<li>
					<WorkType>FSFScan</WorkType>
					<WorkGivers>
						<li>LongRangeScan</li>
						<li>GroundPenetratingScan</li>
					</WorkGivers>
				</li>
				<li>
					<WorkType>VCEF_Fishing</WorkType>
					<WorkGivers>
						<li>VCEF_Fish</li>
					</WorkGivers>
				</li>
				<li>
					<WorkType>HR_Learn</WorkType>
					<WorkGivers />
				</li>
				<li>
					<WorkType>HPGMGenerate</WorkType>
					<WorkGivers>
						<li>HPGMCycle</li>
					</WorkGivers>
				</li>
				<li>
					<WorkType>VBE_Writing</WorkType>
					<WorkGivers>
						<li>VBE_DoBillsWrite</li>
					</WorkGivers>
				</li>
				<li>
					<WorkType>Therapist</WorkType>
					<WorkGivers>
						<li>Therapy</li>
					</WorkGivers>
				</li>
				<li>
					<WorkType>Study</WorkType>
					<WorkGivers>
						<li>School_Study</li>
						<li>DocumentTech</li>
						<li>LearnTech</li>
						<li>TrainWeapon</li>
						<li>PracticeWeapon</li>
						<li>ExperimentWeapon</li>
					</WorkGivers>
				</li>
				<li>
					<WorkType>Teach</WorkType>
					<WorkGivers>
						<li>School_Teach</li>
					</WorkGivers>
				</li>
				<li>
					<WorkType>BnC_Watch</WorkType>
					<WorkGivers>
						<li>BnC_WatchAdult</li>
					</WorkGivers>
				</li>
				<li>
					<WorkType>GFM_Guard</WorkType>
					<WorkGivers>
						<li>GFM_DoStandguard</li>
						<li>GFM_DoPatrolGuard</li>
						<li>GFM_DoBodyGuard</li>
						<li>GFM_DoDeathSquad</li>
					</WorkGivers>
				</li>
			</WorkGroups>
			<ExtraWorkGroups />
		</Default>
	</ModSettings>
</SettingsBlock>