﻿<?xml version="1.0" encoding="utf-8"?>
<SettingsBlock>
	<ModSettings Class="RJWSexperience.Configurations">
		<MaxLustDeviation>500</MaxLustDeviation>
		<AvgLust>0</AvgLust>
		<MaxSexCountDeviation>90</MaxSexCountDeviation>
		<LustEffectPower>0.5</LustEffectPower>
		<SexPerYear>30</SexPerYear>
		<SlavesBeenRapedExp>True</SlavesBeenRapedExp>
		<EnableRecordRandomizer>True</EnableRecordRandomizer>
		<LustLimit>166.6667</LustLimit>
		<MinSexablePercent>0.2</MinSexablePercent>
		<VirginRatio>0.008</VirginRatio>
		<SelectionLocked>False</SelectionLocked>
	</ModSettings>
</SettingsBlock>