﻿<?xml version="1.0" encoding="utf-8"?>
<SettingsBlock>
	<ModSettings Class="RimWar.Options.Settings">
		<randomizeFactionBehavior>True</randomizeFactionBehavior>
		<useRimWarVictory>True</useRimWarVictory>
		<rimwarDifficulty>0.8</rimwarDifficulty>
		<maxFactionSettlements>20</maxFactionSettlements>
		<maxSettlementScanRange>120</maxSettlementScanRange>
		<settlementScanRangeDivider>20</settlementScanRangeDivider>
		<maxFactionObjects>100</maxFactionObjects>
		<averageEventFrequency>300</averageEventFrequency>
		<settlementEventDelay>51040</settlementEventDelay>
		<settlementScanDelay>124890</settlementScanDelay>
		<woEventFrequency>602</woEventFrequency>
		<objectMovementMultiplier>1.5</objectMovementMultiplier>
		<rwdUpdateFrequency>5000</rwdUpdateFrequency>
		<alertRange>4</alertRange>
		<letterNotificationRange>5</letterNotificationRange>
		<randomizeAttributes>False</randomizeAttributes>
		<heatMultiplier>1.5</heatMultiplier>
		<heatFrequency>4000</heatFrequency>
		<settlementGrowthRate>0.8</settlementGrowthRate>
		<noPermanentEnemies>False</noPermanentEnemies>
		<threadingEnabled>True</threadingEnabled>
	</ModSettings>
</SettingsBlock>