﻿<?xml version="1.0" encoding="utf-8"?>
<PrisonLaborPrefsData>
  <defaultInteraction>PrisonLabor_workOption</defaultInteraction>
  <allowed_works></allowed_works>
  <allow_all_worktypes>True</allow_all_worktypes>
  <advanced_growing>True</advanced_growing>
  <enable_motivation_mechanics>True</enable_motivation_mechanics>
  <enable_motivation_icons>True</enable_motivation_icons>
  <enable_revolts>True</enable_revolts>
  <show_treatment_happiness>False</show_treatment_happiness>
  <enable_suicide>True</enable_suicide>
  <enable_full_heal_rest>True</enable_full_heal_rest>
  <enable_debug_logging>False</enable_debug_logging>
  <last_version>v1_3_5</last_version>
  <show_news>True</show_news>
  <enable_reports>False</enable_reports>
  <tutorials_flags>Introduction, Motivation, Growing, Managment, Timetable, Treatment</tutorials_flags>
  <version>v1_3_11</version>
</PrisonLaborPrefsData>