﻿<?xml version="1.0" encoding="utf-8"?>
<SongDatabase>
	<Database>
		<li>
			<SongDef>Here_It_Comes</SongDef>
			<Seasons>
				<li>Spring</li>
				<li>Summer</li>
				<li>Fall</li>
				<li>PermanentSummer</li>
			</Seasons>
			<Tense>True</Tense>
			<TimeOfDay>Any</TimeOfDay>
		</li>
		<li>
			<SongDef>Close_The_Gates</SongDef>
			<Seasons>
				<li>Spring</li>
				<li>Summer</li>
				<li>Fall</li>
				<li>Winter</li>
				<li>PermanentSummer</li>
				<li>PermanentWinter</li>
			</Seasons>
			<Tense>True</Tense>
			<TimeOfDay>Any</TimeOfDay>
		</li>
	</Database>
</SongDatabase>