﻿<?xml version="1.0" encoding="utf-8"?>
<SettingsBlock>
	<ModSettings Class="Replace_Stuff.Settings">
		<bridgePrefNames>
			<li>Bridge</li>
			<li>VFEArch_BridgeSandstone</li>
			<li>VFEArch_BridgeGranite</li>
			<li>VFEArch_BridgeLimestone</li>
			<li>VFEArch_BridgeSlate</li>
			<li>VFEArch_BridgeMarble</li>
			<li>VFEArch_BridgeSteel</li>
			<li>VFEArch_ConcreteFoundation</li>
			<li>ConcreteBridge</li>
			<li>NCS_TentFloor</li>
			<li>AB_AsphaltBridge</li>
			<li>FloatinggardenSandstone</li>
			<li>FloatinggardenGranite</li>
			<li>floatinggardenLimestone</li>
			<li>FloatinggardenSlate</li>
			<li>FloatinggardenMarble</li>
			<li>AB_TarmacFloor</li>
			<li>CAMakeshiftTentFloor</li>
			<li>CATentFloor</li>
		</bridgePrefNames>
	</ModSettings>
</SettingsBlock>