﻿<?xml version="1.0" encoding="utf-8"?>
<SettingsBlock>
	<ModSettings Class="TorannMagic.ModOptions.Settings">
		<AIHardMode>True</AIHardMode>
		<AIMarking>True</AIMarking>
		<magicyteChance>0.005</magicyteChance>
		<paracyteSoftCap>50</paracyteSoftCap>
		<autocastCombatMinThreshold>0.2</autocastCombatMinThreshold>
		<autocastAnimals>True</autocastAnimals>
		<autocastQueueing>True</autocastQueueing>
		<CustomClass>
			<keys>
				<li>TM_TheShadow</li>
				<li>TM_Brightmage</li>
				<li>TM_Shaman</li>
				<li>TM_Golemancer</li>
				<li>TM_Apothecary</li>
				<li>TM_Empath</li>
				<li>TM_RedMage</li>
				<li>TM_Ninja</li>
				<li>TM_ElementalGunner</li>
				<li>TM_Bombardier</li>
				<li>TM_Railbreaker</li>
				<li>TM_Samurai</li>
				<li>TM_Gadgeteer</li>
				<li>TM_WindMage</li>
				<li>TM_Medic</li>
				<li>TM_ChromaMage</li>
				<li>TM_Harbinger</li>
				<li>TM_Reaper</li>
				<li>TM_Berserker</li>
				<li>TM_Scion</li>
				<li>TM_Plaguedoctor</li>
				<li>TM_Cleric</li>
				<li>TM_Arbormancer</li>
				<li>TM_Chainwarden</li>
				<li>TM_Ambusher</li>
				<li>TM_Saboteur</li>
				<li>TM_Keeper</li>
				<li>TM_Pridestalker</li>
				<li>TM_Starseeker</li>
				<li>TM_Aspirant</li>
				<li>TM_Hawkeye</li>
				<li>TM_Atronach</li>
				<li>TM_SupportSpecialist</li>
				<li>TM_Scrapper</li>
				<li>TM_Oracle</li>
				<li>TM_Mystic</li>
				<li>TM_Spellbreaker</li>
				<li>TM_Duskbringer</li>
				<li>TM_Thunderblessed</li>
				<li>TM_Deadeye</li>
				<li>TM_Spellthief</li>
				<li>TM_Dragoon</li>
				<li>TM_BlackMage</li>
				<li>TM_Scholar</li>
				<li>TM_Gunbreaker</li>
				<li>TM_Gunner</li>
				<li>TM_Warrior</li>
				<li>TM_Nomad</li>
				<li>TM_Guardian</li>
				<li>TM_Holosmith</li>
				<li>TM_Troubadour</li>
				<li>TM_Gambler</li>
				<li>TM_Chef</li>
				<li>TM_Miner</li>
				<li>TM_Striker</li>
				<li>TM_RuneKnight</li>
				<li>TM_BlossomBlader</li>
				<li>TM_Ravenous</li>
				<li>TM_MechHunter</li>
				<li>TM_Gunslinger</li>
				<li>TM_Shadowbringer</li>
				<li>TM_Warden</li>
				<li>TM_Chempunk</li>
			</keys>
			<values>
				<li>True</li>
				<li>True</li>
				<li>True</li>
				<li>True</li>
				<li>True</li>
				<li>True</li>
				<li>True</li>
				<li>True</li>
				<li>True</li>
				<li>True</li>
				<li>True</li>
				<li>True</li>
				<li>True</li>
				<li>True</li>
				<li>True</li>
				<li>True</li>
				<li>True</li>
				<li>True</li>
				<li>True</li>
				<li>True</li>
				<li>True</li>
				<li>True</li>
				<li>True</li>
				<li>True</li>
				<li>True</li>
				<li>True</li>
				<li>True</li>
				<li>True</li>
				<li>True</li>
				<li>True</li>
				<li>True</li>
				<li>True</li>
				<li>True</li>
				<li>True</li>
				<li>True</li>
				<li>True</li>
				<li>True</li>
				<li>True</li>
				<li>True</li>
				<li>True</li>
				<li>True</li>
				<li>True</li>
				<li>True</li>
				<li>True</li>
				<li>True</li>
				<li>True</li>
				<li>True</li>
				<li>True</li>
				<li>True</li>
				<li>True</li>
				<li>True</li>
				<li>True</li>
				<li>True</li>
				<li>True</li>
				<li>True</li>
				<li>True</li>
				<li>True</li>
				<li>True</li>
				<li>True</li>
				<li>True</li>
				<li>True</li>
				<li>True</li>
				<li>True</li>
			</values>
		</CustomClass>
		<FactionFighterSettings>
			<keys>
				<li>OutlanderCivil</li>
				<li>OutlanderRough</li>
				<li>TribeCivil</li>
				<li>TribeRough</li>
				<li>TribeSavage</li>
				<li>Pirate</li>
				<li>Empire</li>
				<li>TribeCannibal</li>
				<li>NudistTribe</li>
				<li>CannibalPirate</li>
				<li>VFEI_Insect</li>
				<li>VFEP_Junkers</li>
				<li>VFEP_Mercenaries</li>
				<li>VFEV_VikingsClan</li>
				<li>VFEV_VikingsSlaver</li>
				<li>SettlerCivil</li>
				<li>SettlerRough</li>
				<li>SettlerSavage</li>
				<li>VFEC_CentralRepublic</li>
				<li>VFEC_WesternRepublic</li>
				<li>VFEC_EasternRepublic</li>
				<li>Rebels</li>
				<li>VFEM_KingdomCivil</li>
				<li>VFEM_KingdomRough</li>
				<li>VFEM_KingdomSavage</li>
				<li>RE_SystemsAlliance</li>
				<li>Alliance</li>
				<li>BloodElf</li>
				<li>Draenei</li>
				<li>Forsaken</li>
				<li>HighElf</li>
				<li>Horde</li>
				<li>Ironforge</li>
				<li>NightElf</li>
				<li>RE_AsariRepublics</li>
				<li>RH2_141</li>
				<li>RH2_Rangers</li>
				<li>FPC</li>
				<li>Feral</li>
				<li>USFM_FactionAOS</li>
				<li>PColony</li>
				<li>CASacrilegHunters</li>
				<li>Seers</li>
				<li>Nightborne</li>
			</keys>
			<values>
				<li>1</li>
				<li>1</li>
				<li>1</li>
				<li>1</li>
				<li>1</li>
				<li>1</li>
				<li>1</li>
				<li>1</li>
				<li>1</li>
				<li>1</li>
				<li>1</li>
				<li>1</li>
				<li>1</li>
				<li>1</li>
				<li>1</li>
				<li>1</li>
				<li>1</li>
				<li>1</li>
				<li>1</li>
				<li>1</li>
				<li>1</li>
				<li>1</li>
				<li>1</li>
				<li>1</li>
				<li>1</li>
				<li>1</li>
				<li>1</li>
				<li>1</li>
				<li>1</li>
				<li>1</li>
				<li>1</li>
				<li>1</li>
				<li>1</li>
				<li>1</li>
				<li>1</li>
				<li>1</li>
				<li>1</li>
				<li>1</li>
				<li>1</li>
				<li>1</li>
				<li>1</li>
				<li>1</li>
				<li>1</li>
				<li>1</li>
			</values>
		</FactionFighterSettings>
		<FactionMageSettings>
			<keys>
				<li>OutlanderCivil</li>
				<li>OutlanderRough</li>
				<li>TribeCivil</li>
				<li>TribeRough</li>
				<li>TribeSavage</li>
				<li>Pirate</li>
				<li>Empire</li>
				<li>TribeCannibal</li>
				<li>NudistTribe</li>
				<li>CannibalPirate</li>
				<li>VFEI_Insect</li>
				<li>VFEP_Junkers</li>
				<li>VFEP_Mercenaries</li>
				<li>VFEV_VikingsClan</li>
				<li>VFEV_VikingsSlaver</li>
				<li>SettlerCivil</li>
				<li>SettlerRough</li>
				<li>SettlerSavage</li>
				<li>VFEC_CentralRepublic</li>
				<li>VFEC_WesternRepublic</li>
				<li>VFEC_EasternRepublic</li>
				<li>Rebels</li>
				<li>VFEM_KingdomCivil</li>
				<li>VFEM_KingdomRough</li>
				<li>VFEM_KingdomSavage</li>
				<li>RE_SystemsAlliance</li>
				<li>Alliance</li>
				<li>BloodElf</li>
				<li>Draenei</li>
				<li>Forsaken</li>
				<li>HighElf</li>
				<li>Horde</li>
				<li>Ironforge</li>
				<li>NightElf</li>
				<li>RE_AsariRepublics</li>
				<li>RH2_141</li>
				<li>RH2_Rangers</li>
				<li>FPC</li>
				<li>Feral</li>
				<li>USFM_FactionAOS</li>
				<li>PColony</li>
				<li>CASacrilegHunters</li>
				<li>Seers</li>
				<li>Nightborne</li>
			</keys>
			<values>
				<li>1</li>
				<li>1</li>
				<li>1</li>
				<li>1</li>
				<li>1</li>
				<li>1</li>
				<li>1</li>
				<li>1</li>
				<li>1</li>
				<li>1</li>
				<li>1</li>
				<li>1</li>
				<li>1</li>
				<li>1</li>
				<li>1</li>
				<li>1</li>
				<li>1</li>
				<li>1</li>
				<li>1</li>
				<li>1</li>
				<li>1</li>
				<li>1</li>
				<li>1</li>
				<li>1</li>
				<li>1</li>
				<li>1</li>
				<li>1</li>
				<li>1</li>
				<li>1</li>
				<li>1</li>
				<li>1</li>
				<li>1</li>
				<li>1</li>
				<li>1</li>
				<li>1</li>
				<li>1</li>
				<li>1</li>
				<li>1</li>
				<li>1</li>
				<li>1</li>
				<li>1</li>
				<li>1</li>
				<li>1</li>
				<li>1</li>
			</values>
		</FactionMageSettings>
	</ModSettings>
</SettingsBlock>