﻿<?xml version="1.0" encoding="utf-8"?>
<SettingsBlock>
	<ModSettings Class="RemoteDetonator.RemoteDetonatorSettings">
		<noticeExplosionInvolveInColonistsWithMessage>True</noticeExplosionInvolveInColonistsWithMessage>
		<noticeExplosionInvolveInColonistsWithAlert>True</noticeExplosionInvolveInColonistsWithAlert>
		<noticeExplosionInvolveInPetsWithMessage>True</noticeExplosionInvolveInPetsWithMessage>
		<noticeExplosionInvolveInPetsWithAlert>True</noticeExplosionInvolveInPetsWithAlert>
	</ModSettings>
</SettingsBlock>