﻿<?xml version="1.0" encoding="utf-8"?>
<SettingsBlock>
	<ModSettings Class="SRTS.SRTS_ModSettings">
		<defProperties>
			<keys>
				<li>SRTSSuperpod</li>
				<li>SRTSSkip</li>
				<li>SRAF</li>
				<li>SRAFTek</li>
				<li>SRTSMkII</li>
				<li>SRTSMkIII</li>
				<li>SRTSMkIIIp</li>
				<li>SRTSMkIV</li>
				<li>SRTSEffectThemis</li>
				<li>SRTSEffectKodiak</li>
			</keys>
			<values>
				<li>
					<massCapacity>120</massCapacity>
					<minPassengers>1</minPassengers>
					<maxPassengers>1</maxPassengers>
					<flightSpeed>1</flightSpeed>
					<researchPoints>4800</researchPoints>
					<fuelPerTile>3.5</fuelPerTile>
					<customResearchDefNames />
					<radiusDrop>1</radiusDrop>
					<distanceBetweenDrops>10</distanceBetweenDrops>
					<bombingSpeed>1</bombingSpeed>
					<precisionBombingNumBombs>1</precisionBombingNumBombs>
				</li>
				<li>
					<defaultValues>True</defaultValues>
					<massCapacity>170</massCapacity>
					<minPassengers>1</minPassengers>
					<maxPassengers>2</maxPassengers>
					<flightSpeed>3</flightSpeed>
					<researchPoints>6200</researchPoints>
					<fuelPerTile>2.25</fuelPerTile>
					<shuttleBayLanding>True</shuttleBayLanding>
					<customResearchDefNames />
					<bombingCapable>True</bombingCapable>
					<numberBombs>4</numberBombs>
					<radiusDrop>3</radiusDrop>
					<distanceBetweenDrops>3</distanceBetweenDrops>
					<bombingSpeed>1</bombingSpeed>
					<precisionBombingNumBombs>4</precisionBombingNumBombs>
				</li>
				<li>
					<defaultValues>True</defaultValues>
					<massCapacity>5000</massCapacity>
					<minPassengers>1</minPassengers>
					<maxPassengers>3</maxPassengers>
					<flightSpeed>3</flightSpeed>
					<researchPoints>7200</researchPoints>
					<fuelPerTile>4</fuelPerTile>
					<customResearchDefNames />
					<radiusDrop>1</radiusDrop>
					<distanceBetweenDrops>10</distanceBetweenDrops>
					<bombingSpeed>1</bombingSpeed>
					<precisionBombingNumBombs>1</precisionBombingNumBombs>
				</li>
				<li>
					<defaultValues>True</defaultValues>
					<massCapacity>10000</massCapacity>
					<minPassengers>1</minPassengers>
					<maxPassengers>28</maxPassengers>
					<flightSpeed>8</flightSpeed>
					<researchPoints>12000</researchPoints>
					<fuelPerTile>2.25</fuelPerTile>
					<spaceFaring>True</spaceFaring>
					<customResearchDefNames />
					<radiusDrop>1</radiusDrop>
					<distanceBetweenDrops>10</distanceBetweenDrops>
					<bombingSpeed>1</bombingSpeed>
					<precisionBombingNumBombs>1</precisionBombingNumBombs>
				</li>
				<li>
					<defaultValues>True</defaultValues>
					<massCapacity>2200</massCapacity>
					<minPassengers>1</minPassengers>
					<maxPassengers>7</maxPassengers>
					<flightSpeed>11</flightSpeed>
					<researchPoints>12000</researchPoints>
					<fuelPerTile>2</fuelPerTile>
					<spaceFaring>True</spaceFaring>
					<shuttleBayLanding>True</shuttleBayLanding>
					<customResearchDefNames />
					<bombingCapable>True</bombingCapable>
					<numberBombs>6</numberBombs>
					<radiusDrop>4</radiusDrop>
					<distanceBetweenDrops>3</distanceBetweenDrops>
					<bombingSpeed>1</bombingSpeed>
					<precisionBombingNumBombs>20</precisionBombingNumBombs>
				</li>
				<li>
					<defaultValues>True</defaultValues>
					<massCapacity>3600</massCapacity>
					<minPassengers>1</minPassengers>
					<maxPassengers>17</maxPassengers>
					<flightSpeed>20</flightSpeed>
					<researchPoints>24000</researchPoints>
					<fuelPerTile>1</fuelPerTile>
					<spaceFaring>True</spaceFaring>
					<shuttleBayLanding>True</shuttleBayLanding>
					<customResearchDefNames />
					<bombingCapable>True</bombingCapable>
					<numberBombs>20</numberBombs>
					<radiusDrop>5</radiusDrop>
					<distanceBetweenDrops>2</distanceBetweenDrops>
					<bombingSpeed>1</bombingSpeed>
					<precisionBombingNumBombs>10</precisionBombingNumBombs>
				</li>
				<li>
					<defaultValues>True</defaultValues>
					<massCapacity>20000</massCapacity>
					<minPassengers>1</minPassengers>
					<maxPassengers>42</maxPassengers>
					<flightSpeed>20</flightSpeed>
					<researchPoints>20000</researchPoints>
					<fuelPerTile>1</fuelPerTile>
					<spaceFaring>True</spaceFaring>
					<customResearchDefNames />
					<radiusDrop>1</radiusDrop>
					<distanceBetweenDrops>10</distanceBetweenDrops>
					<bombingSpeed>1</bombingSpeed>
					<precisionBombingNumBombs>1</precisionBombingNumBombs>
				</li>
				<li>
					<defaultValues>True</defaultValues>
					<massCapacity>1E+09</massCapacity>
					<minPassengers>1</minPassengers>
					<maxPassengers>9999</maxPassengers>
					<flightSpeed>80</flightSpeed>
					<researchPoints>36000</researchPoints>
					<fuelPerTile>1</fuelPerTile>
					<spaceFaring>True</spaceFaring>
					<customResearchDefNames />
					<bombingCapable>True</bombingCapable>
					<numberBombs>32</numberBombs>
					<radiusDrop>9</radiusDrop>
					<distanceBetweenDrops>1</distanceBetweenDrops>
					<bombingSpeed>0.7</bombingSpeed>
					<precisionBombingNumBombs>32</precisionBombingNumBombs>
				</li>
				<li>
					<defaultValues>True</defaultValues>
					<massCapacity>15000</massCapacity>
					<minPassengers>1</minPassengers>
					<maxPassengers>3</maxPassengers>
					<flightSpeed>3</flightSpeed>
					<researchPoints>6000</researchPoints>
					<fuelPerTile>0.2</fuelPerTile>
					<spaceFaring>True</spaceFaring>
					<shuttleBayLanding>True</shuttleBayLanding>
					<customResearchDefNames />
					<radiusDrop>1</radiusDrop>
					<distanceBetweenDrops>10</distanceBetweenDrops>
					<bombingSpeed>1</bombingSpeed>
					<precisionBombingNumBombs>1</precisionBombingNumBombs>
				</li>
				<li>
					<defaultValues>True</defaultValues>
					<massCapacity>2500</massCapacity>
					<minPassengers>1</minPassengers>
					<maxPassengers>7</maxPassengers>
					<flightSpeed>11</flightSpeed>
					<researchPoints>6000</researchPoints>
					<fuelPerTile>0.1</fuelPerTile>
					<spaceFaring>True</spaceFaring>
					<shuttleBayLanding>True</shuttleBayLanding>
					<customResearchDefNames />
					<bombingCapable>True</bombingCapable>
					<numberBombs>6</numberBombs>
					<radiusDrop>4</radiusDrop>
					<distanceBetweenDrops>3</distanceBetweenDrops>
					<bombingSpeed>1</bombingSpeed>
					<precisionBombingNumBombs>20</precisionBombingNumBombs>
				</li>
			</values>
		</defProperties>
		<allowedBombs>
			<li>Shell_HighExplosive</li>
			<li>Shell_Incendiary</li>
			<li>Shell_EMP</li>
			<li>Shell_Smoke</li>
			<li>Shell_Firefoam</li>
			<li>Shell_AntigrainWarhead</li>
			<li>Shell_Napalm</li>
			<li>VFEI_Shell_PsychicWarhead</li>
			<li>Missile_HE</li>
			<li>Missile_AP</li>
			<li>AB_Shell_Tar</li>
			<li>ShipTorpedo_HighExplosive</li>
			<li>ShipTorpedo_EMP</li>
			<li>ShipTorpedo_Antimatter</li>
		</allowedBombs>
		<disallowedBombs />
	</ModSettings>
</SettingsBlock>