﻿<?xml version="1.0" encoding="utf-8"?>
<SettingsBlock>
	<ModSettings Class="Rimatomics.Settings">
		<MannedReactor>True</MannedReactor>
		<LastVersion>Rimatomics 1.7.2473</LastVersion>
		<FuelBurnRateInt>4</FuelBurnRateInt>
		<PulseSizeScalingInt>4</PulseSizeScalingInt>
		<RadiationStrengthInt>4</RadiationStrengthInt>
		<RimatomicsTraderCooldownInt>4</RimatomicsTraderCooldownInt>
		<PipeVisibility>1</PipeVisibility>
		<ShowVetPatches>True</ShowVetPatches>
		<ShowResearchButton>True</ShowResearchButton>
	</ModSettings>
</SettingsBlock>