﻿<?xml version="1.0" encoding="utf-8"?>
<SettingsBlock>
	<ModSettings Class="VarietyMattersDT.ModSettings_VMDT">
		<tablelessMeals>
			<keys>
				<li>MealSurvivalPack</li>
				<li>MealNutrientPaste</li>
				<li>MealSimple</li>
				<li>MealFine</li>
				<li>MealFine_Veg</li>
				<li>MealFine_Meat</li>
				<li>MealLavish</li>
				<li>MealLavish_Veg</li>
				<li>MealLavish_Meat</li>
				<li>Pemmican</li>
				<li>InsectJelly</li>
				<li>Chemfuel</li>
				<li>Uranium</li>
				<li>RH2_Ration_USArmyMRE</li>
				<li>RH2_Ration_RangerRations</li>
				<li>RE_MealColonial</li>
				<li>VFEM_SmokedMeat</li>
				<li>VCE_RawPrunes</li>
				<li>Chocomilk</li>
				<li>bowlstew</li>
				<li>stirfry</li>
				<li>VG_Hardtack</li>
				<li>MealCannedFood</li>
				<li>CannedVeg</li>
				<li>CannedMeat</li>
				<li>CannedFruit</li>
				<li>cookie</li>
				<li>BlueberryPie</li>
				<li>driedfruit</li>
				<li>Bread</li>
				<li>sweetbun</li>
				<li>grilledcheese</li>
				<li>grilledmeat</li>
				<li>pizza</li>
				<li>Porridge</li>
				<li>yogurt</li>
				<li>icecream</li>
				<li>smoothie</li>
				<li>Tacos</li>
				<li>Grilledsteak</li>
				<li>Grilledveg</li>
				<li>Kabob</li>
				<li>grilledpolenta</li>
				<li>bakedpolenta</li>
				<li>Cornbread</li>
				<li>muffin</li>
				<li>meatpie</li>
				<li>cheese</li>
				<li>MakiRoll</li>
				<li>Nigiri</li>
				<li>SaltedMeat</li>
				<li>VG_Guacamole</li>
				<li>VCE_SimpleBake</li>
				<li>VCE_FineBake</li>
				<li>VCE_LavishBake</li>
				<li>VCE_GourmetBake</li>
				<li>VCE_CannedMeat</li>
				<li>VCE_CannedProduce</li>
				<li>VCE_CannedFruit</li>
				<li>VCE_CannedAP</li>
				<li>VCE_CannedFish</li>
				<li>VCE_Cheese</li>
				<li>VCE_MealGourmet</li>
				<li>VCE_SimpleGrill</li>
				<li>VCE_RuinedSimpleGrill</li>
				<li>VCE_FineGrill</li>
				<li>VCE_RuinedFineGrill</li>
				<li>VCE_LavishGrill</li>
				<li>VCE_RuinedLavishGrill</li>
				<li>VCE_GourmetGrill</li>
				<li>VCE_RuinedGourmetGrill</li>
				<li>VCE_CookedSoupSimple</li>
				<li>VCE_CookedSoupFine</li>
				<li>VCE_CookedSoupLavish</li>
				<li>VCE_CookedSoupGourmet</li>
				<li>VCE_CookedStewSimple</li>
				<li>VCE_CookedStewFine</li>
				<li>VCE_CookedStewLavish</li>
				<li>VCE_Chirashizushi</li>
				<li>VCE_Norimaki</li>
				<li>VCE_Uramaki</li>
				<li>VCE_Nigiri</li>
				<li>VCE_Temaki</li>
				<li>VCE_Futomaki</li>
				<li>VCE_Gunkanmaki</li>
				<li>VCE_Oshizushi</li>
				<li>soylentgreen</li>
				<li>soylentblue</li>
				<li>soylentpurple</li>
				<li>soylentred</li>
				<li>soylentyellow</li>
				<li>MealCookedMeat</li>
				<li>MealHunter</li>
				<li>AA_BlackInsectJelly</li>
				<li>AA_DisgustingMealNutrientPaste</li>
				<li>VCE_BlueCheese</li>
				<li>VCE_GowCheese</li>
				<li>VCE_InsectCheese</li>
			</keys>
			<values>
				<li>0</li>
				<li>0</li>
				<li>0</li>
				<li>0</li>
				<li>0</li>
				<li>0</li>
				<li>0</li>
				<li>0</li>
				<li>0</li>
				<li>2</li>
				<li>0</li>
				<li>0</li>
				<li>0</li>
				<li>0</li>
				<li>0</li>
				<li>0</li>
				<li>0</li>
				<li>2</li>
				<li>0</li>
				<li>0</li>
				<li>0</li>
				<li>0</li>
				<li>0</li>
				<li>0</li>
				<li>0</li>
				<li>0</li>
				<li>0</li>
				<li>0</li>
				<li>0</li>
				<li>0</li>
				<li>0</li>
				<li>0</li>
				<li>0</li>
				<li>0</li>
				<li>0</li>
				<li>0</li>
				<li>0</li>
				<li>0</li>
				<li>0</li>
				<li>0</li>
				<li>0</li>
				<li>0</li>
				<li>0</li>
				<li>0</li>
				<li>0</li>
				<li>0</li>
				<li>0</li>
				<li>0</li>
				<li>0</li>
				<li>0</li>
				<li>0</li>
				<li>0</li>
				<li>0</li>
				<li>0</li>
				<li>0</li>
				<li>0</li>
				<li>0</li>
				<li>0</li>
				<li>0</li>
				<li>0</li>
				<li>0</li>
				<li>2</li>
				<li>0</li>
				<li>0</li>
				<li>0</li>
				<li>0</li>
				<li>0</li>
				<li>0</li>
				<li>0</li>
				<li>0</li>
				<li>0</li>
				<li>0</li>
				<li>0</li>
				<li>0</li>
				<li>0</li>
				<li>0</li>
				<li>0</li>
				<li>0</li>
				<li>0</li>
				<li>0</li>
				<li>0</li>
				<li>0</li>
				<li>0</li>
				<li>0</li>
				<li>0</li>
				<li>0</li>
				<li>0</li>
				<li>0</li>
				<li>0</li>
				<li>0</li>
				<li>0</li>
				<li>0</li>
				<li>0</li>
				<li>0</li>
				<li>0</li>
				<li>0</li>
				<li>0</li>
				<li>0</li>
			</values>
		</tablelessMeals>
		<tablelessFoods>
			<keys>
				<li>Beer</li>
				<li>Ambrosia</li>
				<li>Kibble</li>
				<li>Chocolate</li>
				<li>Milk</li>
				<li>EggChickenUnfertilized</li>
				<li>EggChickenFertilized</li>
				<li>EggCobraFertilized</li>
				<li>EggIguanaFertilized</li>
				<li>EggTortoiseFertilized</li>
				<li>EggCassowaryFertilized</li>
				<li>EggEmuFertilized</li>
				<li>EggOstrichFertilized</li>
				<li>EggTurkeyFertilized</li>
				<li>EggDuckUnfertilized</li>
				<li>EggDuckFertilized</li>
				<li>EggGooseUnfertilized</li>
				<li>EggGooseFertilized</li>
				<li>RawPotatoes</li>
				<li>RawFungus</li>
				<li>RawRice</li>
				<li>RawCorn</li>
				<li>RH2_RootBeer_Muffaberg</li>
				<li>EggWoWRaptorFertilized</li>
				<li>EggWoWHawkstriderFertilized</li>
				<li>EggWoWKodoFertilized</li>
				<li>EggWoWVoidstriderFertilized</li>
				<li>EggWoWDragonhawkFertilized</li>
				<li>EggWoWMurlocFertilized</li>
				<li>EggWoWFairyDragonFertilized</li>
				<li>RE_TastyTankard</li>
				<li>RE_SerriceBrandy</li>
				<li>EggTyrannosaurusRexFertilized</li>
				<li>EggYutyrannusFertilized</li>
				<li>EggCarnotaurusFertilized</li>
				<li>EggAllosaurusFertilized</li>
				<li>EggSpinosaurusFertilized</li>
				<li>EggBaryonyxFertilized</li>
				<li>EggAnkylosaurusFertilized</li>
				<li>EggMinmiFertilized</li>
				<li>EggBrachiosaurusFertilized</li>
				<li>EggBrontosaurusFertilized</li>
				<li>EggDiplodocusFertilized</li>
				<li>EggMagyarosaurusFertilized</li>
				<li>EggUtahraptorFertilized</li>
				<li>EggDakotaraptorFertilized</li>
				<li>EggDilophosaurusFertilized</li>
				<li>EggVelociraptorFertilized</li>
				<li>EggCompsognathusFertilized</li>
				<li>EggGallimimusFertilized</li>
				<li>EggGigantoraptorFertilized</li>
				<li>EggIguanodonFertilized</li>
				<li>EggPachycephalosaurusFertilized</li>
				<li>EggStygimolochFertilized</li>
				<li>EggDryosaurusFertilized</li>
				<li>EggDryosaurusUnfertilized</li>
				<li>EggParasaurFertilized</li>
				<li>EggCorythosaurusFertilized</li>
				<li>EggDeinocheirusFertilized</li>
				<li>EggTherizinosaurusFertilized</li>
				<li>EggStegosaurusFertilized</li>
				<li>EggTriceratopsFertilized</li>
				<li>EggProtoceratopsFertilized</li>
				<li>EggQuetzalcoatlusFertilized</li>
				<li>EggPteranodonFertilized</li>
				<li>EggPteranodonUnfertilized</li>
				<li>ThrumboMilk</li>
				<li>AEXP_EggCrocodileUnfertilized</li>
				<li>AEXP_EggCrocodileFertilized</li>
				<li>AEXP_EggDesertTortoiseUnfertilized</li>
				<li>AEXP_EggDesertTortoiseFertilized</li>
				<li>AEXP_EggGilaMonsterUnfertilized</li>
				<li>AEXP_EggGilaMonsterFertilized</li>
				<li>AEXP_EggRattlesnakeUnfertilized</li>
				<li>AEXP_EggRattlesnakeFertilized</li>
				<li>AEXP_EggPenguinFertilized</li>
				<li>AEXP_EggMoaFertilized</li>
				<li>AEXP_EggRockhopperPenguinFertilized</li>
				<li>AEXP_RawFish</li>
				<li>VAECaves_CaveCrawlerEggFertilized</li>
				<li>AEXP_EggPlatypusFertilized</li>
				<li>VCEF_RawAnchovy</li>
				<li>VCEF_RawAngelfish</li>
				<li>VCEF_RawAnglerfish</li>
				<li>VCEF_RawBass</li>
				<li>VCEF_RawCatfish</li>
				<li>VCEF_RawClownfish</li>
				<li>VCEF_RawCod</li>
				<li>VCEF_RawEel</li>
				<li>VCEF_RawGoldfish</li>
				<li>VCEF_RawGuppy</li>
				<li>VCEF_RawHaddock</li>
				<li>VCEF_RawHalibut</li>
				<li>VCEF_RawHerring</li>
				<li>VCEF_RawKoi</li>
				<li>VCEF_RawLobster</li>
				<li>VCEF_RawMackerel</li>
				<li>VCEF_RawMinnow</li>
				<li>VCEF_RawPerch</li>
				<li>VCEF_RawPiranha</li>
				<li>VCEF_RawPufferfish</li>
				<li>VCEF_RawSalmon</li>
				<li>VCEF_RawSprat</li>
				<li>VCEF_RawSwordfish</li>
				<li>VCEF_RawTrout</li>
				<li>VCEF_RawTuna</li>
				<li>VFEI_RoyalInsectJelly</li>
				<li>VFEI_InsectMilk</li>
				<li>VFEI_EggInsectoidUnfertilized</li>
				<li>Chemshine</li>
				<li>VFEV_Mead</li>
				<li>VFEV_Sweetroll</li>
				<li>VFEV_Honey</li>
				<li>VFEM_ProcessedMeat</li>
				<li>VFEP_Rum</li>
				<li>VFEM_Wine</li>
				<li>VFEM_RawGrapes</li>
				<li>RawStikehr</li>
				<li>FF_UltraviolettFruit</li>
				<li>RawCocoaBeans</li>
				<li>RG_RawCactus</li>
				<li>RG_RawRaspberries</li>
				<li>RG-WF_DeathclawEggFertilized</li>
				<li>RG-TF_Alastair</li>
				<li>RG-EAP_DrakEgg</li>
				<li>RG-EAP_DodoEggUnfertilized</li>
				<li>RG-EAP_DodoEggFertilized</li>
				<li>RG-EAP_WoollyMammothMilk</li>
				<li>RG-D_RawDragonFruits</li>
				<li>RG_ArcticLuizicusEggUnfertilized</li>
				<li>RG_ArcticLuizicusEggFertilized</li>
				<li>RG_DrakEggUnfertilized</li>
				<li>RG_DrakEggFertilized</li>
				<li>RG_DodoEggUnfertilized</li>
				<li>RG_DodoEggFertilized</li>
				<li>RG_ThrinaxodonEggUnfertilized</li>
				<li>RG_ThrinaxodonEggFertilized</li>
				<li>RG_EggTerrorBirdUnfertilized</li>
				<li>RG_EggTerrorBirdFertilized</li>
				<li>RG_EggWoollyStegosaurusUnfertilized</li>
				<li>RG_EggWoollyStegosaurusFertilized</li>
				<li>RG_EggVelociraptorFertilized</li>
				<li>VCE_RawApple</li>
				<li>VCE_RawPeach</li>
				<li>VCE_RawCherry</li>
				<li>VCE_RawPlum</li>
				<li>VCE_RawPear</li>
				<li>VCE_RawPricklyPear</li>
				<li>VCE_Bearberry</li>
				<li>VCE_RawBanana</li>
				<li>VCE_RawOrange</li>
				<li>VCE_RawOnion</li>
				<li>VCE_RawPumpkin</li>
				<li>VCE_RawPepper</li>
				<li>VCE_RawPeas</li>
				<li>VCE_RawEggplant</li>
				<li>VCE_RawCabbage</li>
				<li>VCE_RawBeets</li>
				<li>VCE_RawTomatoes</li>
				<li>Silage</li>
				<li>RawAgave</li>
				<li>RawBerries</li>
				<li>Rawbanana</li>
				<li>Raworange</li>
				<li>Rawpineapple</li>
				<li>Rawblueberry</li>
				<li>Rawwatermelon</li>
				<li>Rawdate</li>
				<li>Rawfig</li>
				<li>Rawgooseberry</li>
				<li>Rawcloudberry</li>
				<li>RawCherry</li>
				<li>RawCoconut</li>
				<li>Honey</li>
				<li>Mead</li>
				<li>Rawmushroom</li>
				<li>Rawsnowbeet</li>
				<li>RawBarley</li>
				<li>RawOlive</li>
				<li>RawCactusFruit</li>
				<li>Rawwheat</li>
				<li>Sugar</li>
				<li>VeganEgg</li>
				<li>Rawtofu</li>
				<li>RawPolenta</li>
				<li>PickledVeg</li>
				<li>Rawapple</li>
				<li>Rawpeach</li>
				<li>RawBlueCorn</li>
				<li>Rawbean</li>
				<li>RawRedLentil</li>
				<li>Raweggplant</li>
				<li>Rawpumpkin</li>
				<li>Rawsquash</li>
				<li>RawTomatoes</li>
				<li>RawCarrots</li>
				<li>RawKiwi</li>
				<li>RawMango</li>
				<li>RawAvocado</li>
				<li>VBE_Cider</li>
				<li>VBE_AmbrandyAwful</li>
				<li>VBE_AmbrandyPoor</li>
				<li>VBE_AmbrandyNormal</li>
				<li>VBE_AmbrandyGood</li>
				<li>VBE_AmbrandyExcellent</li>
				<li>VBE_AmbrandyMasterwork</li>
				<li>VBE_AmbrandyLegendary</li>
				<li>VBE_Gin</li>
				<li>VBE_Tequila</li>
				<li>VBE_Vodka</li>
				<li>VBE_Whiskey</li>
				<li>VBE_DoubleWhiskey</li>
				<li>VBE_HotCoffee</li>
				<li>VBE_IceCoffee</li>
				<li>VBE_EnergyDrink</li>
				<li>VBE_Juice</li>
				<li>VBE_Soda</li>
				<li>VBE_Tea</li>
				<li>VBE_SimpleCocktail</li>
				<li>VBE_FineCocktail</li>
				<li>VBE_LavishCocktail</li>
				<li>VBE_GourmetCocktail</li>
				<li>VBE_DalgonaCoffee</li>
				<li>VBE_GreenTea</li>
				<li>VBE_MasalaChai</li>
				<li>VBE_MintCoffee</li>
				<li>VBE_MintTea</li>
				<li>VBE_NoonChai</li>
				<li>VBE_EarlGreyTea</li>
				<li>VBE_LemonCoffee</li>
				<li>VBE_Lemonade</li>
				<li>VBE_LemonTea</li>
				<li>VCE_RawLemon</li>
				<li>VBE_BlackTea</li>
				<li>VBE_CannibalCoffee</li>
				<li>VBE_IrishCoffee</li>
				<li>VBE_Kombucha</li>
				<li>VBE_LatteCoffee</li>
				<li>VBE_MochaCoffee</li>
				<li>VBE_PumpkinCoffee</li>
				<li>VBE_Yuenyeung</li>
				<li>VCE_DeepFriedBigMeat</li>
				<li>VCE_DeepFriedVegetables</li>
				<li>VCE_DeepFriedFish</li>
				<li>VCE_SimpleDessert</li>
				<li>VCE_FineDessert</li>
				<li>VCE_LavishDessert</li>
				<li>VCE_GourmetDessert</li>
				<li>VCE_DeepFriedSushi</li>
				<li>VCE_HumanSurimi</li>
				<li>VCE_RawSoybean</li>
				<li>VCE_RawWasabi</li>
				<li>EggArchostrichFertilized</li>
				<li>EggArchostrichUnfertilized</li>
				<li>EggArchotortoiseFertilized</li>
				<li>RawVanoroot</li>
				<li>HumpShroom</li>
				<li>UsedCondom</li>
				<li>RJW_EggUnfertilized</li>
				<li>RJW_EggFertilized</li>
				<li>RJW_EggInsectUnfertilized</li>
				<li>RJW_EggInsectFertilized</li>
				<li>TFMilk</li>
				<li>TFEgg</li>
				<li>EggAnjanathFertilized</li>
				<li>EggAptonothFertilized</li>
				<li>EggKutKuFertilized</li>
				<li>EggApcerosFertilized</li>
				<li>EggKestodonFertilized</li>
				<li>EggVelocidromeFertilized</li>
				<li>EggGastodonFertilized</li>
				<li>EggBarrothFertilized</li>
				<li>EggNargacugaFertilized</li>
				<li>EggTigrexFertilized</li>
				<li>EggBazelFertilized</li>
				<li>EggDeviljhoFertilized</li>
				<li>EggDiablosFertilized</li>
				<li>EggDodogamaFertilized</li>
				<li>EggGenpreyFertilized</li>
				<li>EggGiapreyFertilized</li>
				<li>EggGirrosFertilized</li>
				<li>EggGGirrosFertilized</li>
				<li>EggJagrasFertilized</li>
				<li>EggJaggiFertilized</li>
				<li>EggShamosFertilized</li>
				<li>EggGJagrasFertilized</li>
				<li>EggJyuraFertilized</li>
				<li>EggKuluFertilized</li>
				<li>EggKushalaFertilized</li>
				<li>EggVaalFertilized</li>
				<li>EggLavasiothFertilized</li>
				<li>EggLegianaFertilized</li>
				<li>EggMizutsuneFertilized</li>
				<li>EggPlesiothFertilized</li>
				<li>EggTesukaFertilized</li>
				<li>EggNergiganteFertilized</li>
				<li>EggVelkhanaFertilized</li>
				<li>EggKulveFertilized</li>
				<li>EggOdogaronFertilized</li>
				<li>EggPaolumuFertilized</li>
				<li>EggPukeiFertilized</li>
				<li>EggRathFertilized</li>
				<li>EggRhenoplosFertilized</li>
				<li>EggSlagtothFertilized</li>
				<li>EggTobiFertilized</li>
				<li>EggTzitziFertilized</li>
				<li>EggZinogreFertilized</li>
				<li>EggZamtriosFertilized</li>
				<li>EggGlavenusFertilized</li>
				<li>AA_BumbledroneQueenEggFertilized</li>
				<li>AA_WildpodSpores</li>
				<li>AA_AgaripodSpores</li>
				<li>AA_MycoidColossusSpores</li>
				<li>AA_WildpawnSpores</li>
				<li>AA_AgaripawnSpores</li>
				<li>AA_IronhuskEggUnfertilized</li>
				<li>AA_IronhuskEggFertilized</li>
				<li>AA_MammothWormEggUnfertilized</li>
				<li>AA_MammothWormEggFertilized</li>
				<li>AA_CrepuscularBeetleEggUnfertilized</li>
				<li>AA_CrepuscularBeetleEggFertilized</li>
				<li>AA_GreatDevourerEggUnfertilized</li>
				<li>AA_GreatDevourerEggFertilized</li>
				<li>AA_MegalouseEggUnfertilized</li>
				<li>AA_MegalouseEggFertilized</li>
				<li>AA_BedBugEggUnfertilized</li>
				<li>AA_BedBugEggFertilized</li>
				<li>AA_AnimaliskEggFertilized</li>
				<li>AA_FeraliskEggUnfertilized</li>
				<li>AA_FeraliskEggFertilized</li>
				<li>AA_DunealiskEggUnfertilized</li>
				<li>AA_BlizzariskEggUnfertilized</li>
				<li>AA_JungleliskEggUnfertilized</li>
				<li>AA_CinderliskEggUnfertilized</li>
				<li>AA_EggNightlingFertilized</li>
				<li>AA_EggMeadowAveFertilized</li>
				<li>AA_EggDesertAveFertilized</li>
				<li>AA_EggNightAveFertilized</li>
				<li>AA_EggRoyalAveFertilized</li>
				<li>AA_EggRoughPlatedMonitorFertilized</li>
				<li>AA_AtispecEggFertilized</li>
				<li>AA_AngelMothEggFertilized</li>
				<li>AA_DrainerEggFertilized</li>
				<li>AA_FireWaspEggFertilized</li>
				<li>AA_FireWaspEggUnfertilized</li>
				<li>AA_EggFlamingoPhoenixFertilized</li>
				<li>AA_EggCrescendoAnoleFertilized</li>
				<li>AA_EggPedigreedRaptorFertilized</li>
				<li>AA_EmpressButterflyEggFertilized</li>
				<li>AA_EggGiantCrownedSilkieUnfertilized</li>
				<li>AA_EggGiantCrownedSilkieFertilized</li>
				<li>AA_AerofleetMeat</li>
				<li>AA_OcularJellyMeat</li>
				<li>AB_RawRedSlime</li>
				<li>AA_CactusMeat</li>
				<li>AA_BlueMilk</li>
				<li>AA_GowMilk</li>
				<li>AA_AgariluxRawFungus</li>
				<li>AA_RottingMoundItem</li>
				<li>AA_RottingMound</li>
				<li>TM_RawPomanasyrrium</li>
				<li>TM_RawPomanaMash</li>
				<li>VFEM_SmokedFish</li>
				<li>Meat_Bear_Grizzly</li>
				<li>Meat_Cassowary</li>
				<li>Meat_Cougar</li>
				<li>Meat_Panther</li>
				<li>Meat_Lynx</li>
				<li>Meat_Cat</li>
				<li>Meat_YorkshireTerrier</li>
				<li>Meat_GuineaPig</li>
				<li>Meat_LabradorRetriever</li>
				<li>Meat_Husky</li>
				<li>Meat_Monkey</li>
				<li>Meat_Chicken</li>
				<li>Meat_Duck</li>
				<li>Meat_Turkey</li>
				<li>Meat_Cow</li>
				<li>Meat_Boomalope</li>
				<li>Meat_Muffalo</li>
				<li>Meat_Bison</li>
				<li>Meat_Dromedary</li>
				<li>Meat_Goat</li>
				<li>Meat_Elk</li>
				<li>Meat_Yak</li>
				<li>Meat_Caribou</li>
				<li>Meat_Horse</li>
				<li>Meat_Donkey</li>
				<li>Meat_Elephant</li>
				<li>Meat_Rhinoceros</li>
				<li>Meat_Hare</li>
				<li>Meat_Megaspider</li>
				<li>Meat_Thrumbo</li>
				<li>Meat_Cobra</li>
				<li>Meat_Tortoise</li>
				<li>Meat_Alphabeaver</li>
				<li>Meat_Pig</li>
				<li>Meat_Ibex</li>
				<li>Meat_Deer</li>
				<li>Meat_Gazelle</li>
				<li>Meat_Chinchilla</li>
				<li>Meat_Sheep</li>
				<li>Meat_Alpaca</li>
				<li>Meat_Megasloth</li>
				<li>Meat_Capybara</li>
				<li>Meat_Squirrel</li>
				<li>Meat_Rat</li>
				<li>Meat_Boomrat</li>
				<li>Meat_Raccoon</li>
				<li>Meat_Iguana</li>
				<li>Meat_Warg</li>
				<li>Meat_Wolf_Timber</li>
				<li>Meat_Fox_Fennec</li>
				<li>Meat_Human</li>
				<li>Meat_Dryad_Basic</li>
				<li>Meat_WoW_Animal_Direwolf</li>
				<li>Meat_WoW_Animal_Dragonhawk</li>
				<li>Meat_WoW_Animal_Elekk</li>
				<li>Meat_WoW_Animal_FairyDragon</li>
				<li>Meat_WoW_Animal_Forsakenhorse</li>
				<li>Meat_WoW_Animal_EpicForsakenhorse</li>
				<li>Meat_WoW_Animal_Frostsaber</li>
				<li>Meat_WoW_Animal_Frostwolf</li>
				<li>Meat_WoW_Animal_Hawkstrider</li>
				<li>Meat_WoW_Animal_Horse</li>
				<li>Meat_WoW_Animal_Kodo</li>
				<li>Meat_WoW_Animal_Manasaber</li>
				<li>Meat_WoW_Animal_Mastiff</li>
				<li>Meat_WoW_Animal_Murloc</li>
				<li>Meat_WoW_Animal_Nightsaber</li>
				<li>Meat_WoW_Animal_Ram</li>
				<li>Meat_WoW_Animal_Raptor</li>
				<li>Meat_WoW_Animal_Talbuk</li>
				<li>Meat_WoW_Animal_Unicorn</li>
				<li>Meat_WoW_Animal_Voidstrider</li>
				<li>Meat_RE_Pyjak</li>
				<li>Meat_RE_Varren</li>
				<li>Meat_RE_SpaceCow</li>
				<li>Meat_RE_Drell</li>
				<li>Meat_RE_Asari</li>
				<li>Meat_RE_Husk_Banshee</li>
				<li>Meat_RE_Husk_Goliath</li>
				<li>Meat_RE_Husk_Ravager</li>
				<li>Meat_RE_Husk_Husk</li>
				<li>Meat_RE_Husk_Swarmer</li>
				<li>Meat_RE_Husk_Cannibal</li>
				<li>Meat_RE_Husk_Marauder</li>
				<li>Meat_RE_Husk_Brute</li>
				<li>Meat_RE_Husk_Colossus</li>
				<li>Meat_Bion_Base</li>
				<li>Meat_Mutant_Ogron</li>
				<li>Meat_Mutant_Twisted</li>
				<li>Meat_Mutant_Shadark</li>
				<li>Meat_Mutant_Razortooth</li>
				<li>Meat_TyrannosaurusRex</li>
				<li>Meat_Yutyrannus</li>
				<li>Meat_Carnotaurus</li>
				<li>Meat_Allosaurus</li>
				<li>Meat_Spinosaurus</li>
				<li>Meat_Baryonyx</li>
				<li>Meat_Ankylosaurus</li>
				<li>Meat_Minmi</li>
				<li>Meat_Brachiosaurus</li>
				<li>Meat_Brontosaurus</li>
				<li>Meat_Diplodocus</li>
				<li>Meat_Magyarosaurus</li>
				<li>Meat_Utahraptor</li>
				<li>Meat_Dakotaraptor</li>
				<li>Meat_Dilophosaurus</li>
				<li>Meat_Velociraptor</li>
				<li>Meat_Compsognathus</li>
				<li>Meat_Gallimimus</li>
				<li>Meat_Gigantoraptor</li>
				<li>Meat_Iguanodon</li>
				<li>Meat_Parasaur</li>
				<li>Meat_Corythosaurus</li>
				<li>Meat_Deinocheirus</li>
				<li>Meat_Therizinosaurus</li>
				<li>Meat_Pachycephalosaurus</li>
				<li>Meat_Stygimoloch</li>
				<li>Meat_Dryosaurus</li>
				<li>Meat_Stegosaurus</li>
				<li>Meat_Triceratops</li>
				<li>Meat_Protoceratops</li>
				<li>Meat_Quetzalcoatlus</li>
				<li>Meat_Pteranodon</li>
				<li>Meat_AEXP_Beagle</li>
				<li>Meat_AEXP_Giraffe</li>
				<li>Meat_AEXP_Hippopotamus</li>
				<li>Meat_AEXP_Crocodile</li>
				<li>Meat_AEXP_Cheetah</li>
				<li>Meat_AEXP_Hyena</li>
				<li>Meat_AEXP_Lion</li>
				<li>Meat_AEXP_Muskox</li>
				<li>Meat_AEXP_Moose</li>
				<li>Meat_AEXP_MegaWolverine</li>
				<li>Meat_AEXP_Porcupine</li>
				<li>Meat_AEXP_Seal</li>
				<li>Meat_AEXP_Otter</li>
				<li>Meat_AEXP_BlackFootedFerret</li>
				<li>Meat_AEXP_Bonobo</li>
				<li>Meat_AEXP_TasmanianDevil</li>
				<li>Meat_AEXP_Thylacine</li>
				<li>Meat_AEXP_Pangolin</li>
				<li>Meat_VAECaves_Wyrm</li>
				<li>Meat_AEXP_Kangaroo</li>
				<li>Meat_AEXP_Koala</li>
				<li>Meat_AEXP_Platypus</li>
				<li>Meat_VFEV_Fenrir</li>
				<li>Meat_VFEV_Lothurr</li>
				<li>Meat_VFEV_Njorun</li>
				<li>Meat_VFEV_Wolfhound</li>
				<li>Meat_NightlingF</li>
				<li>Meat_Alien_Forsaken</li>
				<li>Meat_Hiver_Worker</li>
				<li>Meat_Shek_</li>
				<li>Meat_RG-WF_WastelandDeer</li>
				<li>Meat_RG-WF_WastelandSquirrel</li>
				<li>Meat_RG-WF_WastelandBeaver</li>
				<li>Meat_RG-WF_WastelandBear</li>
				<li>Meat_RG-WF_WastelandDeathclaw</li>
				<li>Meat_RG-EAP_WoollyMammoth</li>
				<li>Meat_RG-EAP_WoollyRhinoceros</li>
				<li>Meat_RG-EAP-Protoceratidae</li>
				<li>Meat_RG-EAP_ArcticDrak</li>
				<li>Meat_RG_WoollyMammoth</li>
				<li>Meat_RG_WoollyRhinoceros</li>
				<li>Meat_RG_WoollyStegosaurus</li>
				<li>Meat_RG_SabertoothSquirrel</li>
				<li>Meat_RG_Protoceratidae</li>
				<li>Meat_RG_ArcticDrak</li>
				<li>Meat_RG_ArcticLuizicus</li>
				<li>Meat_RG_Megalenhydris</li>
				<li>Meat_RG_Velociraptor</li>
				<li>Meat_SoSHologramRace</li>
				<li>Meat_Chaocow</li>
				<li>Meat_SnakeMorph</li>
				<li>Meat_EtherHellhound</li>
				<li>Meat_KuluYaKu</li>
				<li>Meat_Genprey</li>
				<li>Meat_Velociprey</li>
				<li>Meat_Giaprey</li>
				<li>Meat_TzitziYaKu</li>
				<li>Meat_PukeiPukei</li>
				<li>Meat_YianKutKu</li>
				<li>Meat_Barroth</li>
				<li>Meat_Deviljho</li>
				<li>Meat_Jyuratodus</li>
				<li>Meat_Plesioth</li>
				<li>Meat_Lavasioth</li>
				<li>Meat_Anjanath</li>
				<li>Meat_Glavenus</li>
				<li>Meat_KushalaDaora</li>
				<li>Meat_Tesuka</li>
				<li>Meat_Nergigante</li>
				<li>Meat_Kirin</li>
				<li>Meat_KulveTarothNaked</li>
				<li>Meat_Velkhana</li>
				<li>Meat_VaalHazak</li>
				<li>Meat_TobiKadachi</li>
				<li>Meat_GreatJagras</li>
				<li>Meat_GreatGirros</li>
				<li>Meat_Dodogama</li>
				<li>Meat_Odogaron</li>
				<li>Meat_Mizutsune</li>
				<li>Meat_Zinogre</li>
				<li>Meat_Zamtrios</li>
				<li>Meat_Rath</li>
				<li>Meat_Bazelgeuse</li>
				<li>Meat_Legiana</li>
				<li>Meat_Diablos</li>
				<li>Meat_Paolumu</li>
				<li>Meat_Nargacuga</li>
				<li>Meat_Tigrex</li>
				<li>Meat_Jagras</li>
				<li>Meat_Girros</li>
				<li>Meat_Aptonoth</li>
				<li>Meat_Rhenoplos</li>
				<li>Meat_Slagtoth</li>
				<li>Meat_Kelbi</li>
				<li>Meat_Jaggi</li>
				<li>Meat_Kestodon</li>
				<li>Meat_Gastodon</li>
				<li>Meat_Apceros</li>
				<li>Meat_Shamos</li>
				<li>Meat_AA_AerofleetMorph</li>
				<li>Meat_AA_HelixienMorph</li>
				<li>Meat_AA_ArcticLion</li>
				<li>Meat_AA_Atispec</li>
				<li>Meat_AA_BoulderMit</li>
				<li>Meat_AA_DevilSheep</li>
				<li>Meat_AA_Frostling</li>
				<li>Meat_AA_Gallatross</li>
				<li>Meat_AA_Gigantelope</li>
				<li>Meat_AA_Groundrunner</li>
				<li>Meat_AA_Helixien</li>
				<li>Meat_AA_MeadowAve</li>
				<li>Meat_AA_NightMule</li>
				<li>Meat_AA_Nightling</li>
				<li>Meat_AA_OvergrownColossus</li>
				<li>Meat_AA_RaptorShrimp</li>
				<li>Meat_AA_Razorjack</li>
				<li>Meat_AA_RipperHound</li>
				<li>Meat_AA_RoughPlatedMonitor</li>
				<li>Meat_AA_SandSquid</li>
				<li>Meat_AA_Skyeel</li>
				<li>Meat_TM_HollowGolem</li>
				<li>Meat_TM_DemonR</li>
				<li>Meat_TM_LesserDemonR</li>
				<li>Meat_TM_Dire_WolfR</li>
				<li>Meat_TM_LesserEarth_ElementalR</li>
				<li>Meat_TM_Earth_ElementalR</li>
				<li>Meat_TM_GreaterEarth_ElementalR</li>
				<li>Meat_TM_LesserFire_ElementalR</li>
				<li>Meat_TM_Fire_ElementalR</li>
				<li>Meat_TM_GreaterFire_ElementalR</li>
				<li>Meat_TM_LesserWater_ElementalR</li>
				<li>Meat_TM_Water_ElementalR</li>
				<li>Meat_TM_GreaterWater_ElementalR</li>
				<li>Meat_TM_LesserWind_ElementalR</li>
				<li>Meat_TM_Wind_ElementalR</li>
				<li>Meat_TM_GreaterWind_ElementalR</li>
				<li>Meat_TM_MinionR</li>
				<li>Meat_TM_GreaterMinionR</li>
				<li>Meat_TM_Lesser_SentinelR</li>
				<li>Meat_TM_SentinelR</li>
				<li>Meat_TM_Greater_SentinelR</li>
				<li>Meat_TM_SkeletonLichR</li>
				<li>Meat_TM_GiantSkeletonR</li>
				<li>Meat_TM_SkeletonR</li>
				<li>Meat_TM_SpiritBearR</li>
				<li>Meat_TM_SpiritMongooseR</li>
				<li>Meat_TM_SpiritCrowR</li>
				<li>Meat_TM_SpiritWolfR</li>
				<li>Meat_TM_Poppi</li>
			</keys>
			<values>
				<li>1</li>
				<li>1</li>
				<li>1</li>
				<li>1</li>
				<li>0</li>
				<li>0</li>
				<li>0</li>
				<li>0</li>
				<li>0</li>
				<li>0</li>
				<li>0</li>
				<li>0</li>
				<li>0</li>
				<li>0</li>
				<li>0</li>
				<li>0</li>
				<li>0</li>
				<li>0</li>
				<li>1</li>
				<li>0</li>
				<li>0</li>
				<li>1</li>
				<li>0</li>
				<li>0</li>
				<li>0</li>
				<li>0</li>
				<li>0</li>
				<li>0</li>
				<li>0</li>
				<li>0</li>
				<li>1</li>
				<li>1</li>
				<li>0</li>
				<li>0</li>
				<li>0</li>
				<li>0</li>
				<li>0</li>
				<li>0</li>
				<li>0</li>
				<li>0</li>
				<li>0</li>
				<li>0</li>
				<li>0</li>
				<li>0</li>
				<li>0</li>
				<li>0</li>
				<li>0</li>
				<li>0</li>
				<li>0</li>
				<li>0</li>
				<li>0</li>
				<li>0</li>
				<li>0</li>
				<li>0</li>
				<li>0</li>
				<li>0</li>
				<li>0</li>
				<li>0</li>
				<li>0</li>
				<li>0</li>
				<li>0</li>
				<li>0</li>
				<li>0</li>
				<li>0</li>
				<li>0</li>
				<li>0</li>
				<li>1</li>
				<li>0</li>
				<li>0</li>
				<li>0</li>
				<li>0</li>
				<li>0</li>
				<li>0</li>
				<li>0</li>
				<li>0</li>
				<li>0</li>
				<li>0</li>
				<li>0</li>
				<li>0</li>
				<li>0</li>
				<li>0</li>
				<li>0</li>
				<li>0</li>
				<li>0</li>
				<li>0</li>
				<li>0</li>
				<li>0</li>
				<li>0</li>
				<li>0</li>
				<li>0</li>
				<li>0</li>
				<li>0</li>
				<li>0</li>
				<li>0</li>
				<li>0</li>
				<li>0</li>
				<li>0</li>
				<li>0</li>
				<li>0</li>
				<li>0</li>
				<li>0</li>
				<li>0</li>
				<li>0</li>
				<li>0</li>
				<li>0</li>
				<li>0</li>
				<li>1</li>
				<li>0</li>
				<li>0</li>
				<li>1</li>
				<li>1</li>
				<li>0</li>
				<li>0</li>
				<li>0</li>
				<li>1</li>
				<li>1</li>
				<li>1</li>
				<li>1</li>
				<li>1</li>
				<li>0</li>
				<li>1</li>
				<li>1</li>
				<li>0</li>
				<li>0</li>
				<li>0</li>
				<li>0</li>
				<li>0</li>
				<li>0</li>
				<li>1</li>
				<li>0</li>
				<li>0</li>
				<li>0</li>
				<li>0</li>
				<li>0</li>
				<li>0</li>
				<li>0</li>
				<li>0</li>
				<li>0</li>
				<li>0</li>
				<li>0</li>
				<li>0</li>
				<li>0</li>
				<li>1</li>
				<li>1</li>
				<li>1</li>
				<li>1</li>
				<li>1</li>
				<li>1</li>
				<li>1</li>
				<li>1</li>
				<li>1</li>
				<li>1</li>
				<li>1</li>
				<li>1</li>
				<li>1</li>
				<li>1</li>
				<li>1</li>
				<li>1</li>
				<li>1</li>
				<li>0</li>
				<li>1</li>
				<li>1</li>
				<li>1</li>
				<li>1</li>
				<li>1</li>
				<li>1</li>
				<li>1</li>
				<li>1</li>
				<li>1</li>
				<li>1</li>
				<li>1</li>
				<li>1</li>
				<li>1</li>
				<li>0</li>
				<li>1</li>
				<li>1</li>
				<li>1</li>
				<li>0</li>
				<li>1</li>
				<li>1</li>
				<li>0</li>
				<li>0</li>
				<li>0</li>
				<li>0</li>
				<li>0</li>
				<li>1</li>
				<li>1</li>
				<li>1</li>
				<li>1</li>
				<li>1</li>
				<li>1</li>
				<li>1</li>
				<li>1</li>
				<li>1</li>
				<li>1</li>
				<li>1</li>
				<li>1</li>
				<li>1</li>
				<li>1</li>
				<li>1</li>
				<li>1</li>
				<li>1</li>
				<li>1</li>
				<li>1</li>
				<li>1</li>
				<li>1</li>
				<li>1</li>
				<li>1</li>
				<li>1</li>
				<li>1</li>
				<li>1</li>
				<li>1</li>
				<li>1</li>
				<li>1</li>
				<li>1</li>
				<li>1</li>
				<li>1</li>
				<li>1</li>
				<li>0</li>
				<li>0</li>
				<li>0</li>
				<li>0</li>
				<li>1</li>
				<li>1</li>
				<li>1</li>
				<li>1</li>
				<li>1</li>
				<li>1</li>
				<li>1</li>
				<li>1</li>
				<li>1</li>
				<li>1</li>
				<li>1</li>
				<li>1</li>
				<li>1</li>
				<li>1</li>
				<li>1</li>
				<li>1</li>
				<li>1</li>
				<li>1</li>
				<li>1</li>
				<li>0</li>
				<li>0</li>
				<li>0</li>
				<li>1</li>
				<li>1</li>
				<li>1</li>
				<li>1</li>
				<li>0</li>
				<li>0</li>
				<li>1</li>
				<li>1</li>
				<li>0</li>
				<li>0</li>
				<li>0</li>
				<li>1</li>
				<li>1</li>
				<li>0</li>
				<li>0</li>
				<li>0</li>
				<li>0</li>
				<li>0</li>
				<li>0</li>
				<li>0</li>
				<li>0</li>
				<li>0</li>
				<li>0</li>
				<li>0</li>
				<li>0</li>
				<li>0</li>
				<li>0</li>
				<li>0</li>
				<li>0</li>
				<li>0</li>
				<li>0</li>
				<li>0</li>
				<li>0</li>
				<li>0</li>
				<li>0</li>
				<li>0</li>
				<li>0</li>
				<li>0</li>
				<li>0</li>
				<li>0</li>
				<li>0</li>
				<li>0</li>
				<li>0</li>
				<li>0</li>
				<li>0</li>
				<li>0</li>
				<li>0</li>
				<li>0</li>
				<li>0</li>
				<li>0</li>
				<li>0</li>
				<li>0</li>
				<li>0</li>
				<li>0</li>
				<li>0</li>
				<li>0</li>
				<li>0</li>
				<li>0</li>
				<li>0</li>
				<li>0</li>
				<li>0</li>
				<li>0</li>
				<li>0</li>
				<li>0</li>
				<li>0</li>
				<li>0</li>
				<li>0</li>
				<li>0</li>
				<li>0</li>
				<li>0</li>
				<li>0</li>
				<li>0</li>
				<li>0</li>
				<li>0</li>
				<li>0</li>
				<li>0</li>
				<li>0</li>
				<li>0</li>
				<li>0</li>
				<li>0</li>
				<li>0</li>
				<li>0</li>
				<li>0</li>
				<li>0</li>
				<li>0</li>
				<li>0</li>
				<li>0</li>
				<li>0</li>
				<li>0</li>
				<li>0</li>
				<li>0</li>
				<li>0</li>
				<li>0</li>
				<li>0</li>
				<li>0</li>
				<li>0</li>
				<li>0</li>
				<li>0</li>
				<li>0</li>
				<li>0</li>
				<li>0</li>
				<li>0</li>
				<li>0</li>
				<li>0</li>
				<li>0</li>
				<li>0</li>
				<li>0</li>
				<li>0</li>
				<li>0</li>
				<li>1</li>
				<li>1</li>
				<li>0</li>
				<li>0</li>
				<li>1</li>
				<li>0</li>
				<li>0</li>
				<li>1</li>
				<li>1</li>
				<li>0</li>
				<li>0</li>
				<li>0</li>
				<li>0</li>
				<li>0</li>
				<li>0</li>
				<li>0</li>
				<li>0</li>
				<li>0</li>
				<li>0</li>
				<li>0</li>
				<li>0</li>
				<li>0</li>
				<li>0</li>
				<li>0</li>
				<li>0</li>
				<li>0</li>
				<li>0</li>
				<li>0</li>
				<li>0</li>
				<li>0</li>
				<li>0</li>
				<li>0</li>
				<li>0</li>
				<li>0</li>
				<li>0</li>
				<li>0</li>
				<li>0</li>
				<li>0</li>
				<li>0</li>
				<li>0</li>
				<li>0</li>
				<li>0</li>
				<li>0</li>
				<li>0</li>
				<li>0</li>
				<li>0</li>
				<li>0</li>
				<li>0</li>
				<li>0</li>
				<li>0</li>
				<li>0</li>
				<li>0</li>
				<li>0</li>
				<li>0</li>
				<li>0</li>
				<li>0</li>
				<li>0</li>
				<li>0</li>
				<li>0</li>
				<li>0</li>
				<li>0</li>
				<li>0</li>
				<li>0</li>
				<li>0</li>
				<li>0</li>
				<li>0</li>
				<li>0</li>
				<li>0</li>
				<li>0</li>
				<li>0</li>
				<li>0</li>
				<li>0</li>
				<li>0</li>
				<li>0</li>
				<li>0</li>
				<li>0</li>
				<li>0</li>
				<li>0</li>
				<li>0</li>
				<li>0</li>
				<li>0</li>
				<li>0</li>
				<li>0</li>
				<li>0</li>
				<li>0</li>
				<li>0</li>
				<li>0</li>
				<li>0</li>
				<li>0</li>
				<li>0</li>
				<li>0</li>
				<li>0</li>
				<li>0</li>
				<li>0</li>
				<li>0</li>
				<li>0</li>
				<li>0</li>
				<li>0</li>
				<li>0</li>
				<li>0</li>
				<li>0</li>
				<li>0</li>
				<li>0</li>
				<li>0</li>
				<li>0</li>
				<li>0</li>
				<li>0</li>
				<li>0</li>
				<li>0</li>
				<li>0</li>
				<li>0</li>
				<li>0</li>
				<li>0</li>
				<li>0</li>
				<li>0</li>
				<li>0</li>
				<li>0</li>
				<li>0</li>
				<li>0</li>
				<li>0</li>
				<li>0</li>
				<li>0</li>
				<li>0</li>
				<li>0</li>
				<li>0</li>
				<li>0</li>
				<li>0</li>
				<li>0</li>
				<li>0</li>
				<li>0</li>
				<li>0</li>
				<li>0</li>
				<li>0</li>
				<li>0</li>
				<li>0</li>
				<li>0</li>
				<li>0</li>
				<li>0</li>
				<li>0</li>
				<li>0</li>
				<li>0</li>
				<li>0</li>
				<li>0</li>
				<li>0</li>
				<li>0</li>
				<li>0</li>
				<li>0</li>
				<li>0</li>
				<li>0</li>
				<li>0</li>
				<li>0</li>
				<li>0</li>
				<li>0</li>
				<li>0</li>
				<li>0</li>
				<li>0</li>
				<li>0</li>
				<li>0</li>
				<li>0</li>
				<li>0</li>
				<li>0</li>
				<li>0</li>
				<li>0</li>
				<li>0</li>
				<li>0</li>
				<li>0</li>
				<li>0</li>
				<li>0</li>
				<li>0</li>
				<li>0</li>
				<li>0</li>
				<li>0</li>
				<li>0</li>
				<li>0</li>
				<li>0</li>
				<li>0</li>
				<li>0</li>
				<li>0</li>
				<li>0</li>
				<li>0</li>
				<li>0</li>
				<li>0</li>
				<li>0</li>
				<li>0</li>
				<li>0</li>
				<li>0</li>
				<li>0</li>
				<li>0</li>
				<li>0</li>
				<li>0</li>
				<li>0</li>
				<li>0</li>
				<li>0</li>
				<li>0</li>
				<li>0</li>
				<li>0</li>
				<li>0</li>
				<li>0</li>
				<li>0</li>
				<li>0</li>
				<li>0</li>
				<li>0</li>
				<li>0</li>
				<li>0</li>
				<li>0</li>
				<li>0</li>
				<li>0</li>
				<li>0</li>
				<li>0</li>
				<li>0</li>
				<li>0</li>
				<li>0</li>
				<li>0</li>
				<li>0</li>
				<li>0</li>
				<li>0</li>
				<li>0</li>
				<li>0</li>
				<li>0</li>
				<li>0</li>
				<li>0</li>
				<li>0</li>
				<li>0</li>
				<li>0</li>
				<li>0</li>
				<li>0</li>
				<li>0</li>
				<li>0</li>
				<li>0</li>
				<li>0</li>
				<li>0</li>
				<li>0</li>
				<li>0</li>
				<li>0</li>
				<li>0</li>
				<li>0</li>
				<li>0</li>
				<li>0</li>
				<li>0</li>
				<li>0</li>
				<li>0</li>
				<li>0</li>
				<li>0</li>
				<li>0</li>
				<li>0</li>
				<li>0</li>
				<li>0</li>
				<li>0</li>
				<li>0</li>
				<li>0</li>
				<li>0</li>
				<li>0</li>
				<li>0</li>
				<li>0</li>
				<li>0</li>
				<li>0</li>
				<li>0</li>
				<li>0</li>
				<li>0</li>
				<li>0</li>
				<li>0</li>
				<li>0</li>
				<li>0</li>
				<li>0</li>
				<li>0</li>
				<li>0</li>
				<li>0</li>
				<li>0</li>
				<li>0</li>
				<li>0</li>
				<li>0</li>
				<li>0</li>
				<li>0</li>
				<li>0</li>
				<li>0</li>
				<li>0</li>
				<li>0</li>
				<li>0</li>
				<li>0</li>
				<li>0</li>
				<li>0</li>
				<li>0</li>
			</values>
		</tablelessFoods>
		<foodsWithoutTable>True</foodsWithoutTable>
		<memorableLavish>True</memorableLavish>
		<cookingQuality>True</cookingQuality>
		<warmMeals>True</warmMeals>
		<leftoverMeals>True</leftoverMeals>
		<frozenMeals>True</frozenMeals>
		<warmHours>24</warmHours>
		<leftoverHours>72</leftoverHours>
		<minFreshTemp>15</minFreshTemp>
		<freshUpdate>1</freshUpdate>
	</ModSettings>
</SettingsBlock>