﻿<?xml version="1.0" encoding="utf-8"?>
<SettingsBlock>
	<ModSettings Class="HeavyWeapons.HeavyWeaponsSettings">
		<weaponStates>
			<keys>
				<li>VWE_Gun_Autocannon</li>
				<li>VWE_Gun_HandheldMortar</li>
				<li>VWE_Gun_HeavyFlamer</li>
				<li>VWE_Gun_SwarmMissileLauncher</li>
				<li>VWE_Gun_UraniumSlugRifle</li>
				<li>HMW_MeleeWeapon_HeavyMonoSword</li>
				<li>HMW_MeleeWeapon_HeavyZeushammer</li>
				<li>HMW_MeleeWeapon_FlameLance</li>
				<li>HMW_MeleeWeapon_PsychicWarhammer</li>
				<li>HMW_MeleeWeapon_ZeusSword</li>
				<li>HMW_MeleeWeapon_RocketHammer</li>
				<li>HMW_MeleeWeapon_SagittariusMight</li>
				<li>HMW_MeleeWeapon_PersonaHeavyMonoSword</li>
				<li>HMW_MeleeWeapon_PersonaFlameLance</li>
				<li>HMW_MeleeWeapon_PersonaPsychicWarhammer</li>
				<li>HMW_MeleeWeapon_PersonaZeusSword</li>
				<li>VFEP_WarcasketMeleeWeapon_CombatKnife</li>
				<li>VFEP_WarcasketMeleeWeapon_Broadsword</li>
				<li>VFEP_WarcasketGun_Autorifle</li>
				<li>VFEP_WarcasketGun_UraniumSlugRifle</li>
				<li>VFEP_WarcasketGun_Slugthrower</li>
				<li>VFEP_WarcasketGun_Minigun</li>
				<li>VFEP_WarcasketGun_GrenadeLauncher</li>
				<li>VFEP_WarcasketGun_HeavyFlamer</li>
				<li>VWEFT_Gun_HandheldGatlingGun</li>
			</keys>
			<values>
				<li>True</li>
				<li>True</li>
				<li>True</li>
				<li>True</li>
				<li>True</li>
				<li>True</li>
				<li>True</li>
				<li>True</li>
				<li>True</li>
				<li>True</li>
				<li>True</li>
				<li>True</li>
				<li>True</li>
				<li>True</li>
				<li>True</li>
				<li>True</li>
				<li>True</li>
				<li>True</li>
				<li>True</li>
				<li>True</li>
				<li>True</li>
				<li>True</li>
				<li>True</li>
				<li>True</li>
				<li>True</li>
			</values>
		</weaponStates>
		<weaponHPStates>
			<keys>
				<li>VWE_Gun_Autocannon</li>
				<li>VWE_Gun_HandheldMortar</li>
				<li>VWE_Gun_HeavyFlamer</li>
				<li>VWE_Gun_SwarmMissileLauncher</li>
				<li>VWE_Gun_UraniumSlugRifle</li>
				<li>HMW_MeleeWeapon_HeavyMonoSword</li>
				<li>HMW_MeleeWeapon_HeavyZeushammer</li>
				<li>HMW_MeleeWeapon_FlameLance</li>
				<li>HMW_MeleeWeapon_PsychicWarhammer</li>
				<li>HMW_MeleeWeapon_ZeusSword</li>
				<li>HMW_MeleeWeapon_RocketHammer</li>
				<li>HMW_MeleeWeapon_SagittariusMight</li>
				<li>HMW_MeleeWeapon_PersonaHeavyMonoSword</li>
				<li>HMW_MeleeWeapon_PersonaFlameLance</li>
				<li>HMW_MeleeWeapon_PersonaPsychicWarhammer</li>
				<li>HMW_MeleeWeapon_PersonaZeusSword</li>
				<li>VFEP_WarcasketMeleeWeapon_CombatKnife</li>
				<li>VFEP_WarcasketMeleeWeapon_Broadsword</li>
				<li>VFEP_WarcasketGun_Autorifle</li>
				<li>VFEP_WarcasketGun_UraniumSlugRifle</li>
				<li>VFEP_WarcasketGun_Slugthrower</li>
				<li>VFEP_WarcasketGun_Minigun</li>
				<li>VFEP_WarcasketGun_GrenadeLauncher</li>
				<li>VFEP_WarcasketGun_HeavyFlamer</li>
				<li>VWEFT_Gun_HandheldGatlingGun</li>
			</keys>
			<values>
				<li>1</li>
				<li>20</li>
				<li>10</li>
				<li>5</li>
				<li>10</li>
				<li>0</li>
				<li>0</li>
				<li>0</li>
				<li>0</li>
				<li>0</li>
				<li>0</li>
				<li>0</li>
				<li>0</li>
				<li>0</li>
				<li>0</li>
				<li>0</li>
				<li>0</li>
				<li>0</li>
				<li>0</li>
				<li>0</li>
				<li>0</li>
				<li>0</li>
				<li>0</li>
				<li>0</li>
				<li>1</li>
			</values>
		</weaponHPStates>
	</ModSettings>
</SettingsBlock>