﻿<?xml version="1.0" encoding="utf-8"?>
<SettingsBlock>
	<ModSettings Class="AlphaBehavioursAndEvents.AlphaAnimalsEvents_Settings">
		<flagBlackHiveRaids>True</flagBlackHiveRaids>
		<flagStalkingLions>True</flagStalkingLions>
		<flagCactipineDroppods>True</flagCactipineDroppods>
		<flagSpiderClutchMothers>True</flagSpiderClutchMothers>
		<flagAerofleets>True</flagAerofleets>
		<flagGallatross>True</flagGallatross>
		<flagSummitCrab>True</flagSummitCrab>
		<flagBumbledrones>True</flagBumbledrones>
		<flagAsteroid>True</flagAsteroid>
		<flagAnimalisk>True</flagAnimalisk>
		<flagMime>True</flagMime>
		<flagFungalHusk>True</flagFungalHusk>
		<flagAlphaMechanoids>True</flagAlphaMechanoids>
		<flagAlphaMechanoidsSappers>True</flagAlphaMechanoidsSappers>
		<alphaAnimalSpawnMultiplier>1</alphaAnimalSpawnMultiplier>
	</ModSettings>
</SettingsBlock>