﻿<?xml version="1.0" encoding="utf-8"?>
<SettingsBlock>
	<ModSettings Class="RimEffectReapers.ReaperSettings">
		<reaperShipStates>
			<keys>
				<li>RE_ReaperLanding</li>
			</keys>
			<values>
				<li>0.1</li>
			</values>
		</reaperShipStates>
		<reaperShipPresences>
			<keys>
				<li>RE_Reaper</li>
			</keys>
			<values>
				<li>500</li>
			</values>
		</reaperShipPresences>
		<reaperShipColonistCount>
			<keys>
				<li>RE_ReaperLanding</li>
			</keys>
			<values>
				<li>3</li>
			</values>
		</reaperShipColonistCount>
		<reaperShipWealth>
			<keys>
				<li>RE_ReaperLanding</li>
			</keys>
			<values>
				<li>100000</li>
			</values>
		</reaperShipWealth>
		<reaperShipDistances>
			<keys>
				<li>RE_ReaperLanding</li>
			</keys>
			<values>
				<li>90</li>
			</values>
		</reaperShipDistances>
		<RE_reaperTimeIntervalMax>18000000</RE_reaperTimeIntervalMax>
		<RE_reaperTimeIntervalMin>4139266</RE_reaperTimeIntervalMin>
	</ModSettings>
</SettingsBlock>