﻿<?xml version="1.0" encoding="utf-8"?>
<SettingsBlock>
	<ModSettings Class="rjw.RJWSettings">
		<animal_on_animal_enabled>True</animal_on_animal_enabled>
		<bestiality_enabled>True</bestiality_enabled>
		<necrophilia_enabled>True</necrophilia_enabled>
		<designated_freewill>True</designated_freewill>
		<rape_enabled>True</rape_enabled>
		<colonist_CP_rape>True</colonist_CP_rape>
		<visitor_CP_rape>True</visitor_CP_rape>
		<animal_CP_rape>False</animal_CP_rape>
		<rape_beating>True</rape_beating>
		<gentle_rape_beating>True</gentle_rape_beating>
		<rape_stripping>True</rape_stripping>
		<NymphTamed>True</NymphTamed>
		<NymphWild>True</NymphWild>
		<NymphRaidEasy>True</NymphRaidEasy>
		<NymphRaidHard>True</NymphRaidHard>
		<NymphRaidRP>True</NymphRaidRP>
		<NymphPermanentManhunter>True</NymphPermanentManhunter>
		<NymphSappers>True</NymphSappers>
		<FemaleFuta>True</FemaleFuta>
		<MaleTrap>True</MaleTrap>
		<STD_enabled>True</STD_enabled>
		<STD_FromFloors>True</STD_FromFloors>
		<sounds_enabled>True</sounds_enabled>
		<sounds_sexvolume>1</sounds_sexvolume>
		<sounds_cumvolume>1</sounds_cumvolume>
		<sounds_voicevolume>1</sounds_voicevolume>
		<sounds_orgasmvolume>1</sounds_orgasmvolume>
		<sounds_animal_on_animalvolume>0.5</sounds_animal_on_animalvolume>
		<cum_filth>True</cum_filth>
		<cum_on_body>True</cum_on_body>
		<cum_on_body_amount_adjust>1</cum_on_body_amount_adjust>
		<cum_overlays>True</cum_overlays>
		<sex_age_legacymode>False</sex_age_legacymode>
		<sexneed_fix>True</sexneed_fix>
		<sex_minimum_age>13</sex_minimum_age>
		<sex_free_for_all>18</sex_free_for_all>
		<sexneed_decay_rate>1</sexneed_decay_rate>
		<Animal_mating_cooldown>0</Animal_mating_cooldown>
		<nonFutaWomenRaping_MaxVulnerability>0.8</nonFutaWomenRaping_MaxVulnerability>
		<rapee_MinVulnerability_human>1.2</rapee_MinVulnerability_human>
		<male_nymph_chance>0</male_nymph_chance>
		<futa_nymph_chance>0</futa_nymph_chance>
		<futa_natives_chance>0</futa_natives_chance>
		<futa_spacers_chance>0.5</futa_spacers_chance>
		<RPG_hero_control>False</RPG_hero_control>
		<RPG_hero_control_HC>False</RPG_hero_control_HC>
		<RPG_hero_control_Ironman>False</RPG_hero_control_Ironman>
	</ModSettings>
</SettingsBlock>