﻿<?xml version="1.0" encoding="utf-8"?>
<PrefsData>
  <volumeGame>0.8</volumeGame>
  <volumeMusic>0.4</volumeMusic>
  <volumeAmbient>1</volumeAmbient>
  <screenWidth>2425</screenWidth>
  <screenHeight>1271</screenHeight>
  <fullscreen>False</fullscreen>
  <uiScale>1</uiScale>
  <customCursorEnabled>True</customCursorEnabled>
  <hatsOnlyOnMap>False</hatsOnlyOnMap>
  <plantWindSway>True</plantWindSway>
  <textureCompression>True</textureCompression>
  <showRealtimeClock>True</showRealtimeClock>
  <disableTinyText>False</disableTinyText>
  <animalNameMode>TameNamed</animalNameMode>
  <backgroundExpansionId IsNull="True" />
  <extremeDifficultyUnlocked>False</extremeDifficultyUnlocked>
  <adaptiveTrainingEnabled>False</adaptiveTrainingEnabled>
  <preferredNames />
  <resourceReadoutCategorized>True</resourceReadoutCategorized>
  <runInBackground>True</runInBackground>
  <edgeScreenScroll>True</edgeScreenScroll>
  <temperatureMode>Celsius</temperatureMode>
  <autosaveIntervalDays>1</autosaveIntervalDays>
  <testMapSizes>False</testMapSizes>
  <maxNumberOfPlayerSettlements>1</maxNumberOfPlayerSettlements>
  <pauseOnLoad>True</pauseOnLoad>
  <automaticPauseMode>Never</automaticPauseMode>
  <mapDragSensitivity>1.3</mapDragSensitivity>
  <devMode>False</devMode>
  <langFolderName>ChineseSimplified (简体中文)</langFolderName>
  <logVerbose>False</logVerbose>
  <pauseOnError>False</pauseOnError>
  <resetModsConfigOnCrash>True</resetModsConfigOnCrash>
  <simulateNotOwningRoyalty>False</simulateNotOwningRoyalty>
  <simulateNotOwningIdeology>False</simulateNotOwningIdeology>
</PrefsData>