﻿<?xml version="1.0" encoding="utf-8"?>
<ModList>
	<Name>1</Name>
	<modIds>
		<li>imranfish.xmlextensions</li>
		<li>brrainz.harmony</li>
		<li>brrainz.visualexceptions</li>
		<li>ludeon.rimworld</li>
		<li>automatic.startupimpact</li>
		<li>rwzh.chinesepack.startupimpact</li>
		<li>trinity.runtimegcupdated</li>
		<li>ludeon.rimworld.royalty</li>
		<li>ludeon.rimworld.ideology</li>
		<li>ccl.patchoperation.highlander</li>
		<li>unlimitedhugs.hugslib</li>
		<li>rwzh.chinesepack.hugslib</li>
		<li>jecrell.jecstools</li>
		<li>rwzh.chinesepack.jecstools</li>
		<li>lingluo.preparecarefully</li>
		<li>erdelf.humanoidalienraces</li>
		<li>rwzh.chinesepack.humanoidalienraces</li>
		<li>latta.fsharp.core</li>
		<li>latta.devl10n</li>
		<li>brrainz.cameraplus</li>
		<li>rwzh.chinesepack.cameraplus</li>
		<li>petetimessix.compacthediffs</li>
		<li>zephyr.compacthediffszh</li>
		<li>moretraitslots.kv.rw</li>
		<li>moretraitslots.kv.rw.zh</li>
		<li>caesarv6.damageindicators</li>
		<li>caesarv6.damageindicators.zh.hc</li>
		<li>crashm.colorcodedmoodbar.11</li>
		<li>derekbickley.ltocolonygroupsfinal</li>
		<li>zh.ltocolonygroupsfinal</li>
		<li>mlie.relevantstatsindescription</li>
		<li>com.bymarcin.architecticons</li>
		<li>proxyer.optionalicons4ai</li>
		<li>unlimitedhugs.defensivepositions</li>
		<li>vanya.tools.incidentpersonstat</li>
		<li>dubwise.dubsmintmenus</li>
		<li>rwzh.chinesepack.dubsmintmenus</li>
		<li>bodlosh.weaponstats</li>
		<li>bodlosh.weaponstats.zh.hc</li>
		<li>xeonovadan.rimworldfavourites</li>
		<li>red.xeonovadan.rimworldfavourites.zh</li>
		<li>vanillaexpanded.achievements</li>
		<li>vanillaexpanded.zh</li>
		<li>fyarn.easyspeedup</li>
		<li>indeed.stackxxl</li>
		<li>madeline.modmismatchformatter</li>
		<li>jaxe.rimhud</li>
		<li>shouer.chinesepack.rimhud</li>
		<li>dubwise.dubsmintminimap</li>
		<li>unlimitedhugs.allowtool</li>
		<li>unlimitedhugs.mapreroll</li>
		<li>arandomkiwi.rimthemes</li>
		<li>arandomkiwi.rimthemes.zh.hc</li>
		<li>arandomkiwi.rimsaves</li>
		<li>rwzh.chinesepack.rimsaves</li>
		<li>fluffy.areaunlocker</li>
		<li>fluffy.colonymanager</li>
		<li>fluffy.commandpalette</li>
		<li>fluffy.stuffedfloors</li>
		<li>fluffy.desirepaths</li>
		<li>fluffy.blueprints</li>
		<li>fluffy.modmanager</li>
		<li>fluffy.musicmanager</li>
		<li>fluffy.pharmacist</li>
		<li>fluffy.followme</li>
		<li>fluffy.medicaltab</li>
		<li>fluffy.backuppower</li>
		<li>fluffy.animaltab</li>
		<li>fluffy.fluffyrelations</li>
		<li>fluffy.worktab</li>
		<li>rwzh.chinesepack.fluffy</li>
		<li>yrtwof.rimpedia</li>
		<li>shavius.rimpedia.zh</li>
		<li>dimonsever000.guntab.specific</li>
		<li>dimonsever000.appareltab.specific</li>
		<li>dimonsever000.appareltabandguntab.specificzhbygl</li>
		<li>mehni.numbers</li>
		<li>telardo.numberstraitaddon</li>
		<li>owlchemist.toggleablereadouts</li>
		<li>pzqaks.toggleablereadouts.zh</li>
		<li>krafs.levelup</li>
		<li>mrravenface.icontophat</li>
		<li>raidataglance.1trickpwnyta</li>
		<li>visibleraidpoints.1trickponyta</li>
		<li>saythatagain.1trickpwnyta</li>
		<li>antaioz.modmedicinepatch</li>
		<li>zh.antaioz.modmedicinepatch</li>
		<li>jaxe.bubbles</li>
		<li>jaxe.bubbles.zh.hc</li>
		<li>hobtook.tradeui</li>
		<li>vinalx.researchpalforked</li>
		<li>hawnhan.researchpalforked.zh</li>
		<li>vanillaexpanded.backgrounds</li>
		<li>zh.vanillaexpanded.backgrounds</li>
		<li>bs.oversizedapparel</li>
		<li>carnysenpai.enableoversizedweapons</li>
		<li>oskarpotocki.vanillafactionsexpanded.core</li>
		<li>rwzh.chinesepack.vanillafactionsexpandedcore</li>
		<li>vanillaexpanded.ui</li>
		<li>zh.vanillaexpanded.ui</li>
		<li>vanillaexpanded.vtexe</li>
		<li>rwzh.chinesepack.vtexe</li>
		<li>tidal.morevanilla.textures</li>
		<li>syrchalis.universalfermenter</li>
		<li>rh2.faction.task.force.141</li>
		<li>zh.rh2.faction.task.force.141</li>
		<li>rh2.faction.rangers</li>
		<li>zh.rh2.faction.rangers</li>
		<li>ryflamer.rimcraft.core</li>
		<li>ryflamer.rimcraft.animals</li>
		<li>ryflamer.rimcraft.alliedraces</li>
		<li>ryflamer.rimcraft.factions</li>
		<li>ryflamer.rimcraft.scenarios</li>
		<li>ryflamer.rimcraft.piratepatch</li>
		<li>ryflamer.rimcraft.weaponry</li>
		<li>ryflamer.rimcraft.weaponrypatch</li>
		<li>ryflamer.rimcraft.tribalpatch</li>
		<li>ryflamer.rimcraft.outlanderpatch</li>
		<li>ryflamer.rimcraft.metals</li>
		<li>ryflamer.rimcraft.core.zh</li>
		<li>rimeffect.core</li>
		<li>rimeffect.drell</li>
		<li>rimeffect.asarireapers</li>
		<li>rimeffect.extendedcut</li>
		<li>rimeffect.n7</li>
		<li>rimeffect.themistraders</li>
		<li>hive.armory.geminingen</li>
		<li>rimsenal.core</li>
		<li>rimsenal.evp</li>
		<li>rimsenal.federation</li>
		<li>rimsenal.feral</li>
		<li>rimsenal.security</li>
		<li>rimsenal.storyteller</li>
		<li>rimsenal.sophian</li>
		<li>rimsenal.techist</li>
		<li>rimsenal.hair</li>
		<li>rwzh.chinesepack.rimsenal</li>
		<li>itzal.pi.bg</li>
		<li>itzal.vw.eg</li>
		<li>itzal.pi.mp</li>
		<li>itzal.pi.sd</li>
		<li>itzal.vw.cp</li>
		<li>itzal.vw.emg</li>
		<li>zephyr.pi.jfhj</li>
		<li>vanillaexpanded.vappe</li>
		<li>vanillaexpanded.varme</li>
		<li>vanillaexpanded.vaeaccessories</li>
		<li>vanillaexpanded.vwe</li>
		<li>vanillaexpanded.vweq</li>
		<li>vanillaexpanded.vweg</li>
		<li>vanillaexpanded.vwehw</li>
		<li>vanillaexpanded.vwel</li>
		<li>vanillaexpanded.vwec</li>
		<li>vanillaexpanded.vwems</li>
		<li>vanillaexpanded.vwetb</li>
		<li>vanillaexpanded.vwenl</li>
		<li>rwzh.chinesepack.vwe</li>
		<li>rwzh.chinesepack.vaae</li>
		<li>carnagion.artifactsexpanded</li>
		<li>thoth.artifactsexpanded</li>
		<li>jgh.mechanoidbench2</li>
		<li>rwzh.chinesepack.mechanoidbench2</li>
		<li>legendaryminuteman.mai</li>
		<li>legendaryminuteman.maizhbygl</li>
		<li>sgc.moreutilitypacks</li>
		<li>rwzh.chinesepack.moreutilitypacks</li>
		<li>legodude17.legobricks</li>
		<li>pitchstone.heavymeleeweapons</li>
		<li>chinesetranslation.heavymeleeweapons</li>
		<li>spino.mechanoidsextraordinaire</li>
		<li>rwzh.chinesepack.mechanoidsextraordinaire</li>
		<li>orion.moremechanoids</li>
		<li>rwzh.chinesepack.moremechanoids</li>
		<li>syrchalis.processor.framework</li>
		<li>pzqaks.processor.framework.zh</li>
		<li>spincrus.dinosauria</li>
		<li>lin.chinesepack.dinosauria</li>
		<li>leafzxg.thrumboextension</li>
		<li>vanillaexpanded.vaecd</li>
		<li>vanillaexpanded.vaeas</li>
		<li>vanillaexpanded.vaed</li>
		<li>vanillaexpanded.vaeed</li>
		<li>vanillaexpanded.vaet</li>
		<li>vanillaexpanded.vaeis</li>
		<li>vanillaexpanded.vaebf</li>
		<li>vanillaexpanded.vaeendandext</li>
		<li>vanillaexpanded.vaecaves</li>
		<li>vanillaexpanded.vaeau</li>
		<li>rwzh.chinesepack.vae</li>
		<li>spoonshortage.adogsaidanimalprosthetics</li>
		<li>sarg.alphaanimals</li>
		<li>qaq.qaaaq</li>
		<li>vanillaexpanded.vcef</li>
		<li>vanillaexpanded.vcefaddon</li>
		<li>rwzh.chinesepack.vcef</li>
		<li>warlocksforge.fishtraps</li>
		<li>zh.warlocksforge.fishtraps</li>
		<li>vanillaexpanded.vfea</li>
		<li>zh.vanillaexpanded.vfea</li>
		<li>oskarpotocki.vfe.insectoid</li>
		<li>shavius.vfeinsectoids.zh</li>
		<li>oskarpotocki.vanillafactionsexpanded.settlersmodule</li>
		<li>rwzh.chinesepack.settlersmodule</li>
		<li>oskarpotocki.vanillafactionsexpanded.medievalmodule</li>
		<li>rwzh.chinesepack.medievalmodule</li>
		<li>oskarpotocki.vfe.vikings</li>
		<li>rwzh.chinesepack.vikings</li>
		<li>rimfridge.kv.rw</li>
		<li>lwm.deepstorage</li>
		<li>rwzh.chinesepack.deepstorage</li>
		<li>oskarpotocki.vfe.mechanoid</li>
		<li>oskarpotocki.vfe.pirates</li>
		<li>zh.oskarpotocki.vfe.pirates</li>
		<li>shavius.vfemechanoids.zh</li>
		<li>bx395.warhiveseries.mechreconhive</li>
		<li>zh.bx395.warhiveseries.mechreconhive</li>
		<li>kikohi.forsakens</li>
		<li>rwzh.chinesepack.forsakens</li>
		<li>dimonsever000.darknet.specific</li>
		<li>dimonsever000.darknet.specificzhbygl</li>
		<li>vexedtrees980.rimuhiversi</li>
		<li>vexedtrees980.rimskeletons</li>
		<li>vexedtrees980.rimshek</li>
		<li>red.rimkenshi.zh</li>
		<li>vanillaexpanded.vfecore</li>
		<li>vanillaexpanded.vfearchitect</li>
		<li>vanillaexpanded.vfeart</li>
		<li>vanillaexpanded.vfefarming</li>
		<li>vanillaexpanded.vfemedical</li>
		<li>vanillaexpanded.vfeproduction</li>
		<li>vanillaexpanded.vfepower</li>
		<li>vanillaexpanded.vfepropsanddecor</li>
		<li>vanillaexpanded.vfesecurity</li>
		<li>vanillaexpanded.vfespacer</li>
		<li>rwzh.chinesepack.vfepower</li>
		<li>rwzh.chinesepack.vfepropsanddecor</li>
		<li>rwzh.chinesepack.vfe</li>
		<li>harkon.veaddon.vanillaexpandedextraembrasures</li>
		<li>zh.harkon.veaddon.vanillaexpandedextraembrasures</li>
		<li>tikubonn.remotedetonator</li>
		<li>nephlite.orbitaltradecolumn</li>
		<li>rwzh.chinesepack.orbitaltradecolumn</li>
		<li>flashpoint55.humanpowergeneratormod</li>
		<li>pzqaks.humanpowergeneratormod.zh</li>
		<li>mlie.rimwriter</li>
		<li>rwzh.chinesepack.rimwriter</li>
		<li>dubwise.dubsrimkit</li>
		<li>dubwise.dubsskylights</li>
		<li>zh.walllight</li>
		<li>murmur.walllight</li>
		<li>zh.tikubonn.remotedetonator</li>
		<li>murmur.subsurfaceconduit</li>
		<li>murmur.subsurfaceconduit.zh</li>
		<li>tammybee.statueofcolonist</li>
		<li>bichang.moresculpture</li>
		<li>spoonshortage.rimkea</li>
		<li>rwzh.chinesepack.rimkea</li>
		<li>dubwise.rimefeller</li>
		<li>rwzh.chinesepack.rimefeller</li>
		<li>mlie.sdadvancedpowergeneration</li>
		<li>meltup.advancedpowerplus</li>
		<li>rwzh.chinesepack.advancedpowerplus</li>
		<li>uuugggg.replacestuff</li>
		<li>haplo.powerswitch</li>
		<li>dubwise.rimatomics</li>
		<li>rwzh.chinesepack.rimatomics</li>
		<li>kit.powerprotein</li>
		<li>rwzh.chinesepack.powerprotein</li>
		<li>4loris4.morelinkables</li>
		<li>owlchemist.seedspleaselite</li>
		<li>zh.owlchemist.seedspleaselite</li>
		<li>syrchalis.prosthetictable</li>
		<li>dismarzero.vgp.vgpvegetablegarden</li>
		<li>dismarzero.vgp.vgpgardentools</li>
		<li>dismarzero.vgp.vgpgardenresources</li>
		<li>dismarzero.vgp.vgpgardenfabrics</li>
		<li>dismarzero.vgp.vgpgardendyes</li>
		<li>dismarzero.vgp.xtratreesandflowers</li>
		<li>dismarzero.vgp.vgpgardenmedicine</li>
		<li>dismarzero.vgp.vgpthreesistersplants</li>
		<li>dismarzero.vgp.vgpsoylentproduction</li>
		<li>dismarzero.vgp.vgpgardengourmet</li>
		<li>dismarzero.vgp.vgpmoreveggies</li>
		<li>mlie.advancedbiomes</li>
		<li>odeum.wmbp</li>
		<li>dismarzero.vgp.vgpgardencanning</li>
		<li>biomesteam.biomescore</li>
		<li>qwa.awq</li>
		<li>biomesteam.oasis</li>
		<li>zh.biomesteam.oasis</li>
		<li>sarg.alphabiomes</li>
		<li>qa.qqijq</li>
		<li>zylle.morevanillabiomes</li>
		<li>regrowth.botr.core</li>
		<li>regrowth.botr.volcanicicesheet</li>
		<li>regrowth.botr.desertexpansion</li>
		<li>regrowth.botr.temperateforestexpansion</li>
		<li>regrowth.botr.extinctanimalspack</li>
		<li>regrowth.botr.ewg</li>
		<li>regrowth2.extinctanimals</li>
		<li>regrowth.botr.coldbogexpansion</li>
		<li>regrowth.botr.tundraexpansion</li>
		<li>regrowth.botr.borealforestexpansion</li>
		<li>m00nl1ght.geologicallandforms</li>
		<li>zh.m00nl1ght.geologicallandforms</li>
		<li>meltup.grandrivers.reborn</li>
		<li>vambypants111.epichrivers</li>
		<li>thegoofyone.amazonianriver</li>
		<li>oblitus.mylittleplanet</li>
		<li>oblitus.mylittleplanet.zh</li>
		<li>windowsxp.realisticplanets</li>
		<li>vanillaexpanded.vplantse</li>
		<li>carolusclen.dlc.wmbp.mvb</li>
		<li>carolusclen.dlc.wmbp.abc</li>
		<li>carolusclen.dlc.wmbp.rp</li>
		<li>vanillaexpanded.vplantsesucculents</li>
		<li>shavius.vpe.zh</li>
		<li>vanillaexpanded.vbrewe</li>
		<li>vanillaexpanded.vbrewecandt</li>
		<li>shavius.vbe.zh</li>
		<li>vanillaexpanded.vcooke</li>
		<li>vanillaexpanded.vcookestews</li>
		<li>vanillaexpanded.vcookesushi</li>
		<li>shavius.vce.zh</li>
		<li>kentington.saveourship2</li>
		<li>rwzh.chinesepack.saveourship2</li>
		<li>zh.alphaships</li>
		<li>sarg.alphaships</li>
		<li>smashphil.neceros.srtsexpanded</li>
		<li>xun.srtsexpanded</li>
		<li>hg.originals.f3</li>
		<li>zh.hg.originals.f3</li>
		<li>dimonsever000.cosmosreborn.specific</li>
		<li>rwzh.chinesepack.cosmosreborn</li>
		<li>rimeffect.srts.shuttle</li>
		<li>chinesetranslation.rimeffect</li>
		<li>radzerp.neorimnauts</li>
		<li>rwzh.chinesepack.neorimnauts</li>
		<li>jecrell.doorsexpanded</li>
		<li>rwzh.chinesepack.doorsexpanded</li>
		<li>morph.advanceddoors</li>
		<li>chinesetranslation.advanceddoors</li>
		<li>avius.locks</li>
		<li>avius.locks.zh</li>
		<li>vse.empressevil</li>
		<li>vse.perrypersistent</li>
		<li>vse.freyafierce</li>
		<li>vse.oskarobnoxious</li>
		<li>vse.neronneolithic</li>
		<li>vanillastorytellersexpanded.winstonwave</li>
		<li>rwzh.chinesepack.vse</li>
		<li>vanillaexpanded.vbookse</li>
		<li>shavius.vbookse.zh</li>
		<li>vanillaexpanded.ideo.iconsandsymbols</li>
		<li>vanillaexpanded.viehar</li>
		<li>vanillaexpanded.ideo.relicsandartifacts</li>
		<li>vanillaexpanded.viesas</li>
		<li>shavius.vie.zh</li>
		<li>oskarpotocki.vanillaexpanded.ideologypatches</li>
		<li>zh.oskarpotocki.vanillaexpanded.ideologypatches</li>
		<li>oskarpotocki.vanillaexpanded.royaltypatches</li>
		<li>vanillaexpanded.outposts</li>
		<li>zh.vanillaexpanded.outposts</li>
		<li>automatic.gunplay</li>
		<li>com.yayo.yayoani</li>
		<li>zh.com.yayo.yayoani</li>
		<li>dimonsever000.backstoriesplus.specific</li>
		<li>rwzh.chinesepack.backstoriesplus</li>
		<li>400.impassablehchestudeephwater</li>
		<li>sinnamon.moreritualrewards</li>
		<li>sinnamon.moreritualrewards.cntrans</li>
		<li>mlie.livewiththepain</li>
		<li>pzqaks.livewiththepain.zh</li>
		<li>miyamiya.compressedraid.latest</li>
		<li>petetimessix.simplesidearms</li>
		<li>smuffle.harvestorganspostmortem</li>
		<li>frozensnowfox.alwaysrearmturrets</li>
		<li>frozensnowfox.betterancientcomplexloot</li>
		<li>frozensnowfox.bettercamploot</li>
		<li>leafzxg.masterofcrafting</li>
		<li>leafzxg.masterofcooking</li>
		<li>captainmuscles.callouts</li>
		<li>rwzh.chinesepack.callouts</li>
		<li>mlie.showmeyourhands</li>
		<li>alias.campingstuff</li>
		<li>pzqaks.campingstuff.zh</li>
		<li>brrainz.achtung</li>
		<li>rwzh.chinesepack.achtung</li>
		<li>roolo.almostthere</li>
		<li>hawnhan.almostthere.zh</li>
		<li>captainmuscles.beatyourprisoners</li>
		<li>rwzh.chinesepack.beatyourprisoners</li>
		<li>dhultgren.buryonthespot</li>
		<li>rwzh.chinesepack.buryonthespot</li>
		<li>avius.prisonlabor</li>
		<li>mlie.convertthenenslave</li>
		<li>red.mlie.convertthenenslave.zh</li>
		<li>mlie.convertthenrecruit</li>
		<li>red.mlie.convertthenrecruit.zh</li>
		<li>tribeagle.simpleslaverycollars</li>
		<li>rwzh.chinesepack.simpleslaverycollars</li>
		<li>hatti.qualitybuilder</li>
		<li>rwzh.chinesepack.qualitybuilder</li>
		<li>hatti.qualitysurgeon</li>
		<li>eagle0600.dresspatients</li>
		<li>rwzh.chinesepack.dresspatients</li>
		<li>uuugggg.sharetheload</li>
		<li>tradingcontrol.common.core</li>
		<li>tradingcontrol.chinese</li>
		<li>weilbyte.snapout</li>
		<li>rwzh.chinesepack.snapout</li>
		<li>jamaicancastle.shoo</li>
		<li>jamaicancastle.shoo.zh</li>
		<li>arandomkiwi.guardsforme</li>
		<li>arandomkiwi.huntforme</li>
		<li>arandomkiwi.killforme</li>
		<li>arandomkiwi.raidsforme</li>
		<li>frozensnowfox.betterpawnlendingquest</li>
		<li>erdelf.prisonerransom</li>
		<li>roolo.searchanddestroy</li>
		<li>roolo.runandgun</li>
		<li>mlie.icantfixthat</li>
		<li>moony.repairitems</li>
		<li>moony.repairitems.cntrans</li>
		<li>rh2.handtohand</li>
		<li>zh.handtohand</li>
		<li>rh2.bcd.casevac</li>
		<li>zh.rh2bcdcasevac</li>
		<li>rh2.cpers.arrest.here</li>
		<li>zh.rh2cpersarresthere</li>
		<li>rh2.bcd.first.aid</li>
		<li>zh.rh2bcdfirstaid</li>
		<li>dimonsever000.psionicplus.specific</li>
		<li>pzqaks.psionicplus.zh</li>
		<li>vanillaexpanded.vanillatraitsexpanded</li>
		<li>rwzh.chinesepack.vanillatraitsexpanded</li>
		<li>ladycookie.vteexpansion</li>
		<li>ladycookie.vteexpansion.zh</li>
		<li>boxrsxx.morepracticaltraits</li>
		<li>dimonsever000.rpgtraits.specific</li>
		<li>dimonsever000.rpgtraits.specificzhbygl</li>
		<li>vanya.agent.moredetailbody</li>
		<li>mireia.bodies</li>
		<li>gloomy.gloomyface</li>
		<li>vanillaexpanded.vhe</li>
		<li>rwzh.chinesepack.vhe</li>
		<li>zhrocks11.natureisbeautiful</li>
		<li>mlie.roadsoftherim</li>
		<li>rwzh.chinesepack.roadsoftherim</li>
		<li>woolstrand.realruins</li>
		<li>mlie.rimbank</li>
		<li>tenmoe.usfm</li>
		<li>arandomkiwi.mercenariesforme</li>
		<li>orion.hospitality</li>
		<li>rwzh.chinesepack.hospitality</li>
		<li>orion.cashregister</li>
		<li>orion.gastronomy</li>
		<li>zephyr.gastronomyzh</li>
		<li>saloid.dynamiceconomy</li>
		<li>saloid.dynamiceconomy.zh</li>
		<li>vanillaexpanded.vee</li>
		<li>rwzh.chinesepack.vanillaexpandedvee</li>
		<li>dimonsever000.mechanoid.specific</li>
		<li>dimonsever000.mechanoid.specificzhbygl</li>
		<li>nilchei.insectoidsevolved</li>
		<li>red.nilchei.insectoidsevolved.zh</li>
		<li>tikubonn.diceofdestiny</li>
		<li>zh.tikubonn.diceofdestiny</li>
		<li>dimonsever000.events.specific</li>
		<li>dimonsever000.events.specificzhbygl</li>
		<li>asgalligator.monsterhunterrimworld</li>
		<li>laftod.chinesepack.monsterhunterrimworld</li>
		<li>treasurehunter.velcroboy333</li>
		<li>treasurehunter.velcroboy333.zh</li>
		<li>sargoskar.witcherhunt</li>
		<li>kommisaar.chinesepack.witchermonsterhunt</li>
		<li>mlie.expandedincidents</li>
		<li>rwzh.chinesepack.expandedincidents</li>
		<li>mlie.rimquest</li>
		<li>rwzh.chinesepack.rimquest</li>
		<li>cabbage.rimcities</li>
		<li>rwzh.chinesepack.rimcities</li>
		<li>mlie.sdbridges</li>
		<li>gha.zh.sdbridges</li>
		<li>sr.modrimworld.factionalwar</li>
		<li>salmontoastie.jointbattles</li>
		<li>rwzh.chinesepack.jointbattle</li>
		<li>mlie.morefactioninteraction</li>
		<li>saakra.empire</li>
		<li>rwzh.chinesepack.empire</li>
		<li>nilchei.dynamicdiplomacy</li>
		<li>shavius.dynamicdiplomacy.zh</li>
		<li>albion.goexplore</li>
		<li>rwzh.chinesepack.goexplore</li>
		<li>com.yayo.losttechcore.2</li>
		<li>yayo.losttechcore.2.cntrans</li>
		<li>jpt.humanresources</li>
		<li>captainmuscles.semirandomresearch</li>
		<li>rwzh.chinesepack.semirandomresearch</li>
		<li>vanillaexpanded.vanillasocialinteractionsexpanded</li>
		<li>rwzh.chinesepack.vanillasocialinteractionsexpanded</li>
		<li>community.psychology.unofficialupdate</li>
		<li>gha.zh.psychology</li>
		<li>hahkethomemah.simplepersonalities</li>
		<li>hahkethomemah.simplepersonalities.module2</li>
		<li>zh.123personalities</li>
		<li>zh.123personalities.2</li>
		<li>dylan.csl</li>
		<li>rwzh.chinesepack.csl</li>
		<li>theeyeofbrows.fluffybreakdowns</li>
		<li>rim.job.world</li>
		<li>kikohi.sometimesraidsgowrongforked</li>
		<li>mlie.dinterestsframework</li>
		<li>mlie.interests</li>
		<li>ogliss.mythos.diseasesoverhauled</li>
		<li>zh.ogliss.mythos.diseasesoverhauled</li>
		<li>latta.infusion</li>
		<li>zephyr.infusion</li>
		<li>dubwise.dubsbadhygiene</li>
		<li>3hstltd.usefulancientcrates</li>
		<li>rwzh.chinesepack.dubsbadhygiene</li>
		<li>rah.rbsehc</li>
		<li>rwzh.chinesepack.rbsehc</li>
		<li>roolo.giddyupcore</li>
		<li>roolo.giddyupbattlemounts</li>
		<li>roolo.giddyuprideandroll</li>
		<li>roolo.giddyupcaravan</li>
		<li>rwzh.chinesepack.giddyup</li>
		<li>ceteam.combatextended</li>
		<li>n7huntsman.combatextendedweapons</li>
		<li>ceteam.combatextendedmelee</li>
		<li>ceteam.combatextendedguns</li>
		<li>n7huntsman.combatextendedshields</li>
		<li>mlie.combateffectsforce</li>
		<li>notooshabby.awesomeinventoryforked</li>
		<li>qaq.qaq</li>
		<li>afld.animalsprefergrazing</li>
		<li>oblitus.animalslogic</li>
		<li>rwzh.chinesepack.animalslogic</li>
		<li>uuugggg.smartmedicine</li>
		<li>owlchemist.smartfarming</li>
		<li>pzqaks.smartfarming.zh</li>
		<li>uuugggg.miningpriority</li>
		<li>avilmask.commonsense</li>
		<li>mehni.pickupandhaul</li>
		<li>codeoptimist.jobsofopportunity</li>
		<li>rwzh.chinesepack.jobsofopportunity</li>
		<li>jkluch.haultostack</li>
		<li>frozensnowfox.complexjobs</li>
		<li>brrainz.carefulraids</li>
		<li>nilchei.powerfulpsycastai</li>
		<li>rwzh.chinesepack.powerfulpsycastai</li>
		<li>captainmuscles.nopawnleftbehind</li>
		<li>mlie.realistichumansounds</li>
		<li>nowano.rimworldrealfow</li>
		<li>pzqaks.rimworldrealfow.zh</li>
		<li>taranchuk.performanceoptimizer</li>
		<li>ghostrolly.rim73</li>
		<li>notooshabby.awesomeinventoryforked.zh.hc</li>
		<li>rwzh.chinesepack.botr</li>
		<li>mi.chinesepack.combatextended</li>
		<li>rwzh.chinesepack.unlimitedhugs</li>
		<li>dubwise.dubsperformanceanalyzer</li>
	</modIds>
	<modNames>
		<li>XML Extensions</li>
		<li>Harmony</li>
		<li>Visual Exceptions</li>
		<li>核心</li>
		<li>Startup impact</li>
		<li>Startup_impact_zh</li>
		<li>RuntimeGC [1.3]</li>
		<li>皇权</li>
		<li>文化</li>
		<li>PatchOperationHighlander</li>
		<li>HugsLib</li>
		<li>HugsLib_zh</li>
		<li>JecsTools (Unofficial)</li>
		<li>JecsTools_zh</li>
		<li>EdB Prepare Carefully_zh</li>
		<li>Humanoid Alien Races</li>
		<li>Humanoid_Alien_Races_2.0_zh</li>
		<li>FSharp.Core</li>
		<li>Dev In Your Language</li>
		<li>Camera+</li>
		<li>Camera+_zh</li>
		<li>Compact Hediffs</li>
		<li>Compact Hediffs简繁汉化</li>
		<li>[KV] More Trait Slots</li>
		<li>[KV] More Trait Slots 简繁中文汉化 更多特性槽</li>
		<li>Damage Indicators [1.3]</li>
		<li>Damage Indicators [1.3]_zh</li>
		<li>CM Color Coded Mood Bar [1.1+]</li>
		<li>[LTO] Colony Groups</li>
		<li>[LTO] Colony Groups简繁中文汉化包</li>
		<li>Relevant Stats In Description</li>
		<li>Architect Icons</li>
		<li>Optional Icons for Architect Icons</li>
		<li>Defensive Positions</li>
		<li>Incident Person Stat</li>
		<li>Dubs Mint Menus</li>
		<li>Dubs_Mint_Menus_zh</li>
		<li>WeaponStats</li>
		<li>WeaponStats_zh</li>
		<li>Favourites!</li>
		<li>Favourites 简繁汉化包</li>
		<li>Vanilla Achievements Expanded</li>
		<li>Vanilla Achievements Expanded简繁中文汉化包</li>
		<li>Easy Speedup</li>
		<li>Stack XXL</li>
		<li>Better ModMismatch Window</li>
		<li>RimHUD</li>
		<li>RimHUD_zh</li>
		<li>Dubs Mint Minimap</li>
		<li>Allow Tool</li>
		<li>Map Reroll</li>
		<li>RimThemes</li>
		<li>RimThemes_zh</li>
		<li>RimSaves</li>
		<li>RimSaves_zh</li>
		<li>Area Unlocker</li>
		<li>Colony Manager</li>
		<li>Command Palette</li>
		<li>Stuffed Floors</li>
		<li>Desire Paths</li>
		<li>Blueprints</li>
		<li>Mod Manager</li>
		<li>Music Manager</li>
		<li>Pharmacist</li>
		<li>Follow Me</li>
		<li>Medical Tab</li>
		<li>Backup Power</li>
		<li>Animal Tab</li>
		<li>Relations Tab</li>
		<li>Work Tab</li>
		<li>Fluffy_zh_pack</li>
		<li>Rimpedia</li>
		<li>Rimpedia 边缘百科 简繁汉化包</li>
		<li>Gun Tab+</li>
		<li>Apparel Tab+</li>
		<li>Apparel/Gun Tab+ 简繁汉化包</li>
		<li>Numbers</li>
		<li>Numbers Trait AddOn</li>
		<li>Toggleable Readouts</li>
		<li>Toggleable Readouts简体中文汉化</li>
		<li>Level Up!</li>
		<li>Player Faction Icon : Tophat</li>
		<li>Raid at a Glance</li>
		<li>Visible Raid Points</li>
		<li>Say That Again</li>
		<li>Mod Medicine Patch</li>
		<li>Mod Medicine Patch_zh</li>
		<li>Interaction Bubbles</li>
		<li>Interaction Bubbles_zh</li>
		<li>Trade UI Revised</li>
		<li>ResearchPal - Forked</li>
		<li>ResearchPal - Fork_zh</li>
		<li>Vanilla Backgrounds Expanded</li>
		<li>Vanilla Backgrounds Expanded_zh</li>
		<li>Oversized Apparel Framework</li>
		<li>Enable Oversized Weapons</li>
		<li>Vanilla Expanded Framework</li>
		<li>Vanilla_Expanded_Framework_zh</li>
		<li>Vanilla UI Expanded</li>
		<li>Vanilla UI Expanded_zh</li>
		<li>Vanilla Textures Expanded</li>
		<li>Vanilla_Textures_Expanded_zh</li>
		<li>More Vanilla Textures</li>
		<li>[SYR] Universal Fermenter</li>
		<li>[RH2] Faction: Task Force 141</li>
		<li>[RH2] Faction: Task Force 141_zh</li>
		<li>[RH2] Faction: The Rangers</li>
		<li>[RH2] Faction: The Rangers_zh</li>
		<li>[Ry]Rimcraft</li>
		<li>[Ry]Rimcraft Animals</li>
		<li>[Ry]Rimcraft Allied Races</li>
		<li>[Ry]Rimcraft Factions</li>
		<li>[Ry]Rimcraft Scenarios</li>
		<li>[Ry]Rimcraft Pirate Patch</li>
		<li>[Ry]Rimcraft Weaponry</li>
		<li>[Ry]Rimcraft Weaponry Patch</li>
		<li>[Ry]Rimcraft Tribal Patch</li>
		<li>[Ry]Rimcraft Outlander Patch</li>
		<li>[Ry]Rimcraft Metals</li>
		<li>[Ry]Rimcraft 简繁汉化包</li>
		<li>Rim-Effect: Core</li>
		<li>Rim-Effect: Drell</li>
		<li>Rim-Effect: Asari and Reapers</li>
		<li>Rim-Effect: Extended Cut</li>
		<li>Rim-Effect: N7</li>
		<li>Rim-Effect: Themis Traders</li>
		<li>Hive Armory</li>
		<li>Rimsenal - Core</li>
		<li>Rimsenal - Augmented Vanilla Pack</li>
		<li>Rimsenal - Federation Faction Pack</li>
		<li>Rimsenal - Feral Faction Pack</li>
		<li>Rimsenal - Security pack</li>
		<li>Rimsenal - Storyteller pack</li>
		<li>Rimsenal Style Pack - Sophian</li>
		<li>Rimsenal Style Pack - Techist</li>
		<li>Rimsenal - Hair pack</li>
		<li>Rimsenal_zh_pack</li>
		<li>Project Itzal - Bonus Guns</li>
		<li>Project Itzal - Extra Guns</li>
		<li>Project Itzal - Main Pack</li>
		<li>Project Itzal - Special Delivery</li>
		<li>Project Itzal - Community Pack</li>
		<li>Project Itzal - Even More Guns</li>
		<li>Project Itzal 简繁汉化合集</li>
		<li>Vanilla Apparel Expanded</li>
		<li>Vanilla Armour Expanded</li>
		<li>Vanilla Apparel Expanded — Accessories</li>
		<li>Vanilla Weapons Expanded</li>
		<li>Vanilla Weapons Expanded - Quickdraw</li>
		<li>Vanilla Weapons Expanded - Grenades</li>
		<li>Vanilla Weapons Expanded - Heavy Weapons</li>
		<li>Vanilla Weapons Expanded - Laser</li>
		<li>Vanilla Weapons Expanded - Coilguns</li>
		<li>Vanilla Weapons Expanded - Makeshift</li>
		<li>Vanilla Weapons Expanded - Tribal</li>
		<li>Vanilla Weapons Expanded - Non-Lethal</li>
		<li>Vanilla_Weapons_Expanded_zh_pack</li>
		<li>Vanilla_Apparel_Armour_Expanded_zh_pack</li>
		<li>Artifacts Expanded</li>
		<li>Artifacts Expanded汉化</li>
		<li>Mechanoid Bench 2</li>
		<li>Mechanoid_Bench_2_zh</li>
		<li>More Archotech Implants</li>
		<li>More Archotech Implants 简繁汉化包</li>
		<li>More Utility Packs</li>
		<li>More_Utility_Packs_zh</li>
		<li>LegoBricks</li>
		<li>Heavy Melee Weapons</li>
		<li>Heavy Melee Weapons重型近战武器 简繁汉化</li>
		<li>Mechanoids Extraordinaire</li>
		<li>Mechanoids_Extraordinaire_zh</li>
		<li>More Mechanoids</li>
		<li>More_Mechanoids_zh</li>
		<li>[SYR] Processor Framework</li>
		<li>[SYR] Processor Framework 简繁汉化包</li>
		<li>Dinosauria</li>
		<li>Dinosauria Lin的个人汉化</li>
		<li>Thrumbo Extension</li>
		<li>Vanilla Animals Expanded — Cats and Dogs</li>
		<li>Vanilla Animals Expanded — Arid Shrubland</li>
		<li>Vanilla Animals Expanded — Desert</li>
		<li>Vanilla Animals Expanded — Extreme Desert</li>
		<li>Vanilla Animals Expanded — Tundra</li>
		<li>Vanilla Animals Expanded — Ice Sheet</li>
		<li>Vanilla Animals Expanded — Boreal Forest</li>
		<li>Vanilla Animals Expanded — Endangered</li>
		<li>Vanilla Animals Expanded — Caves</li>
		<li>Vanilla Animals Expanded — Australia</li>
		<li>Vanilla_Animals_Expanded_zh_pack</li>
		<li>A Dog Said... Animal Prosthetics</li>
		<li>Alpha Animals</li>
		<li>Alpha Animals-补充汉化</li>
		<li>Vanilla Fishing Expanded</li>
		<li>Vanilla Fishing Expanded - Fishing Treasures AddOn</li>
		<li>Vanilla_Fishing_Expanded_zh</li>
		<li>Fish Traps</li>
		<li>Fish Traps_zh</li>
		<li>Vanilla Factions Expanded - Ancients</li>
		<li>Vanilla Factions Expanded - Ancients_zh</li>
		<li>Vanilla Factions Expanded - Insectoids</li>
		<li>Vanilla Factions Expanded - Insectoids 虫族派系扩展 简繁汉化包</li>
		<li>Vanilla Factions Expanded - Settlers</li>
		<li>Vanilla_Factions_Expanded_Settlers_zh</li>
		<li>Vanilla Factions Expanded - Medieval</li>
		<li>Vanilla_Factions_Expanded_Medieval_zh</li>
		<li>Vanilla Factions Expanded - Vikings</li>
		<li>Vanilla_Factions_Expanded_Vikings_zh</li>
		<li>[KV] RimFridge</li>
		<li>LWM's Deep Storage</li>
		<li>LWM's_Deep_Storage_zh</li>
		<li>Vanilla Factions Expanded - Mechanoids</li>
		<li>Vanilla Factions Expanded - Pirates</li>
		<li>Vanilla Factions Expanded - Pirates_zh</li>
		<li>Vanilla Factions Expanded - Mechanoids 机械族派系扩展简繁汉化包</li>
		<li>Mechanoid Recon Hive</li>
		<li>Mechanoid Recon Hive 简繁汉化</li>
		<li>Forsakens</li>
		<li>Forsakens_zh</li>
		<li>Darknet+</li>
		<li>Darknet+ 简繁汉化包</li>
		<li>Rim-Hivers!</li>
		<li>Rim-Skeletons</li>
		<li>Rim-Shek</li>
		<li>Rim-kenshi 简繁汉化包</li>
		<li>Vanilla Furniture Expanded</li>
		<li>Vanilla Furniture Expanded - Architect</li>
		<li>Vanilla Furniture Expanded - Art</li>
		<li>Vanilla Furniture Expanded - Farming</li>
		<li>Vanilla Furniture Expanded - Medical Module</li>
		<li>Vanilla Furniture Expanded - Production</li>
		<li>Vanilla Furniture Expanded - Power</li>
		<li>Vanilla Furniture Expanded - Props and Decor</li>
		<li>Vanilla Furniture Expanded - Security</li>
		<li>Vanilla Furniture Expanded - Spacer Module</li>
		<li>Vanilla_Furniture_Expanded_Power_zh</li>
		<li>Vanilla_Furniture_Expanded_Props_and_Decor_zh</li>
		<li>Vanilla_Furniture_Expanded_zh_pack</li>
		<li>[HRK] Vanilla Expanded Extra Embrasures</li>
		<li>[HRK] Vanilla Expanded Extra Embrasures_zh</li>
		<li>Remote Detonator</li>
		<li>Utility Columns</li>
		<li>Utility_Columns_zh</li>
		<li>Human Power Generator Mod</li>
		<li>Human Power Generator Mod 简繁汉化包</li>
		<li>RimWriter - Books, Scrolls, Tablets, and Libraries (Continued)</li>
		<li>RimWriter_zh</li>
		<li>Dubs Rimkit</li>
		<li>Dubs Skylights</li>
		<li>Wall Light简繁中文汉化包</li>
		<li>Wall Light</li>
		<li>Remote Detonator_zh</li>
		<li>Subsurface Conduit</li>
		<li>Subsurface Conduit 简体中文汉化 地下电缆</li>
		<li>Statue of Colonist</li>
		<li>More Sculpture</li>
		<li>RIMkea</li>
		<li>RIMkea_zh</li>
		<li>Rimefeller</li>
		<li>Rimefeller_zh</li>
		<li>[sd] Advanced Powergeneration (Continued)</li>
		<li>Advanced Power Plus</li>
		<li>Advanced_Power_Plus_zh</li>
		<li>Replace Stuff</li>
		<li>PowerSwitch</li>
		<li>Dubs Rimatomics</li>
		<li>Rimatomics_zh</li>
		<li>Kit's Power Protein</li>
		<li>Kit's_Power_Protein_zh</li>
		<li>More Linkables</li>
		<li>SeedsPlease: Lite</li>
		<li>SeedsPlease_zh</li>
		<li>[SYR] Prosthetic Table</li>
		<li>VGP Vegetable Garden</li>
		<li>VGP Garden Tools</li>
		<li>VGP Garden Resources</li>
		<li>VGP Garden Fabrics</li>
		<li>VGP Garden Dyes</li>
		<li>VGP Xtra Trees and Flowers</li>
		<li>VGP Garden Medicine</li>
		<li>VGP Three Sisters Plants</li>
		<li>VGP Soylent Production</li>
		<li>VGP Garden Gourmet</li>
		<li>VGP More Veggies</li>
		<li>Advanced Biomes (Continued)</li>
		<li>World Map Beautification Project</li>
		<li>VGP Garden Canning</li>
		<li>Biomes! Core</li>
		<li>BIOMES! [Core]简繁中文汉化包</li>
		<li>Biomes! Oasis</li>
		<li>Biomes! Oasis_zh</li>
		<li>Alpha Biomes</li>
		<li>Alpha Biomes-中文汉化</li>
		<li>More Vanilla Biomes</li>
		<li>ReGrowth Remastered: Core</li>
		<li>ReGrowth: Volcanic Ice Sheet [Discontinued] </li>
		<li>ReGrowth: Desert Expansion</li>
		<li>ReGrowth: Temperate Forest Expansion</li>
		<li>ReGrowth: Extinct Animals Pack</li>
		<li>ReGrowth: Expanded World Generation - BETA</li>
		<li>ReGrowth Remastered: Extinct Animals</li>
		<li>ReGrowth: Cold Bog Expansion</li>
		<li>ReGrowth Remastered: Tundras</li>
		<li>ReGrowth Remastered: Boreal Forests</li>
		<li>Geological Landforms</li>
		<li>Geological Landforms_zh</li>
		<li>Grand Rivers Reborn</li>
		<li>Epic Rivers</li>
		<li>Amazonian River</li>
		<li>My Little Planet</li>
		<li>My Little Planet 简繁汉化包</li>
		<li>Realistic Planets Continued</li>
		<li>Vanilla Plants Expanded</li>
		<li>World Map Beautification Project - for More Vanilla Biomes</li>
		<li>World Map Beautification Project - for Advanced Biomes (Continued)</li>
		<li>World Map Beautification Project - for Realistic Planets</li>
		<li>Vanilla Plants Expanded - Succulents</li>
		<li>Vanilla Plants Expanded 原版植物扩展 简繁汉化包</li>
		<li>Vanilla Brewing Expanded</li>
		<li>Vanilla Brewing Expanded - Coffees and Teas</li>
		<li>Vanilla Brewing Expanded 原版酿造扩展 简繁汉化包</li>
		<li>Vanilla Cooking Expanded</li>
		<li>Vanilla Cooking Expanded - Stews</li>
		<li>Vanilla Cooking Expanded - Sushi</li>
		<li>Vanilla Cooking Expanded 原版厨艺扩展 简繁汉化包</li>
		<li>Save Our Ship 2</li>
		<li>Save_Our_Ship_2_zh</li>
		<li>Alpha Ships简繁中文汉化包</li>
		<li>Alpha Ships</li>
		<li>SRTS Expanded</li>
		<li>SRTS-飞船拓展 汉化 SRTS Expanded</li>
		<li>F3: Spacer Jumpsuits and More</li>
		<li>F3: Spacer Jumpsuits and More_zh</li>
		<li>Cosmos+</li>
		<li>Cosmos+_zh</li>
		<li>Rim-Effect: SRTS Shuttles</li>
		<li>Rim-Effect_zh</li>
		<li>RimNauts</li>
		<li>RimNauts_zh</li>
		<li>Doors Expanded</li>
		<li>Doors_Expanded_zh</li>
		<li>Advanced Doors</li>
		<li>Advanced Doors_zh</li>
		<li>Locks</li>
		<li>Locks 汉化补充</li>
		<li>Vanilla Storytellers Expanded - Empress Evil</li>
		<li>Vanilla Storytellers Expanded - Perry Persistent</li>
		<li>Vanilla Storytellers Expanded - Freya Fierce</li>
		<li>Vanilla Storytellers Expanded - Oskar Obnoxious</li>
		<li>Vanilla Storytellers Expanded - Neron Neolithic</li>
		<li>Vanilla Storytellers Expanded - Winston Waves</li>
		<li>Vanilla_Storytellers_Expanded_zh_pack</li>
		<li>Vanilla Books Expanded</li>
		<li>Vanilla Books Expanded 原版书籍扩展 简繁汉化包</li>
		<li>Vanilla Ideology Expanded - Icons and Symbols</li>
		<li>Vanilla Ideology Expanded - Hats and Rags</li>
		<li>Vanilla Ideology Expanded - Relics and Artifacts</li>
		<li>Vanilla Ideology Expanded - Splits and Schisms</li>
		<li>Vanilla Ideology Expanded 原版文化扩展 简繁汉化包</li>
		<li>Vanilla Expanded - Ideology Patches</li>
		<li>Vanilla Expanded - Ideology Patches_zh</li>
		<li>Vanilla Expanded - Royalty Patches</li>
		<li>Vanilla Outposts Expanded</li>
		<li>Vanilla Outposts Expanded_zh</li>
		<li>Gunplay</li>
		<li>Yayo's Animation</li>
		<li>Yayo's Animation_zh</li>
		<li>Backstories+</li>
		<li>Backstories+_zh</li>
		<li>Impassable Chest-deep Water</li>
		<li>More Ritual Rewards</li>
		<li>More Ritual Rewards更多仪式奖励汉化</li>
		<li>Live With The Pain</li>
		<li>Live With The Pain简体中文汉化</li>
		<li>Compressed Raid</li>
		<li>Simple sidearms</li>
		<li>Harvest Organs Post Mortem</li>
		<li>[FSF] Always Rearm Turrets</li>
		<li>[FSF] Better Ancient Complex Loot</li>
		<li>[FSF] Better Camp Loot</li>
		<li>Master of Crafting</li>
		<li>Master of Cooking</li>
		<li>Callouts</li>
		<li>Callouts_zh</li>
		<li>Show Me Your Hands</li>
		<li>Camping Stuff</li>
		<li>Camping Stuff 简繁汉化包</li>
		<li>Achtung!</li>
		<li>Achtung!_zh</li>
		<li>Almost There!</li>
		<li>Almost There!_zh</li>
		<li>Beat Your Prisoners</li>
		<li>Beat_Your_Prisoners_zh</li>
		<li>Bury On The Spot</li>
		<li>Bury_On_The_Spot_zh</li>
		<li>Prison Labor</li>
		<li>Convert Then Enslave</li>
		<li>Convert Then Enslave 简繁汉化包</li>
		<li>Convert Then Recruit</li>
		<li>Convert Then Recruit 简繁汉化包</li>
		<li>Simple Slavery Collars</li>
		<li>Simple_Slavery_Collars_zh</li>
		<li>QualityBuilder</li>
		<li>QualityBuilder_zh</li>
		<li>QualitySurgeon</li>
		<li>Dress Patients</li>
		<li>Dress_Patients_zh</li>
		<li>Share The Load</li>
		<li>Trading Control</li>
		<li>Trading Control汉化</li>
		<li>Snap Out!</li>
		<li>Snap_Out!_zh</li>
		<li>Shoo!</li>
		<li>Shoo!_zh</li>
		<li>Guards For Me</li>
		<li>Hunt for Me</li>
		<li>Kill For Me</li>
		<li>Raids For Me</li>
		<li>[FSF] Better Pawn Lending Quest</li>
		<li>PrisonerRansom</li>
		<li>Search and Destroy</li>
		<li>RunAndGun</li>
		<li>I Cant Fix That</li>
		<li>Repair Items</li>
		<li>Repair Items修理物品汉化</li>
		<li>[RH2] Hand-To-Hand</li>
		<li>[RH2]Hand-To-Hand 简繁汉化</li>
		<li>[RH2] BCD: CASEVAC</li>
		<li>[RH2]BCD: CASEVAC 简繁汉化</li>
		<li>[RH2] CPERS: Arrest Here!</li>
		<li>[RH2]CPERS: Arrest Here! 简繁汉化</li>
		<li>[RH2] BCD: First Aid</li>
		<li>[RH2]BCD:First Aid 简繁汉化</li>
		<li>Psionic+</li>
		<li>Psionic+ 简繁汉化包</li>
		<li>Vanilla Traits Expanded</li>
		<li>Vanilla_Traits_Expanded_zh</li>
		<li>[LCK] Add-On for Vanilla Traits Expanded</li>
		<li>[LCK] Add-On for Vanilla Traits Expanded 简繁汉化包</li>
		<li>More Practical Traits</li>
		<li>RPG Traits+</li>
		<li>RPG Traits+ 简繁汉化包</li>
		<li>[L]MoreDetailBody</li>
		<li>Beautiful Bodies</li>
		<li>gloomy_face</li>
		<li>Vanilla Hair Expanded</li>
		<li>Vanilla_Hair_Expanded_zh</li>
		<li>Nature is Beautiful [1.3+]</li>
		<li>Roads of the Rim (Continued)</li>
		<li>Roads_of_the_Rim_zh</li>
		<li>Real Ruins</li>
		<li>RimBank (Continued)</li>
		<li>Mercenaries For Me—USFM雇佣军集团中文汉化</li>
		<li>Mercenaries For Me</li>
		<li>Hospitality</li>
		<li>Hospitality_zh</li>
		<li>Cash Register</li>
		<li>Gastronomy</li>
		<li>Gastronomy 简繁汉化包</li>
		<li>Dynamic economy</li>
		<li>Dynamic economy 动态经济汉化</li>
		<li>Vanilla Events Expanded</li>
		<li>Vanilla_Events_Expanded_zh</li>
		<li>Mechanoid+</li>
		<li>Mechanoid+ 简繁汉化包</li>
		<li>Insectoids Evolved</li>
		<li>Insectoids Evolved 简繁汉化包</li>
		<li>DiceOfDestiny</li>
		<li>DiceOfDestiny_zh</li>
		<li>Events+</li>
		<li>Events+ 简繁汉化包</li>
		<li>Monster Hunter RimWorld</li>
		<li>Monster Hunter RimWorld_zh</li>
		<li>Treasure Hunter: The Forbidden Caravan</li>
		<li>Treasure Hunter: The Forbidden Caravan 简繁汉化包</li>
		<li>RimWorld - Witcher Monster Hunt</li>
		<li>RimWorld - Witcher Monster个人汉化1.3</li>
		<li>Expanded Incidents (Continued)</li>
		<li>Expanded_Incidents_zh</li>
		<li>RimQuest (Continued)</li>
		<li>RimQuest_zh</li>
		<li>RimCities</li>
		<li>RimCities_zh</li>
		<li>[sd] Bridges (Continued)</li>
		<li>[sd]Bridges_zh</li>
		<li>[SR]Factional War</li>
		<li>Joint Battles</li>
		<li>Joint_Battles_zh</li>
		<li>More Faction Interaction (Continued)</li>
		<li>Empire</li>
		<li>Empire_zh</li>
		<li>Dynamic Diplomacy</li>
		<li>Dynamic Diplomacy 动态外交 简繁汉化包</li>
		<li>Go Explore!</li>
		<li>Go_Explore!_zh</li>
		<li>Lost Technology 2</li>
		<li>Lost Technology 2失落科技2汉化</li>
		<li>[JPT] Human Resources</li>
		<li>Semi Random Research</li>
		<li>Semi_Random_Research_zh</li>
		<li>Vanilla Social Interactions Expanded</li>
		<li>Vanilla_Social_Interactions_Expanded_zh</li>
		<li>Psychology (unofficial) v1.1-1.3</li>
		<li>Psychology (unofficial)_zh</li>
		<li>1-2-3 Personalities M1</li>
		<li>1-2-3 Personalities M2</li>
		<li>1-2-3 Personalities简体中文汉化包</li>
		<li>1-2-3 Personalities M2简体中文汉化包</li>
		<li>Children, school and learning</li>
		<li>Children_school_and_learning_zh</li>
		<li>Fluffy Breakdowns (1.3 Update)</li>
		<li>RimJobWorld</li>
		<li>Sometimes Raids Go Wrong - Forked</li>
		<li>[D] Interests Framework (Continued)</li>
		<li>Interests (Continued)</li>
		<li>Diseases Overhauled</li>
		<li>Diseases Overhauled_zh</li>
		<li>Infusion 2</li>
		<li>Infusion 2 简繁汉化包</li>
		<li>Dubs Bad Hygiene</li>
		<li>Bill Doors' Useful Junks</li>
		<li>Dubs_Bad_Hygiene_zh</li>
		<li>RBSE Hardcore Edition</li>
		<li>RBSE_Hardcore_Edition_zh</li>
		<li>Giddy-up! Core</li>
		<li>Giddy-up! Battle Mounts</li>
		<li>Giddy-up! Ride and Roll</li>
		<li>Giddy-up! Caravan</li>
		<li>Giddy-up!_zh_pack</li>
		<li>Combat Extended</li>
		<li>Combat Extended: Weapons</li>
		<li>Combat Extended Melee</li>
		<li>Combat Extended Guns</li>
		<li>Combat Extended: Shields</li>
		<li>Combat Effects for Combat Extended (Continued)</li>
		<li>Awesome Inventory 1.3 Forked</li>
		<li>A RimWorld of Magic简繁中文汉化包</li>
		<li>[AFLD]AnimalsPreferGrazing</li>
		<li>Animals Logic</li>
		<li>Animals_Logic_zh</li>
		<li>Smart Medicine</li>
		<li>Smart Farming</li>
		<li> 智能种植——Smart Farming汉化</li>
		<li>Mining Priority</li>
		<li>Common Sense</li>
		<li>Pick Up And Haul</li>
		<li>While You're Up / PUAH+</li>
		<li>While_You're_U_PUAH+_zh</li>
		<li>Haul to Stack</li>
		<li>[FSF] Complex Jobs</li>
		<li>Careful Raids</li>
		<li>Powerful Psycast AI</li>
		<li>Powerful_Psycast_AI_zh</li>
		<li>No One Left Behind</li>
		<li>Realistic Human Sounds (Continued)</li>
		<li>(NWN) Real Fog of War</li>
		<li>(NWN) Real Fog of War-NWN的战争迷雾简暂时还没有繁汉化</li>
		<li>Performance Optimizer</li>
		<li>Rim73 - Performance and Optimisations</li>
		<li>Awesome Inventory 1.3 Forked_zh</li>
		<li>ReGrowth_zh_pack</li>
		<li>Combat_Extended_zh</li>
		<li>UnlimitedHugs_zh_pack</li>
		<li>Dubs Performance Analyzer</li>
	</modNames>
</ModList>