﻿<?xml version="1.0" encoding="utf-8"?>
<SettingsBlock>
	<ModSettings>
		<learning>False</learning>
		<statGearCachingEnabled>False</statGearCachingEnabled>
		<TimeDilationColonists>True</TimeDilationColonists>
		<corpsesRemovalEnabled>False</corpsesRemovalEnabled>
		<disableForcedSlowdowns>True</disableForcedSlowdowns>
		<translationCaching>True</translationCaching>
		<StatSettings>
			<AllSettings>
				<li>
					<statDef>Ability_RequiredPsylink</statDef>
				</li>
				<li>
					<statDef>Ability_CastingTime</statDef>
				</li>
				<li>
					<statDef>Ability_EntropyGain</statDef>
				</li>
				<li>
					<statDef>Ability_PsyfocusCost</statDef>
				</li>
				<li>
					<statDef>Ability_Range</statDef>
				</li>
				<li>
					<statDef>Ability_Duration</statDef>
				</li>
				<li>
					<statDef>Ability_EffectRadius</statDef>
				</li>
				<li>
					<statDef>Ability_GoodwillImpact</statDef>
				</li>
				<li>
					<statDef>Ability_DetectChancePerEntropy</statDef>
				</li>
				<li>
					<statDef>StuffEffectMultiplierArmor</statDef>
					<expiryAfter>181.8973</expiryAfter>
				</li>
				<li>
					<statDef>StuffEffectMultiplierInsulation_Cold</statDef>
					<expiryAfter>1024</expiryAfter>
				</li>
				<li>
					<statDef>StuffEffectMultiplierInsulation_Heat</statDef>
					<expiryAfter>1024</expiryAfter>
				</li>
				<li>
					<statDef>ArmorRating_Sharp</statDef>
					<expiryAfter>38.04206</expiryAfter>
				</li>
				<li>
					<statDef>ArmorRating_Blunt</statDef>
					<expiryAfter>37.8713</expiryAfter>
				</li>
				<li>
					<statDef>ArmorRating_Heat</statDef>
					<expiryAfter>36.58734</expiryAfter>
				</li>
				<li>
					<statDef>Insulation_Cold</statDef>
					<expiryAfter>1024</expiryAfter>
				</li>
				<li>
					<statDef>Insulation_Heat</statDef>
					<expiryAfter>1024</expiryAfter>
				</li>
				<li>
					<statDef>EnergyShieldEnergyMax</statDef>
					<expiryAfter>128</expiryAfter>
				</li>
				<li>
					<statDef>EnergyShieldRechargeRate</statDef>
					<expiryAfter>32</expiryAfter>
				</li>
				<li>
					<statDef>SmokepopBeltRadius</statDef>
					<expiryAfter>32</expiryAfter>
				</li>
				<li>
					<statDef>EquipDelay</statDef>
					<expiryAfter>32</expiryAfter>
				</li>
				<li>
					<statDef>MaxHitPoints</statDef>
					<expiryAfter>1024</expiryAfter>
				</li>
				<li>
					<statDef>Mass</statDef>
					<expiryAfter>124.4487</expiryAfter>
				</li>
				<li>
					<statDef>MarketValue</statDef>
				</li>
				<li>
					<statDef>MarketValueIgnoreHp</statDef>
				</li>
				<li>
					<statDef>SellPriceFactor</statDef>
					<expiryAfter>32</expiryAfter>
				</li>
				<li>
					<statDef>RoyalFavorValue</statDef>
					<expiryAfter>32</expiryAfter>
				</li>
				<li>
					<statDef>Flammability</statDef>
					<expiryAfter>32</expiryAfter>
				</li>
				<li>
					<statDef>WorkToMake</statDef>
					<expiryAfter>146.9148</expiryAfter>
				</li>
				<li>
					<statDef>DeteriorationRate</statDef>
					<expiryAfter>1024</expiryAfter>
				</li>
				<li>
					<statDef>Beauty</statDef>
					<expiryAfter>1024</expiryAfter>
				</li>
				<li>
					<statDef>Cleanliness</statDef>
					<expiryAfter>32.30537</expiryAfter>
				</li>
				<li>
					<statDef>Comfort</statDef>
					<expiryAfter>128</expiryAfter>
				</li>
				<li>
					<statDef>Nutrition</statDef>
					<expiryAfter>418.8051</expiryAfter>
				</li>
				<li>
					<statDef>FoodPoisonChanceFixedHuman</statDef>
					<expiryAfter>32</expiryAfter>
				</li>
				<li>
					<statDef>ShootingAccuracyTurret</statDef>
					<expiryAfter>32</expiryAfter>
				</li>
				<li>
					<statDef>MedicalPotency</statDef>
					<expiryAfter>32</expiryAfter>
				</li>
				<li>
					<statDef>MedicalQualityMax</statDef>
					<expiryAfter>128</expiryAfter>
				</li>
				<li>
					<statDef>ConstructionSpeedFactor</statDef>
					<expiryAfter>37.43839</expiryAfter>
				</li>
				<li>
					<statDef>MeditationFocusStrength</statDef>
					<expiryAfter>32</expiryAfter>
				</li>
				<li>
					<statDef>PsychicSensitivityOffset</statDef>
					<expiryAfter>216.4928</expiryAfter>
				</li>
				<li>
					<statDef>WorkToBuild</statDef>
					<expiryAfter>167.3054</expiryAfter>
				</li>
				<li>
					<statDef>DoorOpenSpeed</statDef>
					<expiryAfter>93.45362</expiryAfter>
				</li>
				<li>
					<statDef>BedRestEffectiveness</statDef>
					<expiryAfter>32</expiryAfter>
				</li>
				<li>
					<statDef>TrapMeleeDamage</statDef>
				</li>
				<li>
					<statDef>TrapSpringChance</statDef>
					<expiryAfter>32</expiryAfter>
				</li>
				<li>
					<statDef>ResearchSpeedFactor</statDef>
					<expiryAfter>32</expiryAfter>
				</li>
				<li>
					<statDef>MedicalTendQualityOffset</statDef>
					<expiryAfter>32</expiryAfter>
				</li>
				<li>
					<statDef>ImmunityGainSpeedFactor</statDef>
				</li>
				<li>
					<statDef>WorkTableWorkSpeedFactor</statDef>
					<expiryAfter>128</expiryAfter>
				</li>
				<li>
					<statDef>WorkTableEfficiencyFactor</statDef>
					<expiryAfter>32</expiryAfter>
				</li>
				<li>
					<statDef>JoyGainFactor</statDef>
				</li>
				<li>
					<statDef>SurgerySuccessChanceFactor</statDef>
					<expiryAfter>32</expiryAfter>
				</li>
				<li>
					<statDef>MeleeDPS</statDef>
					<expiryAfter>NaN</expiryAfter>
				</li>
				<li>
					<statDef>MeleeHitChance</statDef>
				</li>
				<li>
					<statDef>ShootingAccuracyPawn</statDef>
					<expiryAfter>33.28379</expiryAfter>
				</li>
				<li>
					<statDef>AimingDelayFactor</statDef>
					<expiryAfter>32.17644</expiryAfter>
				</li>
				<li>
					<statDef>PawnTrapSpringChance</statDef>
					<expiryAfter>32</expiryAfter>
				</li>
				<li>
					<statDef>IncomingDamageFactor</statDef>
					<expiryAfter>33.28896</expiryAfter>
				</li>
				<li>
					<statDef>MoveSpeed</statDef>
					<expiryAfter>330.5609</expiryAfter>
				</li>
				<li>
					<statDef>MentalBreakThreshold</statDef>
					<expiryAfter>705.5634</expiryAfter>
				</li>
				<li>
					<statDef>PsychicSensitivity</statDef>
					<expiryAfter>57.48869</expiryAfter>
				</li>
				<li>
					<statDef>ToxicSensitivity</statDef>
					<expiryAfter>63.05862</expiryAfter>
				</li>
				<li>
					<statDef>GlobalLearningFactor</statDef>
					<expiryAfter>42.89101</expiryAfter>
				</li>
				<li>
					<statDef>HungerRateMultiplier</statDef>
					<expiryAfter>537.8044</expiryAfter>
				</li>
				<li>
					<statDef>RestRateMultiplier</statDef>
					<expiryAfter>186.9033</expiryAfter>
				</li>
				<li>
					<statDef>EatingSpeed</statDef>
					<expiryAfter>32.41597</expiryAfter>
				</li>
				<li>
					<statDef>ComfyTemperatureMin</statDef>
					<expiryAfter>1024</expiryAfter>
				</li>
				<li>
					<statDef>ComfyTemperatureMax</statDef>
					<expiryAfter>1024</expiryAfter>
				</li>
				<li>
					<statDef>CarryingCapacity</statDef>
					<expiryAfter>33.27283</expiryAfter>
				</li>
				<li>
					<statDef>MeatAmount</statDef>
					<expiryAfter>32</expiryAfter>
				</li>
				<li>
					<statDef>LeatherAmount</statDef>
					<expiryAfter>32</expiryAfter>
				</li>
				<li>
					<statDef>MinimumHandlingSkill</statDef>
					<expiryAfter>128</expiryAfter>
				</li>
				<li>
					<statDef>PainShockThreshold</statDef>
					<expiryAfter>72.27842</expiryAfter>
				</li>
				<li>
					<statDef>ForagedNutritionPerDay</statDef>
					<expiryAfter>32</expiryAfter>
				</li>
				<li>
					<statDef>NegotiationAbility</statDef>
				</li>
				<li>
					<statDef>PawnBeauty</statDef>
					<expiryAfter>130.2591</expiryAfter>
				</li>
				<li>
					<statDef>ArrestSuccessChance</statDef>
					<expiryAfter>32</expiryAfter>
				</li>
				<li>
					<statDef>TradePriceImprovement</statDef>
					<expiryAfter>32</expiryAfter>
				</li>
				<li>
					<statDef>SocialImpact</statDef>
					<expiryAfter>32</expiryAfter>
				</li>
				<li>
					<statDef>TameAnimalChance</statDef>
					<expiryAfter>32</expiryAfter>
				</li>
				<li>
					<statDef>TrainAnimalChance</statDef>
					<expiryAfter>32</expiryAfter>
				</li>
				<li>
					<statDef>WorkSpeedGlobal</statDef>
					<expiryAfter>135.993</expiryAfter>
				</li>
				<li>
					<statDef>MiningSpeed</statDef>
					<expiryAfter>130.6046</expiryAfter>
				</li>
				<li>
					<statDef>DeepDrillingSpeed</statDef>
					<expiryAfter>32</expiryAfter>
				</li>
				<li>
					<statDef>MiningYield</statDef>
					<expiryAfter>131.0428</expiryAfter>
				</li>
				<li>
					<statDef>SmoothingSpeed</statDef>
					<expiryAfter>32</expiryAfter>
				</li>
				<li>
					<statDef>ResearchSpeed</statDef>
					<expiryAfter>32</expiryAfter>
				</li>
				<li>
					<statDef>AnimalGatherSpeed</statDef>
					<expiryAfter>32</expiryAfter>
				</li>
				<li>
					<statDef>AnimalGatherYield</statDef>
					<expiryAfter>32</expiryAfter>
				</li>
				<li>
					<statDef>PlantWorkSpeed</statDef>
					<expiryAfter>128</expiryAfter>
				</li>
				<li>
					<statDef>PlantHarvestYield</statDef>
					<expiryAfter>32</expiryAfter>
				</li>
				<li>
					<statDef>HuntingStealth</statDef>
					<expiryAfter>32</expiryAfter>
				</li>
				<li>
					<statDef>ConstructionSpeed</statDef>
					<expiryAfter>37.43839</expiryAfter>
				</li>
				<li>
					<statDef>ConstructSuccessChance</statDef>
					<expiryAfter>37.43839</expiryAfter>
				</li>
				<li>
					<statDef>FixBrokenDownBuildingSuccessChance</statDef>
					<expiryAfter>32</expiryAfter>
				</li>
				<li>
					<statDef>MedicalTendSpeed</statDef>
					<expiryAfter>32</expiryAfter>
				</li>
				<li>
					<statDef>MedicalTendQuality</statDef>
					<expiryAfter>32</expiryAfter>
				</li>
				<li>
					<statDef>MedicalOperationSpeed</statDef>
					<expiryAfter>32</expiryAfter>
				</li>
				<li>
					<statDef>MedicalSurgerySuccessChance</statDef>
					<expiryAfter>32</expiryAfter>
				</li>
				<li>
					<statDef>SmeltingSpeed</statDef>
					<expiryAfter>32</expiryAfter>
				</li>
				<li>
					<statDef>GeneralLaborSpeed</statDef>
					<expiryAfter>32</expiryAfter>
				</li>
				<li>
					<statDef>DrugSynthesisSpeed</statDef>
					<expiryAfter>32</expiryAfter>
				</li>
				<li>
					<statDef>CookSpeed</statDef>
					<expiryAfter>32</expiryAfter>
				</li>
				<li>
					<statDef>FoodPoisonChance</statDef>
					<expiryAfter>32</expiryAfter>
				</li>
				<li>
					<statDef>DrugCookingSpeed</statDef>
					<expiryAfter>32</expiryAfter>
				</li>
				<li>
					<statDef>ButcheryFleshSpeed</statDef>
					<expiryAfter>32</expiryAfter>
				</li>
				<li>
					<statDef>ButcheryMechanoidSpeed</statDef>
					<expiryAfter>32</expiryAfter>
				</li>
				<li>
					<statDef>ButcheryFleshEfficiency</statDef>
					<expiryAfter>32</expiryAfter>
				</li>
				<li>
					<statDef>ButcheryMechanoidEfficiency</statDef>
					<expiryAfter>32</expiryAfter>
				</li>
				<li>
					<statDef>StuffPower_Armor_Sharp</statDef>
					<expiryAfter>131.5679</expiryAfter>
				</li>
				<li>
					<statDef>StuffPower_Armor_Blunt</statDef>
					<expiryAfter>132.0951</expiryAfter>
				</li>
				<li>
					<statDef>StuffPower_Armor_Heat</statDef>
					<expiryAfter>130.194</expiryAfter>
				</li>
				<li>
					<statDef>StuffPower_Insulation_Cold</statDef>
					<expiryAfter>700.4931</expiryAfter>
				</li>
				<li>
					<statDef>StuffPower_Insulation_Heat</statDef>
					<expiryAfter>700.4931</expiryAfter>
				</li>
				<li>
					<statDef>MeleeWeapon_AverageDPS</statDef>
				</li>
				<li>
					<statDef>MeleeWeapon_AverageArmorPenetration</statDef>
				</li>
				<li>
					<statDef>MeleeWeapon_DamageMultiplier</statDef>
				</li>
				<li>
					<statDef>MeleeWeapon_CooldownMultiplier</statDef>
				</li>
				<li>
					<statDef>SharpDamageMultiplier</statDef>
					<expiryAfter>32.40241</expiryAfter>
				</li>
				<li>
					<statDef>BluntDamageMultiplier</statDef>
					<expiryAfter>32.25696</expiryAfter>
				</li>
				<li>
					<statDef>Bladelink_DetectionChance</statDef>
					<expiryAfter>32</expiryAfter>
				</li>
				<li>
					<statDef>AccuracyTouch</statDef>
					<expiryAfter>32.37003</expiryAfter>
				</li>
				<li>
					<statDef>AccuracyShort</statDef>
					<expiryAfter>32</expiryAfter>
				</li>
				<li>
					<statDef>AccuracyMedium</statDef>
					<expiryAfter>32</expiryAfter>
				</li>
				<li>
					<statDef>AccuracyLong</statDef>
					<expiryAfter>32</expiryAfter>
				</li>
				<li>
					<statDef>RangedWeapon_Cooldown</statDef>
				</li>
				<li>
					<statDef>RangedWeapon_DamageMultiplier</statDef>
				</li>
				<li>
					<statDef>JumpRange</statDef>
				</li>
				<li>
					<statDef>PsychicEntropyMax</statDef>
					<expiryAfter>128</expiryAfter>
				</li>
				<li>
					<statDef>PsychicEntropyRecoveryRate</statDef>
					<expiryAfter>32</expiryAfter>
				</li>
				<li>
					<statDef>PsychicEntropyGain</statDef>
				</li>
				<li>
					<statDef>MeditationFocusGain</statDef>
				</li>
				<li>
					<statDef>ThirstRateMultiplier</statDef>
					<expiryAfter>64.84875</expiryAfter>
				</li>
				<li>
					<statDef>HygieneRateMultiplier</statDef>
					<expiryAfter>43.93259</expiryAfter>
				</li>
				<li>
					<statDef>BladderRateMultiplier</statDef>
					<expiryAfter>44.13068</expiryAfter>
				</li>
				<li>
					<statDef>ImmunityGainSpeed</statDef>
				</li>
				<li>
					<statDef>TinkerSpeed</statDef>
					<expiryAfter>32</expiryAfter>
				</li>
				<li>
					<statDef>Shield_BaseMeleeBlockChance</statDef>
				</li>
				<li>
					<statDef>Shield_BaseRangedBlockChance</statDef>
				</li>
				<li>
					<statDef>Shield_DamageAbsorbed</statDef>
					<expiryAfter>32</expiryAfter>
				</li>
				<li>
					<statDef>MeleeShieldBlockChance</statDef>
				</li>
				<li>
					<statDef>RangedShieldBlockChance</statDef>
				</li>
				<li>
					<statDef>MeleeWeapon_DeflectionChance</statDef>
				</li>
				<li>
					<statDef>WTH_PowerProduction</statDef>
					<expiryAfter>34.43996</expiryAfter>
				</li>
				<li>
					<statDef>WTH_PowerRate</statDef>
					<expiryAfter>34.43996</expiryAfter>
				</li>
				<li>
					<statDef>WTH_PowerRatePercentage</statDef>
					<expiryAfter>32</expiryAfter>
				</li>
				<li>
					<statDef>WTH_BatteryCapacity</statDef>
					<expiryAfter>35.01278</expiryAfter>
				</li>
				<li>
					<statDef>WTH_BatteryCapacityPercentage</statDef>
					<expiryAfter>32</expiryAfter>
				</li>
				<li>
					<statDef>WTH_RechargeRate</statDef>
					<expiryAfter>32</expiryAfter>
				</li>
				<li>
					<statDef>WTH_RepairRate</statDef>
					<expiryAfter>32</expiryAfter>
				</li>
				<li>
					<statDef>WTH_PartConsumptionRate</statDef>
					<expiryAfter>32</expiryAfter>
				</li>
				<li>
					<statDef>WTH_ControllerBeltRadius</statDef>
					<expiryAfter>32</expiryAfter>
				</li>
				<li>
					<statDef>WTH_HackingMaintenanceSpeed</statDef>
					<expiryAfter>32</expiryAfter>
				</li>
				<li>
					<statDef>WTH_HackingSuccessChance</statDef>
					<expiryAfter>32</expiryAfter>
				</li>
				<li>
					<statDef>WornBulk</statDef>
					<expiryAfter>44.35183</expiryAfter>
				</li>
				<li>
					<statDef>ArmorRating_Electric</statDef>
					<expiryAfter>32</expiryAfter>
				</li>
				<li>
					<statDef>ElectricDamageMultiplier</statDef>
					<expiryAfter>32</expiryAfter>
				</li>
				<li>
					<statDef>Bulk</statDef>
					<expiryAfter>50.33103</expiryAfter>
				</li>
				<li>
					<statDef>AmmoCaliber</statDef>
					<expiryAfter>32</expiryAfter>
				</li>
				<li>
					<statDef>AimingAccuracy</statDef>
					<expiryAfter>32.89145</expiryAfter>
				</li>
				<li>
					<statDef>ReloadSpeed</statDef>
					<expiryAfter>32.03201</expiryAfter>
				</li>
				<li>
					<statDef>Suppressability</statDef>
					<expiryAfter>32.19252</expiryAfter>
				</li>
				<li>
					<statDef>AverageSharpArmor</statDef>
					<expiryAfter>32.19252</expiryAfter>
				</li>
				<li>
					<statDef>MeleeArmorPenetration</statDef>
				</li>
				<li>
					<statDef>MeleeCritChance</statDef>
				</li>
				<li>
					<statDef>MeleeDodgeChance</statDef>
				</li>
				<li>
					<statDef>MeleeParryChance</statDef>
				</li>
				<li>
					<statDef>UnarmedDamage</statDef>
					<expiryAfter>32.22587</expiryAfter>
				</li>
				<li>
					<statDef>BodyPartSharpArmor</statDef>
					<expiryAfter>32.46726</expiryAfter>
				</li>
				<li>
					<statDef>BodyPartBluntArmor</statDef>
					<expiryAfter>32.27309</expiryAfter>
				</li>
				<li>
					<statDef>SmokeSensitivity</statDef>
					<expiryAfter>32</expiryAfter>
				</li>
				<li>
					<statDef>CarryWeight</statDef>
					<expiryAfter>334.5054</expiryAfter>
				</li>
				<li>
					<statDef>CarryBulk</statDef>
					<expiryAfter>37.02893</expiryAfter>
				</li>
				<li>
					<statDef>StuffPower_Armor_Electric</statDef>
					<expiryAfter>128</expiryAfter>
				</li>
				<li>
					<statDef>MeleeDamage</statDef>
				</li>
				<li>
					<statDef>MeleePenetrationFactor</statDef>
				</li>
				<li>
					<statDef>MeleeCounterParryBonus</statDef>
				</li>
				<li>
					<statDef>SightsEfficiency</statDef>
					<expiryAfter>32.28923</expiryAfter>
				</li>
				<li>
					<statDef>ShotSpread</statDef>
					<expiryAfter>32.28923</expiryAfter>
				</li>
				<li>
					<statDef>SwayFactor</statDef>
					<expiryAfter>32.28923</expiryAfter>
				</li>
				<li>
					<statDef>Caliber</statDef>
					<expiryAfter>32</expiryAfter>
				</li>
				<li>
					<statDef>MagazineCapacity</statDef>
					<expiryAfter>32</expiryAfter>
				</li>
				<li>
					<statDef>ammoConsumedPerShotCount</statDef>
					<expiryAfter>32</expiryAfter>
				</li>
				<li>
					<statDef>ArrestPeacefullyChance</statDef>
					<expiryAfter>32</expiryAfter>
				</li>
			</AllSettings>
		</StatSettings>
		<protonSettings>
			<minInterval_NewTemp>2.5</minInterval_NewTemp>
			<settings>
				<li>
					<typeId>RimWorld.Alert_MajorOrExtremeBreakRisk</typeId>
					<avgT>0.2327526</avgT>
					<lastVersion_NewTemp>0</lastVersion_NewTemp>
				</li>
				<li>
					<ignore>True</ignore>
					<typeId>RimWorld.Alert_Hypothermia</typeId>
					<avgT>0.2055965</avgT>
					<lastVersion_NewTemp>0</lastVersion_NewTemp>
				</li>
				<li>
					<typeId>RimWorld.Alert_ColonistNeedsRescuing</typeId>
					<avgT>0.007353716</avgT>
					<lastVersion_NewTemp>0</lastVersion_NewTemp>
				</li>
				<li>
					<ignore>True</ignore>
					<typeId>RimWorld.Alert_LifeThreateningHediff</typeId>
					<avgT>0.1901109</avgT>
					<lastVersion_NewTemp>0</lastVersion_NewTemp>
				</li>
				<li>
					<typeId>RimWorld.Alert_FireInHomeArea</typeId>
					<avgT>0.003855723</avgT>
					<lastVersion_NewTemp>0</lastVersion_NewTemp>
				</li>
				<li>
					<typeId>RimWorld.Alert_ImmobileCaravan</typeId>
					<avgT>0.002958417</avgT>
					<lastVersion_NewTemp>0</lastVersion_NewTemp>
				</li>
				<li>
					<typeId>RimWorld.Alert_DisallowedBuildingInsideMonument</typeId>
					<avgT>0.004314342</avgT>
					<lastVersion_NewTemp>0</lastVersion_NewTemp>
				</li>
				<li>
					<typeId>RimWorld.Alert_HypothermicAnimals</typeId>
					<avgT>0.002145675</avgT>
					<lastVersion_NewTemp>0</lastVersion_NewTemp>
				</li>
				<li>
					<typeId>RimWorld.Alert_MinorBreakRisk</typeId>
					<avgT>0.3487654</avgT>
					<lastVersion_NewTemp>0</lastVersion_NewTemp>
				</li>
				<li>
					<typeId>RimWorld.Alert_BestowerWaiting</typeId>
					<avgT>0.003958559</avgT>
					<lastVersion_NewTemp>0</lastVersion_NewTemp>
				</li>
				<li>
					<typeId>RimWorld.Alert_NeedDefenses</typeId>
					<avgT>0.002340685</avgT>
					<lastVersion_NewTemp>0</lastVersion_NewTemp>
				</li>
				<li>
					<typeId>RimWorld.Alert_QuestExpiresSoon</typeId>
					<avgT>0.00251923</avgT>
					<lastVersion_NewTemp>0</lastVersion_NewTemp>
				</li>
				<li>
					<ignore>True</ignore>
					<typeId>RimWorld.Alert_NeedDoctor</typeId>
					<avgT>0.1472466</avgT>
					<lastVersion_NewTemp>0</lastVersion_NewTemp>
				</li>
				<li>
					<typeId>RimWorld.Alert_NeedMiner</typeId>
					<avgT>0.005723511</avgT>
					<lastVersion_NewTemp>0</lastVersion_NewTemp>
				</li>
				<li>
					<typeId>RimWorld.Alert_NeedWarden</typeId>
					<avgT>0.002399423</avgT>
					<lastVersion_NewTemp>0</lastVersion_NewTemp>
				</li>
				<li>
					<ignore>True</ignore>
					<typeId>RimWorld.Alert_LowFood</typeId>
					<avgT>0.204937</avgT>
					<lastVersion_NewTemp>0</lastVersion_NewTemp>
				</li>
				<li>
					<typeId>RimWorld.Alert_LowMedicine</typeId>
					<avgT>0.3141893</avgT>
					<lastVersion_NewTemp>0</lastVersion_NewTemp>
				</li>
				<li>
					<typeId>RimWorld.Alert_NeedWarmClothes</typeId>
					<avgT>0.5042456</avgT>
					<lastVersion_NewTemp>0</lastVersion_NewTemp>
				</li>
				<li>
					<typeId>RimWorld.Alert_NeedColonistBeds</typeId>
					<avgT>0.222332</avgT>
					<lastVersion_NewTemp>0</lastVersion_NewTemp>
				</li>
				<li>
					<typeId>RimWorld.Alert_ColonistLeftUnburied</typeId>
					<avgT>0.006075404</avgT>
					<lastVersion_NewTemp>0</lastVersion_NewTemp>
				</li>
				<li>
					<typeId>RimWorld.Alert_HunterLacksRangedWeapon</typeId>
					<avgT>0.1589448</avgT>
					<lastVersion_NewTemp>0</lastVersion_NewTemp>
				</li>
				<li>
					<typeId>RimWorld.Alert_ColonistNeedsTend</typeId>
					<avgT>0.1547389</avgT>
					<lastVersion_NewTemp>0</lastVersion_NewTemp>
				</li>
				<li>
					<ignore>True</ignore>
					<typeId>RimWorld.Alert_StarvationColonists</typeId>
					<avgT>0.1452828</avgT>
					<lastVersion_NewTemp>0</lastVersion_NewTemp>
				</li>
				<li>
					<typeId>RimWorld.Alert_Exhaustion</typeId>
					<avgT>0.1519743</avgT>
					<lastVersion_NewTemp>0</lastVersion_NewTemp>
				</li>
				<li>
					<ignore>True</ignore>
					<typeId>RimWorld.Alert_Heatstroke</typeId>
					<avgT>0.006198744</avgT>
					<lastVersion_NewTemp>0</lastVersion_NewTemp>
				</li>
				<li>
					<typeId>RimWorld.Alert_PasteDispenserNeedsHopper</typeId>
					<avgT>0.003588689</avgT>
					<lastVersion_NewTemp>0</lastVersion_NewTemp>
				</li>
				<li>
					<typeId>RimWorld.Alert_ActivatorCountdown</typeId>
					<avgT>0.007327808</avgT>
					<lastVersion_NewTemp>0</lastVersion_NewTemp>
				</li>
				<li>
					<typeId>RimWorld.Alert_ColonistsIdle</typeId>
					<avgT>0.007680241</avgT>
					<lastVersion_NewTemp>0</lastVersion_NewTemp>
				</li>
				<li>
					<typeId>RimWorld.Alert_CaravanIdle</typeId>
					<avgT>0.004290123</avgT>
					<lastVersion_NewTemp>0</lastVersion_NewTemp>
				</li>
				<li>
					<typeId>RimWorld.Alert_RoyalNoThroneAssigned</typeId>
					<avgT>0.1470444</avgT>
					<lastVersion_NewTemp>0</lastVersion_NewTemp>
				</li>
				<li>
					<typeId>RimWorld.Alert_UndignifiedThroneroom</typeId>
					<avgT>0.1513281</avgT>
					<lastVersion_NewTemp>0</lastVersion_NewTemp>
				</li>
				<li>
					<typeId>RimWorld.Alert_UndignifiedBedroom</typeId>
					<avgT>0.158496</avgT>
					<lastVersion_NewTemp>0</lastVersion_NewTemp>
				</li>
				<li>
					<typeId>RimWorld.Alert_TitleRequiresBedroom</typeId>
					<avgT>0.1546611</avgT>
					<lastVersion_NewTemp>0</lastVersion_NewTemp>
				</li>
				<li>
					<typeId>RimWorld.Alert_RoyalNoAcceptableFood</typeId>
					<avgT>0.1549049</avgT>
					<lastVersion_NewTemp>0</lastVersion_NewTemp>
				</li>
				<li>
					<typeId>RimWorld.Alert_ThroneroomInvalidConfiguration</typeId>
					<avgT>0.002854795</avgT>
					<lastVersion_NewTemp>0</lastVersion_NewTemp>
				</li>
				<li>
					<typeId>RimWorld.Alert_NeedMealSource</typeId>
					<avgT>0.01666483</avgT>
					<lastVersion_NewTemp>0</lastVersion_NewTemp>
				</li>
				<li>
					<typeId>RimWorld.Alert_NeedJoySources</typeId>
					<avgT>0.7160159</avgT>
					<lastVersion_NewTemp>0</lastVersion_NewTemp>
				</li>
				<li>
					<typeId>RimWorld.Alert_Boredom</typeId>
					<avgT>0.04026089</avgT>
					<lastVersion_NewTemp>0</lastVersion_NewTemp>
				</li>
				<li>
					<typeId>RimWorld.Alert_NeedBatteries</typeId>
					<avgT>0.01805126</avgT>
					<lastVersion_NewTemp>0</lastVersion_NewTemp>
				</li>
				<li>
					<typeId>RimWorld.Alert_NeedResearchProject</typeId>
					<avgT>0.00231703</avgT>
					<lastVersion_NewTemp>0</lastVersion_NewTemp>
				</li>
				<li>
					<typeId>RimWorld.Alert_AwaitingMedicalOperation</typeId>
					<avgT>0.006366852</avgT>
					<lastVersion_NewTemp>0</lastVersion_NewTemp>
				</li>
				<li>
					<typeId>RimWorld.Alert_BrawlerHasRangedWeapon</typeId>
					<avgT>0.008282923</avgT>
					<lastVersion_NewTemp>0</lastVersion_NewTemp>
				</li>
				<li>
					<typeId>RimWorld.Alert_ShieldUserHasRangedWeapon</typeId>
					<avgT>0.007928686</avgT>
					<lastVersion_NewTemp>0</lastVersion_NewTemp>
				</li>
				<li>
					<ignore>True</ignore>
					<typeId>RimWorld.Alert_StarvationAnimals</typeId>
					<avgT>0.1465446</avgT>
					<lastVersion_NewTemp>0</lastVersion_NewTemp>
				</li>
				<li>
					<typeId>RimWorld.Alert_BilliardsTableOnWall</typeId>
					<avgT>0.00389297</avgT>
					<lastVersion_NewTemp>0</lastVersion_NewTemp>
				</li>
				<li>
					<typeId>RimWorld.Alert_CannotBeUsedRoofed</typeId>
					<avgT>0.005460418</avgT>
					<lastVersion_NewTemp>0</lastVersion_NewTemp>
				</li>
				<li>
					<typeId>RimWorld.Alert_HunterHasShieldAndRangedWeapon</typeId>
					<avgT>0.008861137</avgT>
					<lastVersion_NewTemp>0</lastVersion_NewTemp>
				</li>
				<li>
					<typeId>RimWorld.Alert_MonumentMarkerMissingBlueprints</typeId>
					<avgT>0.003957032</avgT>
					<lastVersion_NewTemp>0</lastVersion_NewTemp>
				</li>
				<li>
					<typeId>RimWorld.Alert_ShuttleLandingBeaconUnusable</typeId>
					<avgT>0.003985453</avgT>
					<lastVersion_NewTemp>0</lastVersion_NewTemp>
				</li>
				<li>
					<typeId>RimWorld.Alert_NeedMeditationSpot</typeId>
					<avgT>0.009000909</avgT>
					<lastVersion_NewTemp>0</lastVersion_NewTemp>
				</li>
				<li>
					<typeId>RimWorld.Alert_UnusableMeditationFocus</typeId>
					<avgT>0.01016971</avgT>
					<lastVersion_NewTemp>0</lastVersion_NewTemp>
				</li>
				<li>
					<typeId>RimWorld.Alert_TatteredApparel</typeId>
					<avgT>0.7003709</avgT>
					<lastVersion_NewTemp>0</lastVersion_NewTemp>
				</li>
				<li>
					<typeId>RimWorld.Alert_UnhappyNudity</typeId>
					<avgT>0.5710142</avgT>
					<lastVersion_NewTemp>0</lastVersion_NewTemp>
				</li>
				<li>
					<typeId>RimWorld.Alert_UnusableMeditationFocus+Alert_PermitAvailable</typeId>
					<avgT>0.008761946</avgT>
					<lastVersion_NewTemp>0</lastVersion_NewTemp>
				</li>
				<li>
					<typeId>DubsBadHygiene.Alert_ToxicFallout</typeId>
					<avgT>0.005130278</avgT>
					<lastVersion_NewTemp>0</lastVersion_NewTemp>
				</li>
				<li>
					<typeId>DubsBadHygiene.Alert_BlockedSewer</typeId>
					<avgT>0.0200719</avgT>
					<lastVersion_NewTemp>0</lastVersion_NewTemp>
				</li>
				<li>
					<typeId>DubsBadHygiene.Alert_WaterTemp</typeId>
					<avgT>0.02075326</avgT>
					<lastVersion_NewTemp>0</lastVersion_NewTemp>
				</li>
				<li>
					<typeId>DubsBadHygiene.Alert_ContamLevels</typeId>
					<avgT>0.02390589</avgT>
					<lastVersion_NewTemp>0</lastVersion_NewTemp>
				</li>
				<li>
					<typeId>DubsBadHygiene.Alert_ContaminatedTower</typeId>
					<avgT>0.02345653</avgT>
					<lastVersion_NewTemp>0</lastVersion_NewTemp>
				</li>
				<li>
					<typeId>DubsBadHygiene.Alert_MissingPump</typeId>
					<avgT>0.006451714</avgT>
					<lastVersion_NewTemp>0</lastVersion_NewTemp>
				</li>
				<li>
					<typeId>DubsBadHygiene.Alert_MissingWell</typeId>
					<avgT>0.005190148</avgT>
					<lastVersion_NewTemp>0</lastVersion_NewTemp>
				</li>
				<li>
					<typeId>DubsBadHygiene.Alert_MissingTower</typeId>
					<avgT>0.005151211</avgT>
					<lastVersion_NewTemp>0</lastVersion_NewTemp>
				</li>
				<li>
					<typeId>WhatTheHack.Alerts.Alert_LowMechanoidParts</typeId>
					<avgT>0.1483629</avgT>
					<lastVersion_NewTemp>0</lastVersion_NewTemp>
				</li>
				<li>
					<typeId>WhatTheHack.Alerts.Alert_RogueAI_MoodVeryLow</typeId>
					<avgT>0.01712046</avgT>
					<lastVersion_NewTemp>0</lastVersion_NewTemp>
				</li>
				<li>
					<typeId>WhatTheHack.Alerts.Alert_RogueAI_MoodLow</typeId>
					<avgT>0.01298833</avgT>
					<lastVersion_NewTemp>0</lastVersion_NewTemp>
				</li>
				<li>
					<typeId>WhatTheHack.Alerts.Alert_RogueAI_NoPower</typeId>
					<avgT>0.01453482</avgT>
					<lastVersion_NewTemp>0</lastVersion_NewTemp>
				</li>
				<li>
					<typeId>WhatTheHack.Alerts.Alert_RogueAI_DrainingMood</typeId>
					<avgT>0.0152632</avgT>
					<lastVersion_NewTemp>0</lastVersion_NewTemp>
				</li>
				<li>
					<typeId>WhatTheHack.Alerts.Alert_EmergencySignalCooldown</typeId>
					<avgT>0.0005057787</avgT>
					<lastVersion_NewTemp>0</lastVersion_NewTemp>
				</li>
				<li>
					<typeId>WhatTheHack.Alerts.Alert_EmergencySignalTransmitted</typeId>
					<avgT>0.0004796232</avgT>
					<lastVersion_NewTemp>0</lastVersion_NewTemp>
				</li>
				<li>
					<typeId>WhatTheHack.Alerts.Alert_MaintenanceLow</typeId>
					<avgT>0.03158617</avgT>
					<lastVersion_NewTemp>0</lastVersion_NewTemp>
				</li>
				<li>
					<typeId>WhatTheHack.Alerts.Alert_MaintenanceVeryLow</typeId>
					<avgT>0.02993606</avgT>
					<lastVersion_NewTemp>0</lastVersion_NewTemp>
				</li>
				<li>
					<typeId>WhatTheHack.Alerts.Alert_NotEnoughPlatforms</typeId>
					<avgT>0.006030334</avgT>
					<lastVersion_NewTemp>0</lastVersion_NewTemp>
				</li>
				<li>
					<typeId>WhatTheHack.Alerts.Alert_PowerLow</typeId>
					<avgT>0.03199513</avgT>
					<lastVersion_NewTemp>0</lastVersion_NewTemp>
				</li>
				<li>
					<typeId>CombatExtended.Alert_ColonistHasShieldAndTwoHandedWeapon</typeId>
					<avgT>0.005650506</avgT>
					<lastVersion_NewTemp>0</lastVersion_NewTemp>
				</li>
				<li>
					<typeId>GiddyUpRideAndRoll.Alerts.Alert_NoDropAnimal</typeId>
					<avgT>0.01653627</avgT>
					<lastVersion_NewTemp>0</lastVersion_NewTemp>
				</li>
				<li>
					<typeId>SimpleSidearms.rimworld.alerts.Alert_MissingSidearm</typeId>
					<avgT>0.0112094</avgT>
					<lastVersion_NewTemp>0</lastVersion_NewTemp>
				</li>
				<li>
					<typeId>ExpandedIncidents.Alert_Homesick</typeId>
					<avgT>0.5361107</avgT>
					<lastVersion_NewTemp>0</lastVersion_NewTemp>
				</li>
				<li>
					<typeId>ExpandedIncidents.Alert_CliqueMembers</typeId>
					<avgT>0.01003696</avgT>
					<lastVersion_NewTemp>0</lastVersion_NewTemp>
				</li>
				<li>
					<typeId>ZombieLand.Alert_ColonistsBittenByZombie</typeId>
					<avgT>0.01149928</avgT>
					<lastVersion_NewTemp>0</lastVersion_NewTemp>
				</li>
				<li>
					<typeId>ZombieLand.Alert_ImminentZombiInfection</typeId>
					<avgT>0.01419396</avgT>
					<lastVersion_NewTemp>0</lastVersion_NewTemp>
				</li>
				<li>
					<typeId>ZombieLand.Alert_ZombieInfection</typeId>
					<avgT>0.01945826</avgT>
					<lastVersion_NewTemp>0</lastVersion_NewTemp>
				</li>
				<li>
					<typeId>ZombieLand.Alert_DaysUntilSpawning</typeId>
					<avgT>0.02199833</avgT>
					<lastVersion_NewTemp>0</lastVersion_NewTemp>
				</li>
				<li>
					<typeId>Psychology.Alert_Individuality</typeId>
					<avgT>0.5184211</avgT>
					<lastVersion_NewTemp>0</lastVersion_NewTemp>
				</li>
				<li>
					<typeId>RocketMan.Alert_StatsLearning</typeId>
					<avgT>0.001975216</avgT>
					<lastVersion_NewTemp>0</lastVersion_NewTemp>
				</li>
			</settings>
		</protonSettings>
		<soyuzSettings_NewTemp>
			<AllRaceSettings_NewTemp>
				<li>
					<pawnDef>MilitaryHorse</pawnDef>
					<version>1</version>
				</li>
				<li>
					<pawnDef>VFE_Mech_AdvancedCentipede</pawnDef>
					<enabled>False</enabled>
					<version>1</version>
				</li>
				<li>
					<pawnDef>Mech_NovaBlossom</pawnDef>
					<enabled>False</enabled>
					<version>1</version>
				</li>
				<li>
					<pawnDef>Human_Hero</pawnDef>
					<enabled>False</enabled>
					<version>1</version>
				</li>
				<li>
					<pawnDef>Muffalo</pawnDef>
					<version>1</version>
				</li>
				<li>
					<pawnDef>Human</pawnDef>
					<enabled>False</enabled>
					<version>1</version>
				</li>
				<li>
					<pawnDef>VFE_Mech_AdvancedLancer</pawnDef>
					<enabled>False</enabled>
					<version>1</version>
				</li>
				<li>
					<pawnDef>AMW_Mech_Blacklight</pawnDef>
					<enabled>False</enabled>
					<version>1</version>
				</li>
				<li>
					<pawnDef>Mutant_Ogron</pawnDef>
					<enabled>False</enabled>
					<version>1</version>
				</li>
				<li>
					<pawnDef>Gazelle</pawnDef>
					<version>1</version>
				</li>
				<li>
					<pawnDef>Mech_Crawler</pawnDef>
					<enabled>False</enabled>
					<version>1</version>
				</li>
				<li>
					<pawnDef>VFE_Mech_AdvancedKnight</pawnDef>
					<enabled>False</enabled>
					<version>1</version>
				</li>
				<li>
					<pawnDef>AMW_Mech_Frosthound</pawnDef>
					<enabled>False</enabled>
					<version>1</version>
				</li>
				<li>
					<pawnDef>Mutant_Twisted</pawnDef>
					<enabled>False</enabled>
					<version>1</version>
				</li>
				<li>
					<pawnDef>Iguana</pawnDef>
					<version>1</version>
				</li>
				<li>
					<pawnDef>Mech_Skullywag</pawnDef>
					<enabled>False</enabled>
					<version>1</version>
				</li>
				<li>
					<pawnDef>VFE_Mech_AdvancedInquisitor</pawnDef>
					<enabled>False</enabled>
					<version>1</version>
				</li>
				<li>
					<pawnDef>AMW_Mech_Supernova</pawnDef>
					<enabled>False</enabled>
					<version>1</version>
				</li>
				<li>
					<pawnDef>Mutant_Shadark</pawnDef>
					<enabled>False</enabled>
					<version>1</version>
				</li>
				<li>
					<pawnDef>Dromedary</pawnDef>
					<version>1</version>
				</li>
				<li>
					<pawnDef>Mech_Flamebot</pawnDef>
					<enabled>False</enabled>
					<version>1</version>
				</li>
				<li>
					<pawnDef>VFE_Mech_AdvancedScyther</pawnDef>
					<enabled>False</enabled>
					<version>1</version>
				</li>
				<li>
					<pawnDef>Mech_Derg</pawnDef>
					<enabled>False</enabled>
					<version>1</version>
				</li>
				<li>
					<pawnDef>Mutant_Razortooth</pawnDef>
					<enabled>False</enabled>
					<version>1</version>
				</li>
				<li>
					<pawnDef>Bear_Grizzly</pawnDef>
					<version>1</version>
				</li>
				<li>
					<pawnDef>Mech_Mammoth</pawnDef>
					<enabled>False</enabled>
					<version>1</version>
				</li>
				<li>
					<pawnDef>VFE_Mech_AdvancedPikeman</pawnDef>
					<enabled>False</enabled>
					<version>1</version>
				</li>
				<li>
					<pawnDef>Mech_Charger</pawnDef>
					<enabled>False</enabled>
					<version>1</version>
				</li>
				<li>
					<pawnDef>Bear_Polar</pawnDef>
					<version>1</version>
				</li>
				<li>
					<pawnDef>Mech_Assaulter</pawnDef>
					<enabled>False</enabled>
					<version>1</version>
				</li>
				<li>
					<pawnDef>VFE_Mech_AdvancedCarpenter</pawnDef>
					<enabled>False</enabled>
					<version>1</version>
				</li>
				<li>
					<pawnDef>Mech_Anarchist</pawnDef>
					<enabled>False</enabled>
					<version>1</version>
				</li>
				<li>
					<pawnDef>Cougar</pawnDef>
					<version>1</version>
				</li>
				<li>
					<pawnDef>VFE_AncientMech_AncientCarpenter</pawnDef>
					<enabled>False</enabled>
					<version>1</version>
				</li>
				<li>
					<pawnDef>Mech_Headhunter</pawnDef>
					<enabled>False</enabled>
					<version>1</version>
				</li>
				<li>
					<pawnDef>Panther</pawnDef>
					<version>1</version>
				</li>
				<li>
					<pawnDef>VFE_Mechanoids_Autocleaner</pawnDef>
					<enabled>False</enabled>
					<version>1</version>
				</li>
				<li>
					<pawnDef>Mech_Purger</pawnDef>
					<enabled>False</enabled>
					<version>1</version>
				</li>
				<li>
					<pawnDef>Lynx</pawnDef>
					<version>1</version>
				</li>
				<li>
					<pawnDef>VFE_Mechanoids_Autohauler</pawnDef>
					<enabled>False</enabled>
					<version>1</version>
				</li>
				<li>
					<pawnDef>Mech_Reaper</pawnDef>
					<enabled>False</enabled>
					<version>1</version>
				</li>
				<li>
					<pawnDef>Cassowary</pawnDef>
					<version>1</version>
				</li>
				<li>
					<pawnDef>VFE_Mechanoids_Autominer</pawnDef>
					<enabled>False</enabled>
					<version>1</version>
				</li>
				<li>
					<pawnDef>Mech_Impulse</pawnDef>
					<enabled>False</enabled>
					<version>1</version>
				</li>
				<li>
					<pawnDef>Emu</pawnDef>
					<version>1</version>
				</li>
				<li>
					<pawnDef>VFE_Mechanoids_Combat</pawnDef>
					<enabled>False</enabled>
					<version>1</version>
				</li>
				<li>
					<pawnDef>Mech_Scourge</pawnDef>
					<enabled>False</enabled>
					<version>1</version>
				</li>
				<li>
					<pawnDef>Ostrich</pawnDef>
					<version>1</version>
				</li>
				<li>
					<pawnDef>VFE_Mechanoids_Riot</pawnDef>
					<enabled>False</enabled>
					<version>1</version>
				</li>
				<li>
					<pawnDef>Mech_Sawblade</pawnDef>
					<enabled>False</enabled>
					<version>1</version>
				</li>
				<li>
					<pawnDef>Turkey</pawnDef>
					<version>1</version>
				</li>
				<li>
					<pawnDef>VFE_Mechanoids_Turret</pawnDef>
					<enabled>False</enabled>
					<version>1</version>
				</li>
				<li>
					<pawnDef>Mech_Spike</pawnDef>
					<enabled>False</enabled>
					<version>1</version>
				</li>
				<li>
					<pawnDef>Chicken</pawnDef>
					<version>1</version>
				</li>
				<li>
					<pawnDef>VFE_Mech_Centipede</pawnDef>
					<enabled>False</enabled>
					<version>1</version>
				</li>
				<li>
					<pawnDef>Mech_Thrumbo</pawnDef>
					<enabled>False</enabled>
					<version>1</version>
				</li>
				<li>
					<pawnDef>Pig</pawnDef>
					<version>1</version>
				</li>
				<li>
					<pawnDef>VFE_Mech_Lancer</pawnDef>
					<enabled>False</enabled>
					<version>1</version>
				</li>
				<li>
					<pawnDef>Mech_Renegade</pawnDef>
					<enabled>False</enabled>
					<version>1</version>
				</li>
				<li>
					<pawnDef>Cow</pawnDef>
					<version>1</version>
				</li>
				<li>
					<pawnDef>VFE_Mech_Knight</pawnDef>
					<enabled>False</enabled>
					<version>1</version>
				</li>
				<li>
					<pawnDef>Mech_Supressor</pawnDef>
					<enabled>False</enabled>
					<version>1</version>
				</li>
				<li>
					<pawnDef>Alpaca</pawnDef>
					<version>1</version>
				</li>
				<li>
					<pawnDef>VFE_Mech_Inquisitor</pawnDef>
					<enabled>False</enabled>
					<version>1</version>
				</li>
				<li>
					<pawnDef>Mech_Flayer</pawnDef>
					<enabled>False</enabled>
					<version>1</version>
				</li>
				<li>
					<pawnDef>Duck</pawnDef>
					<version>1</version>
				</li>
				<li>
					<pawnDef>VFE_Mech_Scyther</pawnDef>
					<enabled>False</enabled>
					<version>1</version>
				</li>
				<li>
					<pawnDef>Mech_Vortex</pawnDef>
					<enabled>False</enabled>
					<version>1</version>
				</li>
				<li>
					<pawnDef>Bison</pawnDef>
					<version>1</version>
				</li>
				<li>
					<pawnDef>VFE_Mech_Pikeman</pawnDef>
					<enabled>False</enabled>
					<version>1</version>
				</li>
				<li>
					<pawnDef>Mech_Wraith</pawnDef>
					<enabled>False</enabled>
					<version>1</version>
				</li>
				<li>
					<pawnDef>Goat</pawnDef>
					<version>1</version>
				</li>
				<li>
					<pawnDef>VFE_Mech_Carpenter</pawnDef>
					<enabled>False</enabled>
					<version>1</version>
				</li>
				<li>
					<pawnDef>Mech_Nomad</pawnDef>
					<enabled>False</enabled>
					<version>1</version>
				</li>
				<li>
					<pawnDef>Goose</pawnDef>
					<version>1</version>
				</li>
				<li>
					<pawnDef>Mech_AMWSeeker</pawnDef>
					<enabled>False</enabled>
					<version>1</version>
				</li>
				<li>
					<pawnDef>Sheep</pawnDef>
					<version>1</version>
				</li>
				<li>
					<pawnDef>Mech_Spectre</pawnDef>
					<enabled>False</enabled>
					<version>1</version>
				</li>
				<li>
					<pawnDef>Horse</pawnDef>
					<version>1</version>
				</li>
				<li>
					<pawnDef>Mech_Stalker</pawnDef>
					<enabled>False</enabled>
					<version>1</version>
				</li>
				<li>
					<pawnDef>Yak</pawnDef>
					<version>1</version>
				</li>
				<li>
					<pawnDef>Zombie</pawnDef>
					<enabled>False</enabled>
					<version>1</version>
				</li>
				<li>
					<pawnDef>GuineaPig</pawnDef>
					<version>1</version>
				</li>
				<li>
					<pawnDef>Donkey</pawnDef>
					<version>1</version>
				</li>
				<li>
					<pawnDef>Rhinoceros</pawnDef>
					<version>1</version>
				</li>
				<li>
					<pawnDef>Elephant</pawnDef>
					<version>1</version>
				</li>
				<li>
					<pawnDef>Megasloth</pawnDef>
					<version>1</version>
				</li>
				<li>
					<pawnDef>Thrumbo</pawnDef>
					<version>1</version>
				</li>
				<li>
					<pawnDef>Hare</pawnDef>
					<version>1</version>
				</li>
				<li>
					<pawnDef>Snowhare</pawnDef>
					<version>1</version>
				</li>
				<li>
					<pawnDef>Megascarab</pawnDef>
					<version>1</version>
				</li>
				<li>
					<pawnDef>Spelopede</pawnDef>
					<version>1</version>
				</li>
				<li>
					<pawnDef>Megaspider</pawnDef>
					<version>1</version>
				</li>
				<li>
					<pawnDef>YorkshireTerrier</pawnDef>
					<version>1</version>
				</li>
				<li>
					<pawnDef>Husky</pawnDef>
					<version>1</version>
				</li>
				<li>
					<pawnDef>LabradorRetriever</pawnDef>
					<version>1</version>
				</li>
				<li>
					<pawnDef>Cat</pawnDef>
					<version>1</version>
				</li>
				<li>
					<pawnDef>Squirrel</pawnDef>
					<version>1</version>
				</li>
				<li>
					<pawnDef>Alphabeaver</pawnDef>
					<version>1</version>
				</li>
				<li>
					<pawnDef>Capybara</pawnDef>
					<version>1</version>
				</li>
				<li>
					<pawnDef>Chinchilla</pawnDef>
					<version>1</version>
				</li>
				<li>
					<pawnDef>Boomrat</pawnDef>
					<version>1</version>
				</li>
				<li>
					<pawnDef>Raccoon</pawnDef>
					<version>1</version>
				</li>
				<li>
					<pawnDef>Rat</pawnDef>
					<version>1</version>
				</li>
				<li>
					<pawnDef>Deer</pawnDef>
					<version>1</version>
				</li>
				<li>
					<pawnDef>Ibex</pawnDef>
					<version>1</version>
				</li>
				<li>
					<pawnDef>Elk</pawnDef>
					<version>1</version>
				</li>
				<li>
					<pawnDef>Caribou</pawnDef>
					<version>1</version>
				</li>
				<li>
					<pawnDef>WildBoar</pawnDef>
					<version>1</version>
				</li>
				<li>
					<pawnDef>Tortoise</pawnDef>
					<version>1</version>
				</li>
				<li>
					<pawnDef>Cobra</pawnDef>
					<version>1</version>
				</li>
				<li>
					<pawnDef>Monkey</pawnDef>
					<version>1</version>
				</li>
				<li>
					<pawnDef>Boomalope</pawnDef>
					<version>1</version>
				</li>
				<li>
					<pawnDef>Warg</pawnDef>
					<version>1</version>
				</li>
				<li>
					<pawnDef>Wolf_Timber</pawnDef>
					<version>1</version>
				</li>
				<li>
					<pawnDef>Wolf_Arctic</pawnDef>
					<version>1</version>
				</li>
				<li>
					<pawnDef>Fox_Fennec</pawnDef>
					<version>1</version>
				</li>
				<li>
					<pawnDef>Fox_Red</pawnDef>
					<version>1</version>
				</li>
				<li>
					<pawnDef>Fox_Arctic</pawnDef>
					<version>1</version>
				</li>
				<li>
					<pawnDef>Mech_Centipede</pawnDef>
					<enabled>False</enabled>
					<version>1</version>
				</li>
				<li>
					<pawnDef>Mech_Lancer</pawnDef>
					<enabled>False</enabled>
					<version>1</version>
				</li>
				<li>
					<pawnDef>Mech_Scyther</pawnDef>
					<enabled>False</enabled>
					<version>1</version>
				</li>
				<li>
					<pawnDef>Mech_Pikeman</pawnDef>
					<enabled>False</enabled>
					<version>1</version>
				</li>
			</AllRaceSettings_NewTemp>
		</soyuzSettings_NewTemp>
	</ModSettings>
</SettingsBlock>