﻿<?xml version="1.0" encoding="utf-8"?>
<mods>
  <fluffy.blueprints>2.15.129</fluffy.blueprints>
  <ColonyGroups>1.3.8</ColonyGroups>
  <DefensivePositions>1.9.1</DefensivePositions>
  <AllowTool>3.10.0</AllowTool>
  <fluffy.areaunlocker>3.8.100</fluffy.areaunlocker>
  <fluffy.commandpalette>1.7.104</fluffy.commandpalette>
  <fluffy.desirepaths>0.8.100</fluffy.desirepaths>
  <fluffy.modmanager>3.4.962</fluffy.modmanager>
  <fluffy.followme>4.5.88</fluffy.followme>
  <fluffy.backuppower>1.9.169</fluffy.backuppower>
  <fluffy.animaltab>4.5.262</fluffy.animaltab>
  <mlie.moregraphs>1.0.1.0</mlie.moregraphs>
  <mlie.hightechlaboratoryfacilities>1.0.15.0</mlie.hightechlaboratoryfacilities>
  <Uuugggg.ReplaceStuff>1.1.0</Uuugggg.ReplaceStuff>
  <mlie.arrowplease>1.0.4.0</mlie.arrowplease>
  <com.yayo.combat3>1.2.5</com.yayo.combat3>
  <mlie.waskeleton>1.0.24.0</mlie.waskeleton>
  <mlie.advancedbiomes>1.0.2.0</mlie.advancedbiomes>
  <Gastronomy>1.3.1.0</Gastronomy>
  <mlie.convertthenrecruit>1.3.1</mlie.convertthenrecruit>
  <Hospitality>1.3.0.0</Hospitality>
  <JPT_HumanResources>1.1</JPT_HumanResources>
  <GiddyUpCore>4.1.2</GiddyUpCore>
  <Therapy>1.1.2</Therapy>
  <SearchAndDestroy>1.3.0</SearchAndDestroy>
  <RunAndGun>4.0.0</RunAndGun>
  <CodeOptimist.JobsOfOpportunity>3.2.0</CodeOptimist.JobsOfOpportunity>
  <mlie.nowaternolife>1.3.1</mlie.nowaternolife>
  <mlie.deeprim>1.3.4</mlie.deeprim>
  <Children>1.7.0.0</Children>
  <mlie.prisonerarena>1.0.8.0</mlie.prisonerarena>
</mods>