﻿<?xml version="1.0" encoding="utf-8"?>
<Mods>
  <mod packageId="brrainz.harmony" />
  <mod packageId="Ludeon.RimWorld" />
  <mod packageId="Ludeon.RimWorld.Royalty" />
  <mod packageId="brrainz.achtung" />
  <mod packageId="syrchalis.setupcamp" />
  <mod packageId="rimfridge.kv.rw" />
  <mod packageId="JintuziLamian.Hairstyle.AFUWomenshairstyles" />
  <mod packageId="BBBBilly.PhantomCore" />
  <mod packageId="rwmt.Multiplayer" />
  <mod packageId="rwmt.MultiplayerCompatibility" />
  <mod packageId="UnlimitedHugs.HugsLib" />
  <mod packageId="roolo.whatthehack" />
  <mod packageId="VanillaExpanded.VFESecurity" />
  <mod packageId="VanillaExpanded.VCEF" />
  <mod packageId="OskarPotocki.VFE.Mechanoid" />
  <mod packageId="VanillaExpanded.VEE" />
  <mod packageId="smashphil.neceros.srtsexpanded" />
  <mod packageId="Albion.SparklingWorlds.Full" />
  <mod packageId="PeteTimesSix.SimpleSidearms" />
  <mod packageId="Nykot.RPGStyleInventory" />
  <mod packageId="roolo.RunAndGun" />
  <mod packageId="com.RimWorld.Nales.ReliableArmors" />
  <mod packageId="automatic.recipeicons" />
  <mod packageId="Haplo.PowerSwitch" />
  <mod packageId="Vanya.Polarisbloc.StorytellerIncidentsPack" />
  <mod packageId="Mlie.PickUpAndHaul" />
  <mod packageId="notfood.MendAndRecycle" />
  <mod packageId="JintuziLamian.Hairstyle.AFUMenshairstyles" />
  <mod packageId="dhultgren.keepbedownership" />
  <mod packageId="erdelf.HumanoidAlienRaces" />
  <mod packageId="Orion.Hospitality" />
  <mod packageId="Gloomy.GloomyFace" />
  <mod packageId="LingLuo.PrepareCarefully" />
  <mod packageId="dubwise.dubsmintminimap" />
  <mod packageId="Dubwise.DubsMintMenus" />
  <mod packageId="Dubwise.DubsBadHygiene" />
  <mod packageId="gguake.ai.dsfi" />
  <mod packageId="Troopersmith1.DeathRattle" />
  <mod packageId="avilmask.CommonSense" />
  <mod packageId="jelly.caravangear" />
  <mod packageId="neceros.badcanbegood" />
  <mod packageId="com.bymarcin.ArchitectIcons" />
  <mod packageId="Oblitus.AnimalsLogic" />
  <mod packageId="OskarPotocki.VanillaFactionsExpanded.Core" />
  <mod packageId="Mlie.FalloutTraits" />
  <mod packageId="moretraitslots.kv.rw" />
  <mod packageId="neceros.srtserealismpatch" />
  <mod packageId="Spino.MechanoidsExtraordinaire" />
  <mod packageId="Orion.MoreMechanoids" />
  <mod packageId="VanillaExpanded.VWE" />
  <mod packageId="VanillaExpanded.VWEQ" />
  <mod packageId="VanillaExpanded.VWEG" />
  <mod packageId="VanillaExpanded.VWEHW" />
  <mod packageId="VanillaExpanded.VWEL" />
  <mod packageId="Peppsen.PMusic" />
  <mod packageId="Sadjuuk.UNColony" />
  <mod packageId="notfood.SeedsPlease" />
  <mod packageId="Aoba.Fortress.Neolithic" />
  <mod packageId="aRandomKiwi.RimThemes" />
  <mod packageId="Rudo.HairPiracy" />
  <mod packageId="fluffy.fluffybreakdowns" />
  <mod packageId="BBBBilly.NB" />
  <mod packageId="mobius.royaltytweaks" />
  <mod packageId="com.yayo.lostTechCore.1" />
  <mod packageId="me.samboycoding.betterloading" />
  <mod packageId="Unknown.NB" />
  <mod packageId="Ryusa.StellarisTheme" />
  <mod packageId="neceros.reinforcedwalls" />
  <mod packageId="Proxyer.DESurgeries.DESurgeries" />
  <mod packageId="rimsenal.EVP" />
  <mod packageId="rimsenal.hair" />
  <mod packageId="sumghaiCoalcat.DefensiveMachineGunTurretPack" />
  <mod packageId="neceros.vanillaironandsteel" />
  <mod packageId="Wemd.SimpleCoal" />
  <mod packageId="zylle.MapDesigner" />
  <mod packageId="Wemd.ReinforcedDoors" />
  <mod packageId="yayo.RimWorldRealFoW" />
  <mod packageId="Sladki.AmmoTweaksCE" />
  <mod packageId="ChJees.Androids" />
  <mod packageId="CETeam.CombatExtended" />
  <mod packageId="Arekan.EnhancedCombatSounds" />
  <mod packageId="roolo.giddyupcore" />
  <mod packageId="roolo.giddyupbattlemounts" />
  <mod packageId="roolo.giddyupcaravan" />
  <mod packageId="roolo.giddyupmechanoids" />
  <mod packageId="roolo.giddyuprideandroll" />
  <mod packageId="Custom.GunshotSounds" />
  <mod packageId="shakeyourbunny.hdhterrainhtexturehpack" />
  <mod packageId="jecrell.jecstools" />
  <mod packageId="Mlie.MoreFactionInteraction" />
  <mod packageId="None1637.MulitiRaid" />
  <mod packageId="LtBob.PreemptiveStrike.Rimworld" />
  <mod packageId="Rah.RBSEHC" />
  <mod packageId="Woolstrand.RealRuins" />
  <mod packageId="Mlie.RealisticHumanSounds" />
  <mod packageId="Cabbage.RimCities" />
  <mod packageId="Fuji.SRTS.RimHeli" />
  <mod packageId="Mlie.RoadsOfTheRim" />
  <mod packageId="user19990313.RuntimeGC" />
  <mod packageId="roolo.SearchAndDestroy" />
  <mod packageId="sarg.smartspeed" />
  <mod packageId="Mlie.StockpileStackLimit" />
  <mod packageId="VanillaExpanded.VFECore" />
  <mod packageId="com.yayo.combat3" />
  <mod packageId="brrainz.zombieland" />
  <mod packageId="Ravvy.AMW" />
  <mod packageId="Wemd.RealisticDarkness" />
  <mod packageId="Mlie.ExpandedIncidents" />
  <mod packageId="majorhoff.rimthreaded" />
  <mod packageId="OskarPotocki.VanillaFactionsExpanded.SettlersModule" />
  <mod packageId="CETeam.CombatExtendedGuns" />
  <mod packageId="automatic.gunplay" />
  <mod packageId="Odeum.WMBP" />
  <mod packageId="torann.BackupPower" />
  <mod packageId="shadow.spaiomegapatch" />
  <mod packageId="VanillaExpanded.VPlantsE" />
  <mod packageId="Meltup.BeautifulOutdoors" />
  <mod packageId="Community.Psychology.UnofficialUpdate" />
  <mod packageId="crlsniper.realisticrooms" />
  <mod packageId="DerekBickley.LegacyTerrainOverhaulFinal" />
  <mod packageId="Mlie.SimplyMoreBridges" />
  <mod packageId="VanillaExpanded.VCookE" />
  <mod packageId="sarg.alphabiomes" />
  <mod packageId="kentington.saveourship2" />
  <mod packageId="sarg.alphaships" />
  <mod packageId="zylle.MoreVanillaBiomes" />
  <mod packageId="SaucyPigeon.RealisticPlanets" />
  <mod packageId="SaucyPigeon.WildCultivation" />
  <mod packageId="fluffy.blueprints" />
  <mod packageId="Uuugggg.ReplaceStuff" />
  <mod packageId="bbbbilly.ancienthuman" />
  <mod packageId="bbbbilly.bionicstomach" />
  <mod packageId="Harkon.DF.Dusk" />
  <mod packageId="Botaxalim.ExpandedGunNamesPatch" />
  <mod packageId="Harkon.GunNut.Chapter1" />
  <mod packageId="Harkon.GunNut.Community" />
  <mod packageId="Harkon.GunNut.FNSCAR" />
  <mod packageId="RWZH.ChinesePack.GunNut" />
  <mod packageId="bbbbilly.hobofirebarrel" />
  <mod packageId="WexMan.MinesHardcore" />
  <mod packageId="turnovus.submod.backpacksarenotbelts" />
  <mod packageId="kapa.PawnName_ZH" />
  <mod packageId="Kyrrisayo.RealGunNames" />
  <mod packageId="Krkr.RocketMan" />
  <mod packageId="Sandy.RPGStyleInventory.avilmask.Revamped" />
  <mod packageId="ALIEN.SovietArmory" />
  <mod packageId="VanillaExpanded.VTEXVariations" />
  <mod packageId="CP.British.Military.Kit" />
  <mod packageId="RH.Faction.Elite.Crew" />
  <mod packageId="SR.ModRimworld.FactionalWar" />
  <mod packageId="TMC.EFT.Melee" />
  <mod packageId="FLASHPOINT55.RPGStyleLevelUpMod" />
  <mod packageId="WXTY.CampingStuffContinue" />
  <mod packageId="Carolusclen.DLC.WMBP.mvb" />
  <mod packageId="IssacZhuang.PLA.Armory" />
  <mod packageId="KurtusMob.WastelandCompendium" />
  <mod packageId="automatic.startupimpact" />
  <mod packageId="Harkon.GunNut.AACHoneyBadger" />
  <mod packageId="Harkon.GunNut.ColtAnaconda" />
  <mod packageId="Harkon.GunNut.DTMDRX" />
  <mod packageId="Harkon.GunNut.SIGSauerNGSW" />
  <mod packageId="rimsenal.feral" />
  <mod packageId="TMC.Armory.Sidearms.1" />
  <mod packageId="jelly.transportcargopod" />
  <mod packageId="CP.RimmuNation.Clothing" />
  <mod packageId="CP.RimmuNation.Security" />
  <mod packageId="bbbbilly.stoneaxe" />
  <mod packageId="redstonerev.novanmusiconeone" />
  <mod packageId="sfish.TWDMusic" />
  <mod packageId="CP.Rimdeed" />
  <mod packageId="Owlchemist.SimpleChains.Steel" />
  <mod packageId="WexMan.Mines" />
  <mod packageId="SR.ModRimworld.RaidExtension" />
  <mod packageId="Ludeon.RimWorld.Ideology" />
  <mod packageId="latta.fsharp.core" />
  <mod packageId="latta.devl10n" />
  <mod packageId="kapa.PawnNameZH" />
  <mod packageId="trinity.RuntimeGCupdated" />
  <mod packageId="EdB.PrepareCarefully" />
  <mod packageId="UnlimitedHugs.AllowTool" />
  <mod packageId="brrainz.cameraplus" />
  <mod packageId="FrozenSnowFox.FilthVanishesWithRainAndTime" />
  <mod packageId="CaesarV6.DamageIndicators" />
  <mod packageId="Uuugggg.ShareTheLoad" />
  <mod packageId="jkluch.HaulToStack" />
  <mod packageId="Mehni.PickUpAndHaul" />
  <mod packageId="Uuugggg.MiningPriority" />
  <mod packageId="hatti.qualitysurgeon" />
  <mod packageId="eagle0600.dressPatients" />
  <mod packageId="Mlie.HardworkingAnimals" />
  <mod packageId="CrashM.ColorCodedMoodBar.11" />
  <mod packageId="Jaxe.Bubbles" />
  <mod packageId="Murmur.SubsurfaceConduit" />
  <mod packageId="avius.locks" />
  <mod packageId="UnlimitedHugs.DefensivePositions" />
  <mod packageId="Vanya.Tools.IncidentPersonStat" />
  <mod packageId="PeteTimesSix.CompactHediffs" />
  <mod packageId="bodlosh.WeaponStats" />
  <mod packageId="vanillaexpanded.achievements" />
  <mod packageId="fyarn.EasySpeedup" />
  <mod packageId="Indeed.StackXXL" />
  <mod packageId="TradingControl.Common.Core" />
  <mod packageId="Lysh.ImPig" />
  <mod packageId="BOXrsxx.MorePracticalTraits" />
  <mod packageId="Jaxe.RimHUD" />
  <mod packageId="NotooShabby.AwesomeInventory" />
  <mod packageId="tfaivre.RichTradersRoyalty" />
  <mod packageId="showhair.kv.rw" />
  <mod packageId="configurablemaps.kv.rw" />
  <mod packageId="Banneronisan.GeneralStone" />
  <mod packageId="changedresser.kv.rw" />
  <mod packageId="UnlimitedHugs.MapReroll" />
  <mod packageId="hatti.qualitybuilder" />
  <mod packageId="Dubwise.DubsPaintShop" />
  <mod packageId="ratys.madskills" />
  <mod packageId="zlj.staticQualityPlus" />
  <mod packageId="leafzxg.MasterOfCrafting" />
  <mod packageId="leafzxg.MasterOfCooking" />
  <mod packageId="leafzxg.ThrumboExtension" />
  <mod packageId="Udon.AnimalDictionary" />
  <mod packageId="Mlie.RimBank" />
  <mod packageId="erdelf.PrisonerRansom" />
  <mod packageId="avius.prisonlabor" />
  <mod packageId="Madeline.ModMismatchFormatter" />
  <mod packageId="com.github.alandariva.moreplanning" />
  <mod packageId="FLASHPOINT55.HumanPowerGeneratorMod" />
  <mod packageId="Mlie.SdAdvancedPowergeneration" />
  <mod packageId="wit.expandedroofing" />
  <mod packageId="Mlie.CentralizedClimateControl" />
  <mod packageId="Mlie.ElectricFencesAndFloors" />
  <mod packageId="Murmur.WallLight" />
  <mod packageId="temeez.floorlights" />
  <mod packageId="ratys.rtsolarflareshield" />
  <mod packageId="ratys.rtfuse" />
  <mod packageId="Spdskatr.ssBiggerBatteries" />
  <mod packageId="spdskatr.projectrimfactory" />
  <mod packageId="Spdskatr.ssBatteryFuse" />
  <mod packageId="4loris4.MoreLinkables" />
  <mod packageId="aRandomKiwi.MercenariesForMe" />
  <mod packageId="aRandomKiwi.GuardsForMe" />
  <mod packageId="UnlimitedHugs.RemoteTech" />
  <mod packageId="spincrus.dinosauria" />
  <mod packageId="GT.Sam.TilledSoil" />
  <mod packageId="spoonshortage.rimkea" />
  <mod packageId="tammybee.statueofcolonist" />
  <mod packageId="None1637.RaidCaller.Normal" />
  <mod packageId="Smuffle.HarvestOrgansPostMortem" />
  <mod packageId="Bichang.MoreSculpture" />
  <mod packageId="Ogliss.TheWhiteCrayon.Quarry" />
  <mod packageId="Dubwise.DubsRimkit" />
  <mod packageId="Dubwise.DubsSkylights" />
  <mod packageId="Vanya.Agent.HouseMaidNukos" />
  <mod packageId="spoonshortage.ADogSaidAnimalProsthetics" />
  <mod packageId="Fluffy.MedicalTab" />
  <mod packageId="Fluffy.AnimalTab" />
  <mod packageId="Fluffy.WorkTab" />
  <mod packageId="Energistics.TechPrimitives" />
  <mod packageId="Vanya.Agent.MangaFace" />
  <mod packageId="Vanya.Agent.MoreDetailBody" />
  <mod packageId="Vanya.Agent.MyCuteEar" />
  <mod packageId="Gloomy.GloomyHairMk2" />
  <mod packageId="BJIS.LovelyHairStyle" />
  <mod packageId="BBIS.MaidProject" />
  <mod packageId="BJIS.ABAC" />
  <mod packageId="Dubwise.Rimefeller" />
  <mod packageId="Dubwise.Rimatomics" />
  <mod packageId="None1637.HKJBlackTech.Core" />
  <mod packageId="Dylan.CSL" />
  <mod packageId="Torann.ARimworldOfMagic" />
  <mod packageId="GT.Sam.GlitterTech" />
  <mod packageId="YokaiMura.1.32" />
  <mod packageId="tachyonite.pawnmorpherpublic" />
  <mod packageId="Alaestor.QuantumCooling" />
  <mod packageId="GHXX.TechAdvancing" />
  <mod packageId="Vanya.Polarisbloc.CoreLab" />
  <mod packageId="Vanya.Polarisbloc.SecurityForce" />
  <mod packageId="Vanya.Polarisbloc.Mechenemy" />
  <mod packageId="Haplo.Miscellaneous.Core" />
  <mod packageId="Haplo.Miscellaneous.WeaponRepair" />
  <mod packageId="Haplo.Miscellaneous.TurretBaseAndObjects" />
  <mod packageId="Haplo.Miscellaneous.MapGenerator" />
  <mod packageId="Haplo.Miscellaneous.MapGenFactionbase" />
  <mod packageId="Haplo.Miscellaneous.MapGenerator.Urban" />
  <mod packageId="Haplo.Miscellaneous.BeesNHoney" />
  <mod packageId="Haplo.Miscellaneous.MAI" />
  <mod packageId="Haplo.Miscellaneous.Robots" />
  <mod packageId="Alaestor.MiscRobots.PlusPlus" />
  <mod packageId="Haplo.Miscellaneous.Incidents" />
  <mod packageId="Haplo.Miscellaneous.Training" />
  <mod packageId="Haplo.Miscellaneous.Endgame" />
  <mod packageId="syrchalis.universalfermenter" />
  <mod packageId="QX.AstraMilitarum" />
  <mod packageId="QX.AstraMilitarum.Factions" />
  <mod packageId="Topp2000.CIWS.Core" />
  <mod packageId="VanillaExpanded.VAPPE" />
  <mod packageId="VanillaExpanded.VARME" />
  <mod packageId="VanillaExpanded.VFEArt" />
  <mod packageId="VanillaExpanded.VFEFarming" />
  <mod packageId="VanillaExpanded.VFEMedical" />
  <mod packageId="VanillaExpanded.VFEProduction" />
  <mod packageId="VanillaExpanded.VFESpacer" />
  <mod packageId="VanillaExpanded.VCookEStews" />
  <mod packageId="VanillaExpanded.VCookESushi" />
  <mod packageId="VanillaExpanded.VBrewE" />
  <mod packageId="VanillaExpanded.VBrewECandT" />
  <mod packageId="VanillaExpanded.VPlantsESucculents" />
  <mod packageId="rimsenal.core" />
  <mod packageId="rimsenal.security" />
  <mod packageId="rimsenal.storyteller" />
  <mod packageId="rimsenal.federation" />
  <mod packageId="Topp2000.CIWS.Power" />
  <mod packageId="Topp2000.CIWS.Animal" />
  <mod packageId="Topp2000.CIWS.Bionic" />
  <mod packageId="Topp2000.CIWS.Defense" />
  <mod packageId="Topp2000.CIWS.Plant" />
  <mod packageId="Topp2000.CIWS.Weapon" />
  <mod packageId="Topp2000.CIWS.Miscellaneous" />
  <mod packageId="Topp2000.CIWS.ForestryBureauAuthorized" />
  <mod packageId="dismarzero.VGP.VGPVegetableGarden" />
  <mod packageId="dismarzero.VGP.VGPGardenGourmet" />
  <mod packageId="dismarzero.VGP.VGPGardenCanning" />
  <mod packageId="dismarzero.VGP.VGPGardenDrinksUF" />
  <mod packageId="dismarzero.VGP.VGPGardenMedicine" />
  <mod packageId="dismarzero.VGP.VGPGardenResources" />
  <mod packageId="dismarzero.VGP.VGPGardenTools" />
  <mod packageId="dismarzero.VGP.VGPGardenDyes" />
  <mod packageId="dismarzero.VGP.VGPGardenFabrics" />
  <mod packageId="dismarzero.VGP.VGPThreeSistersPlants" />
  <mod packageId="dismarzero.VGP.VGPMoreVeggies" />
  <mod packageId="dismarzero.VGP.VGPSoylentProduction" />
  <mod packageId="dismarzero.VGP.XtraTreesandFlowers" />
  <mod packageId="RimEffect.Core" />
  <mod packageId="RimEffect.ExtendedCut" />
  <mod packageId="RimEffect.N7" />
  <mod packageId="rimeffect.themistraders" />
  <mod packageId="Mungus.XPath.HDIconOrgansNPBA" />
  <mod packageId="rimeffect.srts.shuttle" />
  <mod packageId="rim.job.world" />
  <mod packageId="VexedTrees980.RimSkeletons" />
  <mod packageId="VexedTrees980.RimShek" />
  <mod packageId="VexedTrees980.RimUHiversI" />
  <mod packageId="Hive.Armory.Geminingen" />
  <mod packageId="RED.RimKenshi.ZH" />
  <mod packageId="Morph.AdvancedDoors" />
  <mod packageId="ChineseTranslation.AdvancedDoors" />
  <mod packageId="VanillaExpanded.VCEFAddon" />
  <mod packageId="RWZH.ChinesePack.VCEF" />
  <mod packageId="warlocksforge.fishtraps" />
  <mod packageId="ZH.warlocksforge.fishtraps" />
  <mod packageId="RH2.HandToHand" />
  <mod packageId="ZH.HandToHand" />
  <mod packageId="RH2.BCD.First.Aid" />
  <mod packageId="ZH.RH2BCDFirstAid" />
  <mod packageId="RH2.BCD.CASEVAC" />
  <mod packageId="ZH.RH2BCDCASEVAC" />
  <mod packageId="RH2.CPERS.Arrest.Here" />
  <mod packageId="ZH.RH2CPERSArrestHere" />
  <mod packageId="RH2.Faction.Task.Force.141" />
  <mod packageId="ZH.RH2.Faction.Task.Force.141" />
  <mod packageId="RH2.Faction.Rangers" />
  <mod packageId="ZH.RH2.Faction.Rangers" />
  <mod packageId="ccl.patchoperation.highlander" />
  <mod packageId="RWZH.ChinesePack.jecstools" />
  <mod packageId="VanillaExpanded.VAECD" />
  <mod packageId="VanillaExpanded.VAEAS" />
  <mod packageId="VanillaExpanded.VAED" />
  <mod packageId="VanillaExpanded.VAEED" />
  <mod packageId="VanillaExpanded.VAET" />
  <mod packageId="VanillaExpanded.VAEIS" />
  <mod packageId="VanillaExpanded.VAEBF" />
  <mod packageId="Mlie.VanillaChristmasExpanded" />
  <mod packageId="RWZH.ChinesePack.VanillaChristmasExpanded" />
  <mod packageId="VanillaExpanded.VAEAU" />
  <mod packageId="VanillaExpanded.VTEXE" />
  <mod packageId="RWZH.ChinesePack.VanillaFactionsExpandedCore" />
  <mod packageId="OskarPotocki.VanillaFactionsExpanded.MedievalModule" />
  <mod packageId="RWZH.ChinesePack.MedievalModule" />
  <mod packageId="RWZH.ChinesePack.VAAE" />
  <mod packageId="VanillaExpanded.VAEEndAndExt" />
  <mod packageId="VanillaExpanded.VAECaves" />
  <mod packageId="RWZH.ChinesePack.VAE" />
  <mod packageId="RWZH.ChinesePack.VTEXE" />
  <mod packageId="OskarPotocki.VFE.Insectoid" />
  <mod packageId="shavius.vfeinsectoids.zh" />
  <mod packageId="VSE.EmpressEvil" />
  <mod packageId="VSE.PerryPersistent" />
  <mod packageId="shavius.vpe.zh" />
  <mod packageId="shavius.vce.zh" />
  <mod packageId="VanillaExpanded.VFEPropsandDecor" />
  <mod packageId="RWZH.ChinesePack.VFEPropsandDecor" />
  <mod packageId="RWZH.ChinesePack.VFEPower" />
  <mod packageId="VSE.FreyaFierce" />
  <mod packageId="VSE.OskarObnoxious" />
  <mod packageId="VSE.MaynardMedieval" />
  <mod packageId="VSE.NeronNeolithic" />
  <mod packageId="VanillaStorytellersExpanded.WinstonWave" />
  <mod packageId="RWZH.ChinesePack.VSE" />
  <mod packageId="Ogliss.Mythos.DiseasesOverhauled" />
  <mod packageId="shavius.vbe.zh" />
  <mod packageId="RWZH.ChinesePack.VHE" />
  <mod packageId="VanillaExpanded.VBooksE" />
  <mod packageId="shavius.vbookse.zh" />
  <mod packageId="OskarPotocki.VanillaExpanded.IdeologyPatches" />
  <mod packageId="OskarPotocki.VanillaExpanded.RoyaltyPatches" />
  <mod packageId="RWZH.ChinesePack.Vikings" />
  <mod packageId="vanillaexpanded.zh" />
  <mod packageId="RWZH.ChinesePack.VanillaTraitsExpanded" />
  <mod packageId="VanillaExpanded.VWEC" />
  <mod packageId="VanillaExpanded.VWEMS" />
  <mod packageId="VanillaExpanded.VWENL" />
  <mod packageId="VanillaExpanded.VWETB" />
  <mod packageId="RWZH.ChinesePack.VWE" />
  <mod packageId="VanillaExpanded.VanillaSocialInteractionsExpanded" />
  <mod packageId="RWZH.ChinesePack.VanillaSocialInteractionsExpanded" />
  <mod packageId="shavius.vfemechanoids.zh" />
  <mod packageId="VanillaExpanded.Ideo.IconsandSymbols" />
  <mod packageId="VanillaExpanded.Ideo.RelicsAndArtifacts" />
  <mod packageId="neronix17.toolbox" />
  <mod packageId="ZH.toolbox" />
  <mod packageId="VanillaExpanded.VIEHAR" />
  <mod packageId="shavius.vie.zh" />
  <mod packageId="VanillaExpanded.VIESAS" />
  <mod packageId="ZH.Owlchemist.SeedsPleaseLite" />
  <mod packageId="VanillaExpanded.VFEArchitect" />
  <mod packageId="sol.vfearchaddon" />
  <mod packageId="RWZH.ChinesePack.HumanoidAlienRaces" />
  <mod packageId="antaioz.modmedicinepatch" />
  <mod packageId="OskarPotocki.VFE.Pirates" />
  <mod packageId="ZH.OskarPotocki.VFE.Pirates" />
  <mod packageId="vanillaexpanded.outposts" />
  <mod packageId="ZH.vanillaexpanded.outposts" />
  <mod packageId="VanillaExpanded.VFEA" />
  <mod packageId="ZH.VanillaExpanded.VFEA" />
  <mod packageId="ZH.Ogliss.Mythos.DiseasesOverhauled" />
  <mod packageId="VexedTrees980.RimRobots" />
  <mod packageId="vanillaexpanded.ui" />
  <mod packageId="ZH.vanillaexpanded.ui" />
  <mod packageId="vanillaexpanded.backgrounds" />
  <mod packageId="ZH.vanillaexpanded.backgrounds" />
  <mod packageId="ZH.OskarPotocki.VanillaExpanded.IdeologyPatches" />
  <mod packageId="ZH.Harkon.VEAddOn.VanillaExpandedExtraEmbrasures" />
  <mod packageId="ZH.antaioz.modmedicinepatch" />
  <mod packageId="Naifeito.MWA" />
  <mod packageId="ZH.Naifeito.MWA" />
  <mod packageId="ZH.sol.vfearchaddon" />
  <mod packageId="ZH.VexedTrees980.RimRobots" />
  <mod packageId="RWZH.ChinesePack.HugsLib" />
  <mod packageId="RWZH.ChinesePack.VanillaExpandedVEE" />
  <mod packageId="VanillaExpanded.VHE" />
  <mod packageId="VanillaExpanded.VanillaTraitsExpanded" />
  <mod packageId="Harkon.VEAddOn.VanillaExpandedExtraEmbrasures" />
  <mod packageId="RimEffect.AsariReapers" />
  <mod packageId="RimEffect.Drell" />
  <mod packageId="ChineseTranslation.RimEffect" />
  <mod packageId="rimsenal.Sophian" />
  <mod packageId="rimsenal.Techist" />
  <mod packageId="RWZH.ChinesePack.rimsenal" />
  <mod packageId="Owlchemist.SeedsPleaseLite" />
  <mod packageId="RWZH.ChinesePack.SettlersModule" />
  <mod packageId="OskarPotocki.VFE.Vikings" />
  <mod packageId="Sinnamon.MoreRitualRewards" />
  <mod packageId="Sinnamon.MoreRitualRewards.CNtrans" />
  <mod packageId="gon.ChinesePawnName" />
  <mod packageId="RWZH.ChinesePack.giddyup" />
  <mod packageId="CETeam.CombatExtendedMelee" />
  <mod packageId="n7huntsman.CombatExtendedWeapons" />
  <mod packageId="mi.chinesePack.combatExtended" />
  <mod packageId="RWZH.ChinesePack.saveourship2" />
  <mod packageId="zh.alphaships" />
  <mod packageId="RWZH.ChinesePack.MechanoidsExtraordinaire" />
  <mod packageId="RWZH.ChinesePack.MoreMechanoids" />
  <mod packageId="DimonSever000.CosmosReborn.Specific" />
  <mod packageId="RWZH.ChinesePack.CosmosReborn" />
  <mod packageId="DimonSever000.BackstoriesPlus.Specific" />
  <mod packageId="RWZH.ChinesePack.BackstoriesPlus" />
  <mod packageId="RWZH.ChinesePack.DubsBadHygiene" />
  <mod packageId="RWZH.ChinesePack.Rimefeller" />
  <mod packageId="RWZH.ChinesePack.Rimatomics" />
  <mod packageId="QAQ.qaq" />
  <mod packageId="Fluffy.ModManager" />
  <mod packageId="Fluffy.DesirePaths" />
  <mod packageId="Fluffy.CommandPalette" />
  <mod packageId="Fluffy.BackupPower" />
  <mod packageId="Fluffy.MusicManager" />
  <mod packageId="Fluffy.FluffyRelations" />
  <mod packageId="Fluffy.ColonyManager" />
  <mod packageId="Fluffy.FollowMe" />
  <mod packageId="Fluffy.AreaUnlocker" />
  <mod packageId="Fluffy.StuffedFloors" />
  <mod packageId="RWZH.ChinesePack.Fluffy" />
  <mod packageId="Jaxxa.EnhancedDevelopment.LaserDrill" />
  <mod packageId="Jaxxa.EnhancedDevelopment.Shields" />
  <mod packageId="Fluffy.Pharmacist" />
  <mod packageId="sarg.alphaanimals" />
  <mod packageId="QAQ.QAAAQ" />
  <mod packageId="lin.chinesePack.dinosauria" />
  <mod packageId="RWZH.ChinesePack.cameraplus" />
  <mod packageId="imranfish.xmlextensions" />
  <mod packageId="Meltup.GrandRivers.Reborn" />
  <mod packageId="400.ImpassableHChestUdeepHWater" />
  <mod packageId="Troopersmith1.Permafrost1.1" />
  <mod packageId="RWZH.ChinesePack.UnlimitedHugs" />
  <mod packageId="TRIBeagle.simpleslaverycollars" />
  <mod packageId="RWZH.ChinesePack.simpleslaverycollars" />
  <mod packageId="RWZH.ChinesePack.startupimpact" />
  <mod packageId="nephlite.orbitaltradecolumn" />
  <mod packageId="RWZH.ChinesePack.orbitaltradecolumn" />
  <mod packageId="CodeOptimist.JobsOfOpportunity" />
  <mod packageId="RWZH.ChinesePack.JobsOfOpportunity" />
  <mod packageId="com.yayo.yayoAni" />
  <mod packageId="ZH.com.yayo.yayoAni" />
  <mod packageId="Krafs.LevelUp" />
  <mod packageId="GhostRolly.Rim73" />
  <mod packageId="Mlie.RimQuest" />
  <mod packageId="RWZH.ChinesePack.RimQuest" />
  <mod packageId="CaptainMuscles.SemiRandomResearch" />
  <mod packageId="RWZH.ChinesePack.SemiRandomResearch" />
  <mod packageId="jamaicancastle.shoo" />
  <mod packageId="jamaicancastle.shoo.zh" />
  <mod packageId="RWZH.ChinesePack.dressPatients" />
  <mod packageId="Mlie.ConvertThenEnslave" />
  <mod packageId="RED.Mlie.ConvertThenEnslave.ZH" />
  <mod packageId="Mlie.ConvertThenRecruit" />
  <mod packageId="RED.Mlie.ConvertThenRecruit.ZH" />
  <mod packageId="KIT.PowerProtein" />
  <mod packageId="RWZH.ChinesePack.PowerProtein" />
  <mod packageId="m00nl1ght.GeologicalLandforms" />
  <mod packageId="roolo.AlmostThere" />
  <mod packageId="HawnHan.AlmostThere.zh" />
  <mod packageId="RWZH.ChinesePack.achtung" />
  <mod packageId="mireia.bodies" />
  <mod packageId="Meltup.AdvancedPowerPlus" />
  <mod packageId="RWZH.ChinesePack.AdvancedPowerPlus" />
  <mod packageId="CaptainMuscles.BeatYourPrisoners" />
  <mod packageId="RWZH.ChinesePack.BeatYourPrisoners" />
  <mod packageId="CaptainMuscles.Callouts" />
  <mod packageId="RWZH.ChinesePack.Callouts" />
  <mod packageId="RWZH.ChinesePack.AnimalsLogic" />
  <mod packageId="Albion.GoExplore" />
  <mod packageId="RWZH.ChinesePack.GoExplore" />
  <mod packageId="Jaxe.Bubbles.zh.hc" />
  <mod packageId="RWZH.ChinesePack.qualitybuilder" />
  <mod packageId="Side1iner.TraitsPlus" />
  <mod packageId="Side1iner.TraitsPlus.CNtrans" />
  <mod packageId="RWZH.ChinesePack.Hospitality" />
  <mod packageId="bodlosh.WeaponStats.zh.hc" />
  <mod packageId="RWZH.ChinesePack.rimkea" />
  <mod packageId="Murmur.SubsurfaceConduit.zh" />
  <mod packageId="proxyer.optionalicons4ai" />
  <mod packageId="shouer.chinesepack.RimHUD" />
  <mod packageId="moretraitslots.kv.rw.zh" />
  <mod packageId="pzqaks.HumanPowerGeneratorMod.zh" />
  <mod packageId="aRandomKiwi.RimThemes.zh.hc" />
  <mod packageId="RWZH.ChinesePack.CSL" />
  <mod packageId="RWZH.ChinesePack.DubsMintMenus" />
  <mod packageId="Zephyr.CompactHediffsZh" />
  <mod packageId="TenMoe.USFM" />
  <mod packageId="Xun.SRTSExpanded" />
  <mod packageId="CaesarV6.DamageIndicators.zh.hc" />
  <mod packageId="TradingControl.chinese" />
  <mod packageId="Gha.zh.Psychology" />
  <mod packageId="NotooShabby.AwesomeInventoryForked" />
  <mod packageId="NotooShabby.AwesomeInventoryForked.zh.hc" />
  <mod packageId="RWZH.ChinesePack.VFE" />
  <mod packageId="VanillaExpanded.VFEPower" />
  <mod packageId="syrchalis.traitvalue" />
  <mod packageId="syrchalis.lightradius" />
  <mod packageId="latta.infusion" />
  <mod packageId="Zephyr.infusion" />
  <mod packageId="syrchalis.individuality" />
  <mod packageId="syrchalis.prosthetictable" />
  <mod packageId="syrchalis.terrain" />
  <mod packageId="syrchalis.neuter" />
  <mod packageId="syrchalis.harvestyieldpatch" />
  <mod packageId="syrchalis.stonerebalance" />
  <mod packageId="RWZH.ChinesePack.doorsexpanded" />
  <mod packageId="syrchalis.bulletcasings" />
  <mod packageId="syrchalis.metallicbatteries" />
  <mod packageId="syrchalis.doormats" />
  <mod packageId="syrchalis.glowinghealroot" />
  <mod packageId="syrchalis.processor.framework" />
  <mod packageId="syrchalis.blueberries" />
  <mod packageId="RWZH.ChinesePack.Androids" />
  <mod packageId="Daemon976.moreandroidstories" />
  <mod packageId="Thoth.moreandroidstories" />
  <mod packageId="zh.WallLight" />
  <mod packageId="pzqaks.processor.framework.zh" />
  <mod packageId="ZH.m00nl1ght.GeologicalLandforms" />
  <mod packageId="FrozenSnowFox.AlwaysRearmTurrets" />
  <mod packageId="FrozenSnowFox.BetterAncientComplexLoot" />
  <mod packageId="FrozenSnowFox.BetterCampLoot" />
  <mod packageId="FrozenSnowFox.BetterPawnLendingQuest" />
  <mod packageId="FrozenSnowFox.ComplexJobs" />
  <mod packageId="Mlie.LessStupidRomanceAttempt" />
  <mod packageId="dhultgren.buryonthespot" />
  <mod packageId="RWZH.ChinesePack.buryonthespot" />
  <mod packageId="BDew.CremateAutoStrip" />
  <mod packageId="zhrocks11.NatureIsBeautiful" />
  <mod packageId="Rah.RBSE" />
  <mod packageId="RWZH.ChinesePack.RBSE" />
  <mod packageId="RWZH.ChinesePack.RBSEHC" />
  <mod packageId="UraniumGlow.Velcroboy333" />
  <mod packageId="VanillaExpanded.VAEAccessories" />
  <mod packageId="SGC.moreutilitypacks" />
  <mod packageId="RWZH.ChinesePack.moreutilitypacks" />
  <mod packageId="Ryflamer.Rimcraft.Core" />
  <mod packageId="Ryflamer.Rimcraft.AlliedRaces" />
  <mod packageId="Ryflamer.Rimcraft.Animals" />
  <mod packageId="Ryflamer.Rimcraft.Factions" />
  <mod packageId="Ryflamer.Rimcraft.Metals" />
  <mod packageId="Ryflamer.Rimcraft.OutlanderPatch" />
  <mod packageId="Ryflamer.Rimcraft.PiratePatch" />
  <mod packageId="Ryflamer.Rimcraft.Scenarios" />
  <mod packageId="Ryflamer.Rimcraft.TribalPatch" />
  <mod packageId="Ryflamer.Rimcraft.Weaponry" />
  <mod packageId="Ryflamer.Rimcraft.WeaponryPatch" />
  <mod packageId="Ryflamer.Rimcraft.Core.ZH" />
  <mod packageId="itzal.pi.bg" />
  <mod packageId="itzal.pi.sd" />
  <mod packageId="itzal.pi.mp" />
  <mod packageId="itzal.vw.eg" />
  <mod packageId="itzal.vw.emg" />
  <mod packageId="itzal.vw.cp" />
  <mod packageId="Zephyr.pi.jfhj" />
  <mod packageId="brrainz.visualexceptions" />
  <mod packageId="jecrell.doorsexpanded" />
  <mod packageId="ReGrowth.BOTR.Core" />
  <mod packageId="ReGrowth.BOTR.BorealForestExpansion" />
  <mod packageId="ReGrowth2.ExtinctAnimals" />
  <mod packageId="ReGrowth.BOTR.ColdBogExpansion" />
  <mod packageId="ReGrowth.BOTR.VolcanicIceSheet" />
  <mod packageId="ReGrowth.BOTR.EWG" />
  <mod packageId="ReGrowth.BOTR.Wastelands" />
  <mod packageId="ReGrowth.BOTR.WastelandFauna" />
  <mod packageId="ReGrowth.BOTR.TemperateForestExpansion" />
  <mod packageId="ReGrowth.BOTR.ExtinctAnimalsPack" />
  <mod packageId="ReGrowth.BOTR.TundraExpansion" />
  <mod packageId="ReGrowth.BOTR.DesertExpansion" />
  <mod packageId="RWZH.ChinesePack.BOTR" />
  <mod packageId="Uuugggg.SmartMedicine" />
  <mod packageId="Owlchemist.SmartFarming" />
  <mod packageId="pzqaks.SmartFarming.zh" />
  <mod packageId="RadZerp.neoRimNauts" />
  <mod packageId="RWZH.ChinesePack.neoRimNauts" />
  <mod packageId="aRandomKiwi.RimSaves" />
  <mod packageId="RWZH.ChinesePack.RimSaves" />
  <mod packageId="yrtwof.Rimpedia" />
  <mod packageId="shavius.rimpedia.zh" />
  <mod packageId="Mlie.ShowMeYourHands" />
  <mod packageId="shavius.yayocombat3.zh" />
  <mod packageId="Doug.NoJobAuthors" />
  <mod packageId="weilbyte.snapout" />
  <mod packageId="RWZH.ChinesePack.snapout" />
  <mod packageId="aRandomKiwi.HuntForMe" />
  <mod packageId="aRandomKiwi.KillForMe" />
  <mod packageId="aRandomKiwi.RaidsForMe" />
  <mod packageId="RWZH.ChinesePack.RoadsOfTheRim" />
  <mod packageId="automatic.traderships" />
  <mod packageId="RWZH.ChinesePack.traderships" />
  <mod packageId="RWZH.ChinesePack.ExpandedIncidents" />
  <mod packageId="nilchei.dynamicdiplomacy" />
  <mod packageId="shavius.dynamicdiplomacy.zh" />
  <mod packageId="com.yayo.lostTechCore.2" />
  <mod packageId="yayo.lostTechCore.2.CNtrans" />
  <mod packageId="Cozarkian.VarietyMattersDT" />
  <mod packageId="Cozarkian.VarietyMattersImproved" />
  <mod packageId="RWZH.ChinesePack.VarietyMattersImproved" />
  <mod packageId="nilchei.powerfulpsycastai" />
  <mod packageId="RWZH.ChinesePack.powerfulpsycastai" />
  <mod packageId="Mlie.YYRealFogofWar" />
  <mod packageId="RWZH.ChinesePack.YYRealFogofWar" />
  <mod packageId="tikubonn.RemoteDetonator" />
  <mod packageId="ZH.tikubonn.RemoteDetonator" />
  <mod packageId="HG.Originals.F3" />
  <mod packageId="ZH.HG.Originals.F3" />
  <mod packageId="RWZH.ChinesePack.RimCities" />
  <mod packageId="tikubonn.DiceOfDestiny" />
  <mod packageId="ZH.tikubonn.DiceOfDestiny" />
  <mod packageId="SalmonToastie.JointBattles" />
  <mod packageId="RWZH.ChinesePack.JointBattle" />
  <mod packageId="Mlie.DInterestsFramework" />
  <mod packageId="Mlie.Interests" />
  <mod packageId="avius.locks.ZH" />
  <mod packageId="DimonSever000.GunTab.Specific" />
  <mod packageId="DimonSever000.ApparelTab.Specific" />
  <mod packageId="DimonSever000.ApparelTabandGunTab.SpecificZHbyGL" />
  <mod packageId="Owlchemist.ToggleableReadouts" />
  <mod packageId="pzqaks.ToggleableReadouts.zh" />
  <mod packageId="Carnagion.ArtifactsExpanded" />
  <mod packageId="Thoth.ArtifactsExpanded" />
  <mod packageId="LegendaryMinuteman.MAI" />
  <mod packageId="LegendaryMinuteman.MAIZHbyGL" />
  <mod packageId="DimonSever000.Darknet.Specific" />
  <mod packageId="DimonSever000.Darknet.SpecificZHbyGL" />
  <mod packageId="kikohi.forsakens" />
  <mod packageId="RWZH.ChinesePack.forsakens" />
  <mod packageId="Alias.CampingStuff" />
  <mod packageId="pzqaks.CampingStuff.zh" />
  <mod packageId="DimonSever000.PsionicPlus.Specific" />
  <mod packageId="pzqaks.PsionicPlus.zh" />
  <mod packageId="DimonSever000.RPGTraits.Specific" />
  <mod packageId="DimonSever000.RPGTraits.SpecificZHbyGL" />
  <mod packageId="Oblitus.MyLittlePlanet" />
  <mod packageId="Oblitus.MyLittlePlanet.ZH" />
  <mod packageId="Orion.CashRegister" />
  <mod packageId="Orion.Gastronomy" />
  <mod packageId="saloid.DynamicEconomy" />
  <mod packageId="saloid.DynamicEconomy.zh" />
  <mod packageId="DimonSever000.Mechanoid.Specific" />
  <mod packageId="DimonSever000.Mechanoid.SpecificZHbyGL" />
  <mod packageId="nilchei.insectoidsevolved" />
  <mod packageId="RED.nilchei.insectoidsevolved.ZH" />
  <mod packageId="DimonSever000.Events.Specific" />
  <mod packageId="DimonSever000.Events.SpecificZHbyGL" />
  <mod packageId="TreasureHunter.velcroboy333" />
  <mod packageId="TreasureHunter.velcroboy333.ZH" />
  <mod packageId="AsGAlligator.MonsterHunterRimWorld" />
  <mod packageId="Laftod.ChinesePack.MonsterHunterRimWorld" />
  <mod packageId="Kure.AROM" />
  <mod packageId="TrVi.KRMCE" />
  <mod packageId="Zephyr.Gastronomyzh" />
  <mod packageId="VK.PawnmorpherCN" />
  <mod packageId="Mlie.AdvancedBiomes" />
  <mod packageId="Carolusclen.DLC.WMBP.abc" />
  <mod packageId="WindowsXP.RealisticPlanets" />
  <mod packageId="Carolusclen.DLC.WMBP.rp" />
  <mod packageId="Mlie.LiveWithThePain" />
  <mod packageId="pzqaks.LiveWithThePain.zh" />
  <mod packageId="Afld.AnimalsPreferGrazing" />
  <mod packageId="LadyCookie.VTEExpansion" />
  <mod packageId="LadyCookie.VTEExpansion.ZH" />
  <mod packageId="sargoskar.witcherhunt" />
  <mod packageId="Kommisaar.ChinesePack.WitcherMonsterHunt" />
  <mod packageId="Saakra.Empire" />
  <mod packageId="RWZH.ChinesePack.Empire" />
  <mod packageId="BiomesTeam.BiomesCore" />
  <mod packageId="QWA.AWQ" />
  <mod packageId="BiomesTeam.BiomesIslands" />
  <mod packageId="QWA.AWQS" />
  <mod packageId="BiomesTeam.Oasis" />
  <mod packageId="ZH.BiomesTeam.Oasis" />
  <mod packageId="QA.QQIJQ" />
  <mod packageId="raidataglance.1trickPwnyta" />
  <mod packageId="Joedox.visibleraidpoints.1trickPonyta.Fr" />
  <mod packageId="miyamiya.compressedraid.latest" />
  <mod packageId="hahkethomemah.simplepersonalities" />
  <mod packageId="hahkethomemah.simplepersonalities.module2" />
  <mod packageId="ZH.123Personalities" />
  <mod packageId="ZH.123Personalities.2" />
  <mod packageId="kikohi.sometimesraidsgowrongforked" />
  <mod packageId="visibleraidpoints.1trickPonyta" />
  <mod packageId="saythatagain.1trickPwnyta" />
  <mod packageId="CaptainMuscles.NoPawnLeftBehind" />
  <mod packageId="brrainz.carefulraids" />
  <mod packageId="Mlie.ICantFixThat" />
  <mod packageId="Moony.RepairItems" />
  <mod packageId="Moony.RepairItems.CNtrans" />
  <mod packageId="theeyeofbrows.fluffybreakdowns" />
  <mod packageId="MrRavenFace.IconTophat" />
  <mod packageId="hobtook.tradeui" />
  <mod packageId="Mlie.RelevantStatsInDescription" />
  <mod packageId="Dubwise.DubsPerformanceAnalyzer" />
  <mod packageId="Taranchuk.PerformanceOptimizer" />
  <mod packageId="Nowano.RimWorldRealFoW" />
  <mod packageId="pzqaks.RimWorldRealFoW.zh" />
  <mod packageId="Mehni.Numbers" />
  <mod packageId="telardo.NumbersTraitAddOn" />
  <mod packageId="n7huntsman.CombatExtendedShields" />
  <mod packageId="Mlie.CombatEffectsforCE" />
  <mod packageId="Mlie.SDBridges" />
  <mod packageId="Gha.zh.SDBridges" />
  <mod packageId="DerekBickley.LTOColonyGroupsFinal" />
  <mod packageId="zh.LTOColonyGroupsFinal" />
  <mod packageId="XeoNovaDan.RimworldFavourites" />
  <mod packageId="RED.XeoNovaDan.RimworldFavourites.ZH" />
  <mod packageId="tidal.morevanilla.textures" />
  <mod packageId="bs.oversizedapparel" />
  <mod packageId="CarnySenpai.EnableOversizedWeapons" />
  <mod packageId="LWM.DeepStorage" />
  <mod packageId="RWZH.ChinesePack.DeepStorage" />
  <mod packageId="3HSTltd.UsefulAncientCrates" />
  <mod packageId="JGH.MechanoidBench2" />
  <mod packageId="RWZH.ChinesePack.MechanoidBench2" />
  <mod packageId="PitchStone.HeavyMeleeWeapons" />
  <mod packageId="ChineseTranslation.HeavyMeleeWeapons" />
  <mod packageId="Bx395.WarhiveSeries.MechReconHive" />
  <mod packageId="ZH.Bx395.WarhiveSeries.MechReconHive" />
  <mod packageId="Vambypants111.EpicHRivers" />
  <mod packageId="TheGoofyOne.AmazonianRiver" />
  <mod packageId="VinaLx.ResearchPalForked" />
  <mod packageId="HawnHan.researchpalforked.zh" />
  <mod packageId="Mlie.RimWriter" />
  <mod packageId="RWZH.ChinesePack.rimwriter" />
  <mod packageId="JPT.HumanResources" />
  <mod packageId="legodude17.legobricks" />
  <mod packageId="rupal.rimpymodmanagerdatabase" />
  <mod packageId="Syrus.SimpleSidearmsSwitchWeapon" />
  <mod packageId="pzqaks.SimpleSidearmsSwitchWeapon.zh" />
  <mod packageId="netrve.usemelee" />
  <mod packageId="Mlie.HighTechLaboratoryFacilities" />
  <mod packageId="Thoth.HighTechLaboratoryFacilities" />
  <mod packageId="Mlie.ArrowPlease" />
  <mod packageId="Mlie.MeleePlease" />
  <mod packageId="ReGrowth.BOTR.AspenForest" />
  <mod packageId="com.yayo.caravanVisual" />
  <mod packageId="com.yayo.meteor" />
  <mod packageId="com.yayo.nature" />
  <mod packageId="hobtook.mortaraccuracy" />
  <mod packageId="com.yayo.rimstocks2" />
  <mod packageId="Orion.Therapy" />
  <mod packageId="RWZH.ChinesePack.Therapy" />
  <mod packageId="Mlie.Suppression" />
  <mod packageId="Sk.WeaponMastery" />
  <mod packageId="ZH.Sk.WeaponMastery" />
  <mod packageId="Dubwise.DubsPerformanceAnalyzer.CNTrans" />
  <mod packageId="Zephyr.suppressionzh" />
  <mod packageId="pzqaks.PerformanceOptimize.zh" />
  <mod packageId="asavikle.XML.Extensions.cn" />
  <mod packageId="RWZH.ChinesePack.rimstocks2" />
  <mod packageId="bs.betterlog" />
  <mod packageId="pzqaks.betterlog.zh" />
  <mod packageId="Mlie.MoreGraphs" />
  <mod packageId="Seigai.ChinesePack.MoreGraphs" />
  <mod packageId="Naga.ColonyRecords" />
  <mod packageId="Naga.ColonyRecords.zh" />
  <mod packageId="Owlchemist.CeilingUtilities" />
  <mod packageId="Owlchemist.FridgeUtilities" />
  <mod packageId="Owlchemist.WallUtilities" />
  <mod packageId="ZH.Owlchemist.SimpleUtilitiesSeries" />
  <mod packageId="itchyflea.medicaltraining" />
  <mod packageId="itchyflea.medicaltraining.chinese" />
  <mod packageId="Owlchemist.UndergroundPowerConduits" />
  <mod packageId="RED.Owlchemist.UndergroundPowerConduits.ZH" />
  <mod packageId="n7huntsman.combatshields" />
  <mod packageId="Techmago.BootsnStuff" />
  <mod packageId="RWZH.ChinesePack.BootsnStuff" />
  <mod packageId="Simmin.PowerTools" />
  <mod packageId="ChineseTranslation.Power Tools" />
  <mod packageId="Mlie.WaSkeleton" />
  <mod packageId="RWZH.ChinesePack.WaSkeleton" />
  <mod packageId="VanillaExpanded.VWEFT" />
  <mod packageId="VanillaExpanded.VPlantsEMore" />
  <mod packageId="Wmo.SOSandRimatomicsCP" />
  <mod packageId="Wmo.SOSandRimatomicsCP.Chinesetranslation" />
  <mod packageId="shavius.vbookse.addon.zh" />
  <mod packageId="VanillaExpanded.Ideo.Dryads" />
  <mod packageId="telardo.Epitaph" />
  <mod packageId="ZH.Epitaph" />
  <mod packageId="Owlchemist.SimpleChains.Leather" />
  <mod packageId="Owlchemist.SimpleChains.Lumber" />
  <mod packageId="iforgotmysocks.CaravanAdventures" />
  <mod packageId="ZH.iforgotmysocks.CaravanAdventures" />
  <mod packageId="O.inf.reinforce" />
  <mod packageId="FB.ChinesePack.Reinforce" />
  <mod packageId="Mlie.Tenants" />
  <mod packageId="Mlie.Tenants.zhcn" />
  <mod packageId="Helixien.Additions" />
  <mod packageId="shavius.helixienadditions.zh" />
  <mod packageId="VanillaExpanded.VMemesE" />
  <mod packageId="Atkana.PassiveCover" />
  <mod packageId="ZH.Atkana.PassiveCover" />
  <mod packageId="ZH.Owlchemist.SimpleChainsSeries" />
  <mod packageId="Torann.RimWar" />
  <mod packageId="RWZH.ChinesePack.RimWar" />
  <mod packageId="ZLJ.ChinesePack.DevInYourLanguage" />
  <mod packageId="troopersmith1.BWP" />
  <mod packageId="shavius.betterwoolproduction.zh" />
  <mod packageId="PureMJ.MjRimMods.WhileYouAreNearby" />
  <mod packageId="Carolusclen.DLC.WMBP" />
  <mod packageId="laast.WorldMapEnhanced" />
  <mod packageId="latta.devl10n.zh" />
  <mod packageId="RWZH.ChinesePack.srtsexpanded" />
  <mod packageId="Mlie.WikiRim" />
  <mod packageId="ZH.WikiRim" />
  <mod packageId="CarnySenpai.TraitRarityColors" />
  <mod packageId="ZH.TraitRarityColors" />
  <mod packageId="VanillaExpanded.VanillaTradingExpanded" />
  <mod packageId="ZH.VanillaExpanded.VanillaTradingExpanded" />
  <mod packageId="sarg.giddyupsaddles" />
  <mod packageId="UdderlyEvelyn.ShowStuffCategories" />
  <mod packageId="densevoid.hui.personalworkcat" />
  <mod packageId="RED.densevoid.hui.personalworkcat.ZH" />
  <mod packageId="VSE.DiegoIndustrial" />
  <mod packageId="VSE.IgorInvader" />
  <mod packageId="battlemage64.PeopleCanChange" />
  <mod packageId="RWZH.ChinesePack.PeopleCanChange" />
  <mod packageId="RWZH.ChinesePack.zombieland" />
  <mod packageId="machine.betterinfestations" />
  <mod packageId="RWZH.ChinesePack.betterinfestations" />
  <mod packageId="bustedbunny.SlaveRebellionsImproved" />
  <mod packageId="bustedbunny.SlaveRebellionsImproved.CNtrans" />
  <mod packageId="OdysseyScorpio.GlitterWorldPrime.20200411" />
  <mod packageId="asavikle.GlitterWorldPrime.20200411.cn" />
  <mod packageId="Ogre.OgreStack" />
  <mod packageId="VanillaExpanded.VAETF" />
  <mod packageId="VanillaExpanded.VAETR" />
  <mod packageId="VanillaExpanded.VAETS" />
  <mod packageId="Owlchemist.CleanPathfinding" />
  <mod packageId="freemapa.freewill" />
  <mod packageId="freemapa.freewill.CNtrans" />
  <mod packageId="Zephyr.GuardsForMeChinesetrans" />
  <mod packageId="RWZH.ChinesePack.OgreStack" />
  <mod packageId="legodude17.qualcolor" />
  <mod packageId="Revolus.AnimalsAreFun" />
  <mod packageId="jp.perfectpathing" />
  <mod packageId="Amlifurx.FunnyPack.BARs" />
  <mod packageId="Dubwise.DubsBreakMod" />
  <mod packageId="UdderlyEvelyn.WaterFreezes" />
  <mod packageId="UdderlyEvelyn.ConsistentMapStone" />
  <mod packageId="denev.SmartTurretCovering" />
  <mod packageId="Mlie.NoWaterNoLife" />
  <mod packageId="dhultgren.smarterconstruction" />
  <mod packageId="RED.UdderlyEvelyn.WaterFreezes.ZH" />
  <mod packageId="denev.SmartTurretCovering_copy.chinese" />
  <mod packageId="RWZH.ChinesePack.NoWaterNoLife" />
  <mod packageId="UdderlyEvelyn.SoilRelocation" />
  <mod packageId="RED.UdderlyEvelyn.SoilRelocation.ZH" />
  <mod packageId="Jaxe.MoreRandomSeeds" />
  <mod packageId="AtomicGu.HarvestOrgansPostMortemZH" />
  <mod packageId="Owlchemist.ToggleableOverlays" />
  <mod packageId="lanilor.lootboxes" />
  <mod packageId="MrKociak.LootBoxVanillaRetexture" />
  <mod packageId="MrKociak.LootBoxNoCraft" />
  <mod packageId="Caninmyham.ThogsLandmines_copy" />
  <mod packageId="Owlchemist.PerspectiveBuildings" />
  <mod packageId="Flyingstar.EelementalChargeBlaster" />
  <mod packageId="Mlie.RaiderEmus" />
  <mod packageId="Raiderpedes.velcroboy333" />
  <mod packageId="turnovus.submod.extendedbioengineering" />
  <mod packageId="joeyjoejoeshabidoo.EvaporationPond" />
  <mod packageId="TrahsPanda.BreakfastMeals" />
  <mod packageId="better.beggars" />
  <mod packageId="ZH.better.beggars" />
  <mod packageId="Lilscoot.Wheelchairs" />
  <mod packageId="Infinite.Scavenging" />
  <mod packageId="pb3n.SimpleWarrants" />
  <mod packageId="Sarg.AlphaMemes" />
  <mod packageId="bs.mbifvte" />
  <mod packageId="ChineseTranslation.RaiderpedesADRaiderEmus" />
  <mod packageId="ZH.Scavenging" />
  <mod packageId="ZH.TrahsPanda.BreakfastMeals" />
  <mod packageId="ChineseTranslation.EelementalChargeBlaster" />
  <mod packageId="ZH.turnovus.submod.extendedbioengineering" />
  <mod packageId="ZH.Sarg.AlphaMemes" />
  <mod packageId="ZH.joeyjoejoeshabidoo.EvaporationPond" />
  <mod packageId="ZH.pb3n.SimpleWarrants" />
  <mod packageId="ZH.lanilor.lootboxes" />
  <mod packageId="ZH.Caninmyham.ThogsLandmines" />
  <mod packageId="ZH.Owlchemist.PerspectiveBuildings" />
  <mod packageId="ZH.Owlchemist.ToggleableOverlays" />
  <mod packageId="ZH.Lilscoot.Wheelchairs" />
  <mod packageId="Dubwise.DubsCentralHeating" />
  <mod packageId="ZH.AnimalsAreFun" />
  <mod packageId="GHSGKD.RealisticPlanetsZH" />
  <mod packageId="Mlie.RimStory" />
  <mod packageId="OskarPotocki.VFE.Classical" />
  <mod packageId="RealPlantCycles.velcroboy333" />
  <mod packageId="RealRanch.velcroboy333" />
  <mod packageId="tikubonn.CorpseTab" />
  <mod packageId="tikubonn.CorpseTabForAllowTool" />
  <mod packageId="ZH.tikubonn.CorpseTab" />
  <mod packageId="shavius.vfeclassical.zh" />
  <mod packageId="avilmask.SelfDyeing" />
  <mod packageId="Garethp.ReplaceStuffCompatibility" />
  <mod packageId="telardo.PipetteTool" />
  <mod packageId="Saximaphone.SkettiMod" />
  <mod packageId="ZH.Saximaphone.SkettiMod" />
  <mod packageId="legodude17.heavyweaponsreloading" />
  <mod packageId="legodude17.vfemechscp" />
  <mod packageId="legoduded17.vfea.catatrans" />
  <mod packageId="shavius.legodude17patches.zh" />
  <mod packageId="Mlie.StuffMassMatters" />
  <mod packageId="Unon.NoBurnMetal" />
  <mod packageId="RSev.ArchotechGIftsExpandedItemPool" />
  <mod packageId="bustedbunny.PrisonersAreNotSwines" />
  <mod packageId="Argon.VMEu" />
  <mod packageId="Daria40K.ExpandedMaterialsMetalsPatchOutposts" />
  <mod packageId="LWM.FuelFilter" />
  <mod packageId="CP.Uncle.Boris.Used.Furniture" />
  <mod packageId="juanlopez2008.LightsOut" />
  <mod packageId="ZH.Uncle.Boris.Used.Furniture" />
  <mod packageId="Aelanna.WeaponRacks" />
  <mod packageId="ZH.Aelanna.WeaponRacks" />
  <mod packageId="ellit.Rebels" />
  <mod packageId="Mlie.FireExtinguisher" />
  <mod packageId="Mlie.FireWarden" />
  <mod packageId="LiuYu.ChineseTrans.TheRebelAlliance" />
  <mod packageId="Jamesthe1.RimWorld.GitUpdater" />
  <mod packageId="cucumpear.animalbeds" />
  <mod packageId="densevoid.onebedtosleepwithall" />
  <mod packageId="Mlie.MultiBedRoyaltyPatch" />
  <mod packageId="Meltup.PolyamoryBeds.Vanilla" />
  <mod packageId="telardo.NoLaggyBed" />
  <mod packageId="brrainz.harmony.cn" />
  <mod packageId="cucumpear.animalbeds.zh.hc" />
  <mod packageId="Udon.MassLoveIn" />
  <mod packageId="ThatCodyGuy.SimpleUtilities.Fridge.Addon" />
  <mod packageId="Erin.Amaro" />
  <mod packageId="Erin.Chocobos" />
  <mod packageId="Erin.LizzardDoggo" />
  <mod packageId="Erin.Mountain" />
  <mod packageId="Erin.Palamutes" />
  <mod packageId="Erin.Wildlife" />
  <mod packageId="Mlie.ReGrowthExpandedWorldGeneration" />
  <mod packageId="TKK.EmpireAdvancedBiomes" />
  <mod packageId="TKK.EmpireReGrowth" />
  <mod packageId="Thoth.Erincompilations" />
  <mod packageId="ZH.Erin.Amaro" />
  <mod packageId="ZH.Erin.Chocobos" />
  <mod packageId="ZH.ThatCodyGuy.SimpleUtilities.Fridge.Addon" />
  <mod packageId="Gargamiel.PokeWorld" />
  <mod packageId="denev.SaferPasteDispenser" />
  <mod packageId="smartnutrientpastedispensers.1trickPonyta" />
  <mod packageId="denev.SaferPasteDispenser.cn" />
  <mod packageId="Thresh.PokeWorld" />
  <mod packageId="Aant.OnlineCity" />
  <mod packageId="Cozarkian.QualityFramework" />
  <mod packageId="Cozarkian.CropQuality" />
  <mod packageId="Cozarkian.QualityExpanded" />
  <mod packageId="Mlie.FuelBurning" />
  <mod packageId="Scorpio.ItemTeleporter" />
  <mod packageId="Lucifer.RealisticRooms" />
  <mod packageId="twistedsoul.ise" />
  <mod packageId="Owlchemist.Moonlight" />
  <mod packageId="DimonSever000.CompareEverything.Specific" />
  <mod packageId="RED.DimonSever000.CompareEverything.Specific.ZH" />
  <mod packageId="Thoth.FuelBurning" />
  <mod packageId="interStellar.express.zh" />
  <mod packageId="ZH.Scorpio.ItemTeleporter" />
  <mod packageId="Owlchemist.Moonlight.zh.hc" />
  <mod packageId="ComigoGames.Water.Bridges" />
  <mod packageId="ComigoGames.Water.Turrets" />
  <mod packageId="ComigoGames.Miniaturization.Kitchen" />
  <mod packageId="ComigoGames.Patches.VCESugarGrain" />
  <mod packageId="Argon.VMEuAmmo" />
  <mod packageId="asavikle.Rimdeed.moujia.cn" />
  <mod packageId="JAGYAYU.compressedraid.zh" />
  <mod packageId="ChineseTranslation.MiniaturizationKitchen" />
  <mod packageId="ZH.PatchesVCESugarGrain" />
  <mod packageId="ZH.WaterBridges" />
  <mod packageId="ZH.WaterTurrets" />
  <mod packageId="RWZH.ChinesePack.VMEu" />
  <mod packageId="Asterion.TROM.Core" />
  <mod packageId="ZH.AdrianB.TROM.Core" />
  <mod packageId="Scorpio.MechanoidFoundry" />
  <mod packageId="miyamiya.workscontroller.latest" />
  <mod packageId="asavikle.MechanoidFoundry.cn" />
  <mod packageId="AureliusVarro.Cozarkian.QualityFramework" />
  <mod packageId="JGH.MechanoidBench3" />
  <mod packageId="Argon.SaltedMeatRemake" />
  <mod packageId="asavikle.MechanoidBench3.cn" />
  <mod packageId="ZH.Argon.SaltedMeatRemake" />
  <mod packageId="VIC.Thumper" />
  <mod packageId="HalituisAmaricanous.AT" />
  <mod packageId="HalituisAmaricanous.AT.ZH" />
  <mod packageId="Thunper.zh.chinese" />
  <mod packageId="Ogliss.AliceTries.GeneSeed" />
  <mod packageId="fridgeBaron.Immortals" />
  <mod packageId="asavikle.GeneSeed.cn" />
  <mod packageId="RWZH.ChinesePack.Immortals" />
  <mod packageId="Verniy709.RealisticHumanSounds.HARPatch" />
  <mod packageId="Zeitloser.BirdsBeyond.TF" />
  <mod packageId="Zeitloser.BirdsBeyond.TRF" />
  <mod packageId="joeyjoejoeshabidoo.Rimputers" />
  <mod packageId="AlexisPopcorn.predators" />
  <mod packageId="joeyjoejoeshabidoo.Rimputers.ZH" />
  <mod packageId="ZH.AlexisPopcorn.predators" />
  <mod packageId="ZH.Zeitloser.BirdsBeyond.TF" />
  <mod packageId="Mlie.DeepRim" />
  <mod packageId="asavikle.DeepRim.cn" />
  <mod packageId="PensDecor.theholyepicpenguin" />
  <mod packageId="ZH.PensDecor.theholyepicpenguin_copy" />
</Mods>